24456	 взрослый умиляться сразу забывать прежний проказа 
24456	 сделать голос бархатистый становиться расшатывать рыжеволосый взбалтывать память она говорить погода наводнение который обещаться осень студенческий проказа 
24456	 еще какой проказа выдумывать хлесткий первый 
24456	 опять какой-нибудь проказа сказать смеяться григорий иванович 
37005	 лев пирогов муж несомненно где-то горизонт этот ужасный слово погромыхивать таз личный неустроенность профессиональный несостоятельность психопатия мочь быть даже проказа или чума 
37005	 время черный смерть европа разгромить почти весь лепрозорий убивать множество больной проказа 
37005	 это самовыражение личность это болезнь это все равный что пропагандировать проказа должный идти 
37005	 болезнь который компания направлять усилие контроль искоренение становиться висцеральный лейшманиоз болезнь шагас американский трипаносомоз сонный болезнь африканский трипаносомоз лепра проказа лимфатический филяриатоз речной слепота онхоцеркоз 
24456	 как автор книга для родитель представитель старый литературный эпоха вынуждать переписывать форматировать свой текст как инструкция воспитание ребенок сопровождать комикс который показывать ложный правильный реакция детский проказа 
37005	 черный кровь страшный болезнь проказа бог говорить именно такой кровь 
24456	 сам слово пранк быть заимствовать английский язык где существительное означать проказа шалость проделка розыгра 
37005	 они бояться общественный мнение который навешивать они ярлык прокаженный проказа болеть почему-то преимущественно мужчина может 
37005	 проказа или лепра как туберкулез 
37005	 вновь готовый переболеть любой проказа любой чума 
24456	 петь шалость любовь венерин проказа как мало соловей 
24456	 кан корсо заботливый нянька прекрасный компаньон игра обожать малыш позволять они любой шалость проказа 
24456	 про блокада рассказывать про дорога жизнь который водить поезд про детский проказа юношеский увлечение вот 
37005	 верить что быть ненависть признанный классифицировать болезнь как например проказа иностранный специалист приезжать изучать 
24456	 хотеть снова возвращаться разжиреть плюшка пряничек большеглазый дитя рыдать ночь проказа злой насмешник жестокий тихонь 
24456	 гимназия николенька быть бойкий малый всеобщий любимец главный подстрекатель зачинщик весь проказа мастер строить комичный рожа 
24456	 вспоминать наш учитель давнишний проказа общий весь выпуск знаменитый 
24456	 над учитель свой сашенька смеяться устраивать злой проказа 
24456	 унаследовать мать чисто славянский преданность друг забывать превращение веселый умненький подружка детский проказа игра великий княгиня 
24456	 она обожать малыш позволять они любой шалость проказа 
37005	 повод развод считаться также неспособность брачный сожитие бесплодие жена безвестный отсутствие один супруг неизлечимый болезнь например проказа принятие один супруг монашество 
24456	 указывать этот узкий счастливый лазейка мочь мичман хомчук тот страдать излишний любопытство удовлетворение который мочь пойти вред маркин время лицо служака годиться маркин дед набегать добродушно снисходительный усмешка строгий воспитатель наперед знать весь наивный детский проказа безмозглый школяр 
37005	 судовой врач окончательно успокаивать заявлять что инкубационный период проказа около двадцать год 
37005	 итак кроме прелюбодеяние вступление один сторона новый брак повод для законный развод быть признавать также отпадение супруга или супруга православие действительно невозможно себя представлять себя семья состоять православный христианка муж мунит последователь виссарион или член богородичный центр противоестественный порок понятно что какой санкция церковь противоестественный сожительство два лицо один пол как делать ныне многий протестант мочь быть речь ныне когда-либо будущее неспособность брачный сожитие наступать брак или являться следствие намеренный самокалечение заболевание проказа или сифилис первый поскольку делать 
37005	 средневековый мусульманский богослов аль мутанный говорить что иисус исцелять слепорожденный прокаженный именно для чтобы самый доказывать иудей что пророк поскольку прирожденный слепота проказа неизлечимый 
37005	 заболевание при амбулаторный лечение который весь лекарство указанный перечень отпускаться бесплатно относиться диабет онкологический шизофрения эпилепсия спид вич-инфекция лепра проказа психический заболевание инвалид 
37005	 еще давний время авиценный канон врачебный наука писать что волчий лыко хорошо проказа нервный болезнь головокружение 
24456	 никак они даже целоваться цикл детский проказа 
37005	 репродукция картина продаваться повсюду так как доход идти фонд борьба какой-то ужасный болезнь проказа или анорексия точно помнить 
37005	 так новый как фамилия попов как холера проказа как чума плач ребенок 
37005	 устанавливать разница причина заражение чума холера первый описывать проказа желтуха сибирский язва 
24456	 молодой барятинский лермонтов часто бывать заводила проказа шалость начальство смотреть 
24456	 тогда должный уезжать это проказа фагот все уже надоедать 
24456	 вот насилие безобразный словно проказа проникать сюда 
24456	 так что блуд уборщица дворовый шуточка разный там тити митя дамочка соседка травяной улица также щипание женский ягодица когда бывать случай включая собственный жена собственный постель вот собственно весь проказа наш селадон 
24456	 оказываться они вместе учиться омский школа милиция теперь весело вспоминать юношеский проказа 
24456	 детишки весь время сударь нелегко быть терпеть весь наш взрослый проказа 
37005	 изумруд например спасать человек лихорадка падучий болезнь проказа 
37005	 носить аметист подвергаться проказа чесотка подобный болезнь гиацинт 
37005	 народ окрестить проказа больной прокаженный 
37005	 впрочем казахстанский лепрозорий говорить что случаться среди больной самоубийство проказа непредсказуемый коварный болезнь мочь 
37005	 издавна быть отмечать что очаг лепра возникать часто все устье крупный река что они мочь существовать столетие один тот место стоить удаляться очаг хотя несколько десяток километр как вероятность заражение заболевание проказа исчезать 
37005	 его селение вывозить барс кельмес потому что начинаться проказа 
37005	 как тогда быть перемещение горизонталь тоже раз спасать чума холера проказа малярия 
37005	 освобождать мука ниспосылать человек водянка проказа лихорадка подагра тяжкий ран 
37005	 опять брать вишневый сад просто болезнь допускать проказа 
37005	 знать что плечо творческий подвиг достойный бах решать подниматься живой деяние выпускать врач уезжать африканский тропики лечить туземец вымирать сонный болезнь проказа туберкулез 
37005	 подумать только ведь кроме грипп быть еще чума холера проказа 
37005	 становиться быть быть мысль сильный весь несчастие неурожай истязание чума проказа весь который 
37005	 знакомый врач начинать наводить справка лечение проказа 
37005	 этот лечение прибегать данный случай только мазать рука энергично под влияние тревожный мысль что болезнь мой лишать проказа 
37005	 приходить убеждение что это проказа считать себя обреченный 
37005	 узнавать что петербург жить главный специалист проказа деятель борьба 
37005	 наказание мнительность записывать член учреждать общество борьба проказа 
37005	 какой это идти сравнение эпидемия чума холера проказа туберкулез 
37005	 между тяжелый хронический инфекционный заболевание проказа чисто косметический недостаток кожа 
37005	 песя считаться даже более позорный болезнь чем проказа 
37005	 разграничение понятие проказа витилиго много труд уделять 
37005	 белокожий наблюдаться при некоторый форма проказа потому смешивать этот болезнь 
37005	 если при проказа обесцвечивать участок совершенно лишенный чувствительность 
37005	 смалывать боб настаивать растительный масло смазывать они поражать проказа или белокожие место 
37005	 например чума туляремия эпидемический сыпной возвратный тиф возникать при активный участие вошь блоха высказываться предположение что клоп мочь переносить палочка чума туберкулез проказа 
37005	 рассказывать как двадцать год назад сразу после оккупация лошадиный лощина быть создавать лепрозорий карантинный лагерь для лицо страдать так называть желтый проказа или очковый болезнь 
37005	 невидимый чудовище страшно чума проказа подстерегать неосторожный 
37005	 после это бояться смерть нет чуточка бояться смерть подавать она кто хотеть хоть сам холера хоть чума проказа 
24456	 парта класс оставаться только след наш детский проказа ненадолго быть 
37005	 приходить ненадолго ельшин дева болеть зуб мочь без проказа час 
24456	 этот история который казаться должный быть вызывать серия воспоминание проказа шалость неисправимый лермонтов повлечь 
37005	 солнце жарко муха бередить парша человек болеть проказа тот этот место много 
24456	 проказа шалость оживлять весь дом 
24456	 этот строгость распространяться даже неосторожность огонь кипяток если жечь рука обвариваться кипяток падать получать повреждение при детский проказа затея естественный наказание 
24456	 вспомниться графиня который встречать там биограф пушкин дознаваться фамилия быть графиня стройновская вспоминаться тогдашний проказа шалость тешить так весело 
24456	 они глядеть как проказа шалость прелесть 
24456	 целый день ходить рассеянный смущенный отвечать бледный улыбка проказа ласка маленький принц 
24456	 давать слово тасенка никогда лазать дерево вообще стараться удерживаться шалость проказа 
24456	 сей пора пансион быть шалость детский проказа непослушание каприз 
24456	 перламутровый столик аполлон аполлонович поставлять стакан вдруг старчески рассмеяться что-то как смеяться мальчишка проказа веселый дядя локоточка толкать друг 
24456	 рыхлый нездоровый желтый лицо степа дурнин апатичный болезненный девочка живой бойкий черноглазый танюша морозкин любимица роза федоровна острый язык девочка который сторониться сверстница именно это чрезмерный умение угождать розка как называть глаз мастерская старший закройщица анютка отчаянный девочка проделывать невероятный вещь смысл шалость проказа подвергаться менее невероятный 
24456	 ненастный погода княгиня слушать музыка или смеяться проказа сычик зима развлекаться 
37005	 закрытие конгресс сопровождаться неизбежный речь министр иностранный дело всеобщий мир третейский суд международный справедливость американский врач открывать бацилла проказа теперь этот страшный болезнь оставаться 
24456	 прокаженный жрец подымать рука небо заклинать смеяться скверно знать конец праздник знать что прийти девственный посвящать бог проказа 
37005	 одесса китайский подданный ромаз пешком добираться азия одесса чтобы затем следовать паломник мекка заболевать здесь проказа помещать городской больница 
37005	 тэн ребенок отнимать проказа болеть 
24456	 воспитанница заведение разделяться три категория умница благонравный прилежный благочестивый девочка соблюдать весь монастырский правило дьявол лентяйка шалунья тайно явно нарушать предписание начальство глупый приставать один первый категория смеяться проказа дьявол смиренно опускать глаз перед 
37005	 такой минута этот валяться тьма недуг мир нельзя подходить иначе как предварительно погружаться тот самый тьма болеть тот самый проказа который грозить оно истреблять 
24456	 пробежать заяц косой проказник замысловатый свежий пороша напрыгаться налагаться крюк выкидывать сажень три под кочка улечься снежок загребать притаиться казаться свет нет мальчик плутишка заутр клюква пойти смеяться след глядеть проказа его экий увертливый подумать ведь 
24456	 вспомнить какой проказа здешний место строить 
24456	 шалость проказа своевольство хотеть большой число 
24456	 наступать зима поехать москва опять увидеть рудольф дурочка сказать она что любить она самый дело она любить как любить детский проказа шалость 
37005	 один время быть уверенный что проказа 
37005	 неужели ясно что начинаться проказа 
37005	 неужели ясно что начинаться проказа где видеть 
37005	 однажды под зловещий знак узлик проходить целый месяц ключик ждать проказа быть отчаяние что 
37005	 говорить что где-то япония уже выращивать чудовищный гибрид смертельный тропический лихорадка скрещивать бактерия столбняк сапа проказа 
37005	 несколько день назад услышать что больной проказа 
37005	 объяснять это мочь ничто иной кроме как милость всевышний видеть что проказа выходить 
37005	 отряд шутить что это проказа мой прадедушка 
37005	 анализировать повесть позиция дерматовенерология можно уверенность констатировать что князь петр страдать псориаз несмотря что современный теологический источник житие петр феврония заболевание князь часто именовать проказа хотя никакой упоминание 
37005	 что говорить местный знать что проказа передаваться воздушно-капельный путь собираться идти 
37005	 что проказа сказать марьяна опять захохотать 
37005	 поэтому случайно что государство поражать проказа коррупция госаппарат доминировать представитель 
37005	 бояться что сашенька мой быть травить как травить когда-то обнаруживаться что сам очень скоро становиться заводила проказа 
37005	 совершенно понимать впрочем наверняка понимать прислуживать немцов что этот неравенство денежный содержание прочий условие служба офицерский состав прапорщиков мичман такой контрактник сверхсрочник элитный неэлитный воинский часть свой род разделение личный состав белый черный быть проказа который разъедать или бомба который 
37005	 так что современник писать толикий проказа дозволять наследник ради чтобы 
37005	 так что современник писать толикий проказа дозволять наследник ради чтобы 
37005	 год поместный собор российский православный церковь определение повод расторжение брачный союз освящать церковь признавать качество таковой кроме прелюбодеяние вступление один сторона новый брак также отпадение супруга или супруга православие противоестественный порок неспособность брачный сожитие наступать брак или являться следствие намеренный самокалечение заболевание проказа или сифилис длительный безвестный отсутствие 
37005	 мать говорить что быть молодость веселый общительный готовый всякий проказа любить выпивать хорошо рисовать 
37005	 сказываться самолюбие копировщик что этот день таиться мстить кличка мазилка или вздумать расхрабриться подшучивать над соболевский чтобы потом при встреча чистосердечный признаваться свой проказа отправлять приживальщик оригинал 
37005	 быть веселый неприкаянный одя казин тяжелый шинель пята огромный калоша шапка ушанка толстый том китайский словарь под мышка человек неслыханный память ученость мыть рука сулема подозревать что проказа саша шпринцин маленький подвижный 
37005	 слово преподобный андрей тот что слово великий писатель мир они ложиться душа спокойно мирно соделывать терпеливый зрячий одновременно поставлять перед содетель всяческий который тихий любовный беседовать душа человеческий образ драгоценный камень страждущий иов знак свеча образ излиять мир слезать или исцелять проказа рука моисеева 
37005	 пока что разъезжать пустынный дорога зырянский край становиться республика коми редкий таежный деревня глухой лес растекаться пятно лагерный проказа 
37005	 известно быть что государь одобрять помнить его проказа что ежели разговор вдруг 
37005	 сводить они как язва болезнь сам язва болезнь великий непотребный греховный сам проказа безумный 
37005	 потом появляться черный всадник чума проказа всякий мор поражать многострадальный 
37005	 сообщать что давно уже больной проказа рано бывать 
37005	 считать проказа очень заразительный болезнь записывать 
37005	 каком-то словарь прочитывать что мнение некоторый ученый инкубационный период проказа бывать тридцать год 
37005	 приглашать место мнимый преступление профессор всеобщий радость удостоверять что пятно лицо эмсуорд признак проказа совершенно другой безобидный 
37005	 иногда думать сказать франсуа когда они проходить несколько шаг молчание что ничто мочь быть печальный это хороший проказа хорошо смерть приходить 
37005	 что все говорить потом что получаться весь очень мило что приятно весь через столько там год повидать друг друг вспомнить прошлое учитель всякий там проказа что общий 
37005	 упоминание что лара ходить коричневый платье быть участница невинный школьный проказа взрыв ветер при высадка 
37005	 любить свой родина верить что красный армия вернуться очищать советский земля фашистский проказа 
37005	 однако тут замечать если серьезно принимать что рассказывать записка сумасшедший выход иной нет нужно либо отрекаться толстой отделять общество как средний век отделять больной проказа или иной страшный прилипчивый болезнь 
37005	 александр данилович уже тот сокол что давний год только знать выдумка проказа пересмешки 
37005	 один они пассажир французский судно потерпеть кораблекрушение вод остров этот человек предполагаться проказа исключать что подозрение неосновательно 
37005	 сонет урод прославлять кривой кактус побег белена змея ящерица отверженный роды чума проказа тьма убийство беда гоморра 
37005	 знать что такой предвозвещать который без сомнение столь восторженно как чума проказа тьма убийство беда встречать 
37005	 гуля покатываться смех вместе она лелик шура добрый старушка прощать гул этот проказа она считать что играть переставлять 
37005	 охотно этот вино напоминать студенческий проказа что только выкидывать 
37005	 однажды слуга доглядывать иоасаф встречать два человек один покрывать проказа другой слепой узнавать что 
37005	 первый повесть вавилонский царство рассказываться что вавилонский царь аксеркс весь тот кто заболевать проказа удалять лес 
37005	 уже появляться серый пророк который утверждать что это проказа поэт след ночной рейд 
37005	 весь тот легкость который сходить рука этот проказа борьба объясняться что 
24456	 шалость драка проказа быть чуждый мой сын 
37005	 когда пронестись весть что социалист появляться даже наш место брат рогачев барышня субботин это так поражать наш дом как если уезд появляться чума или библейский проказа 
37005	 угроза изменять условие мой существование изолировать политический деятельность звучать так как если быть ссылать километр москва километр железный дорога примерно такой расстояние граница пустынный западный провинция китай местность где злой малярия разделять господство проказа чума 
37005	 если серьезно принимать что рассказывать записка сумасшедший выход иной нет нужно либо отрекаться толстой отделять общество как средний век отделять больной проказа или иной страшный прилипчивый болезнь 
37005	 душевный расстройство при инфекционный соматический заболевание общий отдельный орган тиф оспа полиартрит пневмония инфлуэнца хорей возвратный тиф малярия сепсис туберкулез бешенство проказа сонный болезнь 
37005	 известный хотя меньший часть случай особенно мальчик наблюдаться несколько иной особенность ребенок хотеть работать что останавливаться склонный бродяжничество дурной проказа другой сторона противоположность 
37005	 еще имя россия тот что предавать христос тридцать сребреник разрешение грабеж убийство погрязать мерзость всяческий злодеяние всяческий нравственный проказа россия другой подъяремный страждущий 
37005	 самый ужасный болезнь проказа когда медленно заживо разлагаться тело 
37005	 побеждать суметь оставлять свой победитель наследие чума проказа 
37005	 склонный думать что антисемитизм неоспоримый как неоспоримый проказа сифилис что мир быть 
37005	 это быть чума проказа волчанка ревматизм тысяча другой 
37005	 один мысль резня израиль посылать господь голод пожар чума проказа 
37005	 крупинка лондон появляться проказа больной оказываться так много что 
37005	 предполагать что несчастный умирать угар ростовский округ замечаться распространение проказа среди новобранец зарегистровать трое прокаженный 
37005	 глянуть православный глянуть скоро йето считаться старинный заведение болезнь проказа 
37005	 так оказываться что многий случай чахотка проказа приписывать наследственность быть просто вызывать 
37005	 чахотка можно выздоравливать чума проказа жизнь никогда 
37005	 что как такой общественный проказа этот тщеславный разорительный погоня 
37005	 сколько вглядываться микроскоп микроб чума холера чахотка сифилис проказа рак 
37005	 господи что делать человек чума или проказа прежде чем совсем заживо 
37005	 предполагать что преступление быть совершать подсылать убийца который нанимать наследник покойный цель уничтожать его завещание составлять польза проказа одесса китайский подданный 
37005	 севастополь санитарный надзор обнаруживать заболевание проказа крестьянин колчанов 
37005	 знать что дома она нелегко житься знать что старший сестра любить она красота отец мать недовольный она чрезмерный живость проказа 
37005	 обдумывать теперь поведение граф полагать что руководить они во-первых желание проявлять себя истый гуманист защищать сестра мария изуверство инквизитор ибо реальность одержание никак хотеть верить во-вторых давний неприязнь архиепископ ленный господин намерение который приятно быть разрушать в-третьих наконец юношеский любовь приключение всякий род проказа тот самый который подсказывать 
24456	 вон мышка живой веселый девочка несмотря свой год отрешаться чисто ребяческий шалость проказа 
37005	 господи прошептать лидочка если вдруг прозревать доказывать она что здоровый зрячий ребенок мочь иметь добрый сердце мучить другой свой проказа неуместный шутка 
24456	 играть они мочь отговаривать удерживать они многие проказа шалость 
37005	 казенный винный склад москва среди рабочий обнаруживать случай заболевание проказа 
37005	 немедленно принимать быть весь необходимый мера факт этот интересный лишь потому что москва случай заболевание проказа регистрироваться чуть раз 
37005	 блюментрост успокаивать что водка венерический проказа который последний 
24456	 свой шалость саша думать скрывать спешивать рассказывать отец каждый проказа при это раскаиваться 
37005	 случаться так что первый рыжий парень встречать ершовый быть один слесарить злобиться передонов раскрытие ночной проказа 
37005	 жажда сокращение жизнь доводить патетический восклицание чума проказа тьма убийство беда благословлять 
37005	 писать подробно весь его проказа если припоминать что 
37005	 для ученый иов быть пациент страдать проказа быть неизлечимый болезнь для 
37005	 шекспир нарисовать конец век шейлок презренный жид который понятие англичанин тот время тогда англия еврей безусловно запрещаться жить быть воплощение весь скверный запах физический нравственный если так можно выражаться что-то вроде телесный душевный проказа 
24456	 беспечный веселие шум артистический проказа талантливый остроумный шалость нет 
37005	 муфтель смекать что между девка заводиться какой-то мошенничество замечать что они иной раз очень хитро переглядываться даже как будто едва удерживаться смех понимать что дело только принимать лукаво строгий вид знать мол весь ваш шашни проказа чем разумеется утешать аграфена 
37005	 быть условливать что поехать гость обычный укрывательница все мой проказа тетя христина николаевна что 
37005	 теперь расставаться дядюшка александр петрович который видеть запоминать только умирать рассказывать все что слышать его проказа отец мой тетушка 
37005	 что мудреный что такой данные необузданный веселость свой век суметь понаделать столько проказа сделаться всеобщий любимец прослывать 
37005	 знать рассказ что дядя александр петрович воевать такой увлечение смелость как это творить зимний дворец свой невозможный проказа 
24456	 они идти наш квартира она наш образ жизнь который академия оставаться такой как розовый дом уже описывать потому пока обходить останавливаться дверь мартос чтобы описывать подробно арена наш проказа шалость 
24456	 сначала крузенштерн смотреть сквозь палец проказа молодой граф скоро шалость 
24456	 урсула аврора предаваться свой любимый игра сказка давать полный воля воображение ипполит который быть год старый девочка она проделывать разный шалость проказа приводить ярость отчаяние 
24456	 когда она маяня сердиться что какой проказа шалость или каприз нилочка кидаться 
24456	 свидетельство ростопчина проказа шалость шутка всякий род 
24456	 когда шалость превышать всякий мера решительно выводить терпение весь домашние она приходить иногда жалоба отец обыкновенно обращать все дело шутка она сам отлично понимать что хотя иногда для вид делать строгий лицо сущность сам готовый посмеяться проказа 
37005	 что это говорить вдруг повод копоть забор ускользать проказа заводской труба 
37005	 уверенный что даже современный болгарин скоро забывать баттенберговый проказа вспомнить они лишь 
37005	 дело что баттенбергов проказа сам себя важный 
37005	 заболевать кто-нибудь проказа тогда болезнь другой 
37005	 видать раз проказа откуль что браться словно 
24456	 никогда выходить воля после всякий проказа или шалость немедленно просить прощение 
37005	 замечать тут что петр степаныч неохотно говорить про скит про былой там проказа что вместе они там выкидывать 
24456	 жить дуня долгий время мать манефа дарья сергевна хорошо знать обительский баловница игривый веселый нрав озорной шалость затейный проказа 
37005	 особенность который-то они быть горазд всякий проказа перед что 
37005	 при это возглас сын старик углаков вопросительно взглядывать мать выражать лицо свой неудовольствие даже испуг она заранее предчувствовать что пьер она затевать какой-нибудь проказа 
37005	 все-таки алексей степаныч хоть надо полагать что быть всякий случай опять что-нибудь затевать проказа какой-нибудь 
37005	 просыпаться все это тревожно прислушиваться будить друг друг креститься без противоречие единогласно решать что причинять сверху беспокойство быть конечно что иной как проказа какой-нибудь нечистый сила который как 
37005	 это такой степень вздор что даже современный практик делец отмаливаться общий вопрос как проказа даже сам 
37005	 потому что бояться знать что мочь место теплый турнуть город выгонять проказа немало 
37005	 подумать что быть тогда как матушка про твой проказа проведывать 
37005	 затейный рассказ что всякий проказа взять 
37005	 остальной либерал марк волохов относиться феденькин проказа как-то загадочно сказать что 
37005	 год десять носиться как дурак рынок свой идеальный мерка задача общественный цель замечать что этот товар никто нужный что все сторониться как проказа 
37005	 оказываться что уже колотить она что этот ушиб который она захворать его проказа 
37005	 сколько быть проказа что год 
37005	 поэтому становиться всемерно помышлять чтобы избегать наказание свой проказа совершенно основательно рассуждать что если 
37005	 что сробеть выкидывать такой штука это подлежать сомнение быть подобный положение чтобы подобный проказа быть доступный 
37005	 что это проказа самый дело 
37005	 поголовный отупение доходить такой степень что лишь только часовой стрелка указывать шесть половина вечер весь улица сломя голова лететь карета тройка кукушка рыболов весь это стремиться театр как овчий купель чаяние омываться проказа все как будто вдруг почувствовать 
37005	 становиться быть быть мысль сильный весь несчастие неурожай истязание чума проказа весь который 
37005	 товарищ знать что имя этот обносковский мудрость совершаться весь поступок лень думать что просто страстно любить наука потому удаляться проказа 
37005	 каплун удостоверять что панглосса оказывать себя этот случай петух если каплун каплун недавний позабывать еще старый петушиный проказа 
24456	 тихий омут черт водиться при это начинать подробно рассказывать мой шалость проказа 
37005	 потому достойный мой глуповец что хотя согражданин твой поражать проказа воздух глупов чистый ибо 
37005	 быть еще рассказец чудак антошка тут ничто выжимать кроме что антошка быть мастер нелепый проказа 
37005	 берсенев замечать что посреди все свой проказа выходка шутка шубин все 
37005	 много раз замечать продолжение мой жизнь что самый строгий господин прислуга пускаться отчаянный проказа 
37005	 англичанин сказать крузенштерн что высаживать остров матрос взбунтоваться против свой капитан желать приставать сторона что кабрь добровольно оставаться остров быть часто наказывать капитан корабль свой проказа 
37005	 этот раз велеть сказать что знать его проказа пойти 
37005	 господин беречься романтизм прерывать николай иваныч очевидно уклоняться прямой путь это такой заразительный болезнь который стоить иной проказа 
37005	 покачать голова сказать что хотеть говорить служба материальный выгода что близко сердце золотой день детство игра проказа 
37005	 такой обстоятельство мочь привлекать внимание антон троскин особенно некоторый пора только слух быть что разный проказа уводить лошадь подползать 
37005	 представлять себя его положение когда узнавать что девочка влюбленный шутка его проказа отказывать хороший жених который верно 
24456	 виктор васильевич субботин муж сей пора думать только один шалость мой благодетельница крайность прощать проказа разгульный жизнь 
37005	 нередко старик закрывать глаз проказа сын надежда что кипучий 
37005	 сын строго запрещать вступать ссора враг они более что хабар освобождать быть поручительство отец из-под стража под который взять проказа свой 
37005	 останавливаться бояться пошевельнуться думать что доставаться мой вчерашний проказа удивление тетушка 
37005	 человек докладывать что уходить приказывать сказать александр петрович что его дело шляпа сумароков догадываться что тут какой-нибудь проказа самый дело видеть 
37005	 стыдно старый пес что взирать мой строгий приказание доносить сын мой петр андреевич что посторонний принуждать уведомлять его проказа 
37005	 сказывать также или говорить что жена его смотреть будто довольно хладнокровно его проказа 
37005	 смотреть говорить она пузырек разбивать наделать такой проказа что свет божий невзвидеть 
37005	 статься что государыня проведывать проказа господин волынский заставлять 
37005	 когда выходить крыльцо увидеть что дождь лить как ведро так погневаться заблагорассудить промокнуть кость чтоб для твой забава выкидывать проказа который маленький ребенок 
37005	 предвидеть что настраивать куча проказа вовсе забывать служба совсем 
37005	 еще перед мой отъезд наказывать помолчать свой проказа божиться что если 
37005	 жаль что время этот проказа твой место 
37005	 муж она государев камердинер полубояров желать отмечать она некоторый проказа знать что петр 
37005	 сперва этот домовой как всякий другой его собрат довольствоваться что ночь сдергивать все одеяло или прятать платье хозяйка щипать нос борода хозяин сечь розга сын год одиннадцать мальчик щекотать служанка год четырнадцать девочка заставлять она хохотать благой мат после пропадать петух это быть вначале потом ночь ночь проказа его увеличиваться наконецсамыя дневной 
37005	 рассказывать любезный сказать суровый голос что проказа делаться дом 
37005	 бог весть такой веселый быть нрав что умничать важничать хотеться проказа идти или 
37005	 товарищ бывать еще плохо дело заводить они такой проказа что нянюшка дядька осипнуть 
37005	 усаживаться передовой воз запрягать пара круторогий статный вол весело начинать свой путешествие время который приключаться ничто особенный кроме разве что проезжать вечер чрез большой черный лес проводник мой свой работник весьма нехладнокровно вслушиваться крик завывание филин сова который суеверный мой спутник принимать быть ночной проказа леший как страх быть 
37005	 тот время так мало полагать важность преступный мой проказа что отъезжать церковь заснуть 
37005	 словом что ночь новый проказа новый испуг для семья 
37005	 кто поручаться что отец уже селение узнавать его проказа 
37005	 радоваться что теб нрав сам она любить впроччем мой стих глядеть довольно равнодушно как старый проказа 
37005	 видеть что здесь без твой проказа шут шут далеко видеть 
37005	 милость божий между являться снова над москва очищаться столица проказа чума начинать терять свой сила 
37005	 казаться что при такой неусыпный труд беспрестанный урок некогда проказа творить ребенок весь 
37005	 зато сколько обязывать этот старик клавер так вычищать что тот пора никакой признак золотуха иметь уже этот проказа совершенно исцелять 
37005	 итак мой мамзель оставаться многие тот причина или особенный великодушие иноземец ручаться очень надежно оттого владимирский губерния весьма мало они принуждать быть высылать добавлять особенный честь они что весь время мой начальство один француз видать проказа 
24456	 мелитина чистый сердце смеяться слушать про мой бурсацкий проказа 
37005	 там далее обыкновенно что знать что видеть что слышать счастие часто казаться будто жениться любовь или дружба добродетель ничто бывать беда проказа или скука дурнота 
37005	 подарить прекрасный яичко фарфоровый так утешать его высочество что несколько раз хохотать смотря ево проказа 
37005	 вавила сей время благополучно выходить сей дом желать идти свой дом опасаться что узнавать про его проказа вытаскивать дом убивать 
37005	 позабывать сказать что это жена мой который нет рубашка потом рассказывать проказа весь жена свой 
37005	 это узлик говорить таинственно первый признак проказа 
37005	 когда приходить андрей петрусь лукаво переглядываться кто-нибудь они начинать рассказывать злой дух обитать лес река болото добродушно пугать отвратительный существо громовой голос страшный пыхать огонь глаз сам быть косматый черт жить болото охотник всякий проказа 
37005	 они бедный человек страшно бедный они быть избыток только пушечный мясо весь остальное бежать они как проказа 
37005	 рыбка сверху первый замечать проказа матрешка крикнуть 
37005	 тщетно пытаться двое прокаженный проказа бессилие разбивать она удар свой 
37005	 думать знать все твой проказа 
37005	 резвость поминутный проказа восхищать отец приводить 
37005	 сердце сильно биться сам знать почему боязнь сопровождать молодой наш проказа составлять главный прелесть 
37005	 алексей прождать она напрасно мочь идти отыскивать село дочь василье кузнец настоящий акулина толстый рябой девка такой образ догадываться легкомысленный проказа 
37005	 проказа герцог ришелье алкивиад новый афины 
37005	 теперь продолжать потряхивать дубинка заводить плут данилович который надо переведываться его новый проказа 
37005	 еще сравнивать проказа нарастать тело человечество 
37005	 решать сделать одолжение снимать она чепец надо сказать зря кудри выписывать отменно точно сам старый мастер воскресать ради этот проказа 
37005	 становиться исчислять проказа наш живописать наш промысел 
37005	 увидеть случайный человек улица сказать ведь проказа 
37005	 мифический ликантропия голова больной изменяться обрастать шерсть становиться похожий собачий как проказа превращать лицо человек львиный 
37005	 обычно она смотреть такой выражение словно больной проказа янычар который выкрадывать 
37005	 алла юзвашевская как проказа разъедать живой плоть жажда наживаться 
37005	 слуга веселый расторопный больно проказа склонный 
37005	 однако этот проказа широкий захватывать весь этаж 
37005	 последний проказа лужа новый диван 
37005	 бондарь проказа билл билл чистопородный русский спаниель 
37005	 некоторый поступок билл объяснение давать мочь считать они проказа 
37005	 примечать молодой ведьма готовый проказа поспешить мимо вступать 
37005	 вырываться свобода упрямец продолжать свой рискованный проказа 
37005	 лесной народ день мочь проживать чтобы позабавиться мальчишка гораздый проказа всяческий помощь любой 
37005	 ухаживать больной католический монашенка местный житель руководимый сестра паула люцерна больной проказа танзания оставаться немного эксперт 
37005	 проказа сегодняшний день излечимый проблема 
37005	 поэтому чтобы избавлять общество проказа навсегда нужно прежде все просвещать 
37005	 вот наглядный пример что только разруха даже проказа улица 
37005	 бактерия вызывающий проказа передаваться воздушно-капельный путь 
37005	 год проказа считаться неизлечимый больной отторгаться 
37005	 подумать проказа господин это быть просто результат 
37005	 второй прославляться юность любовь охота разный проказа начало северный война вдруг 
37005	 еще монастырь начитываться книга писательница лидия чарская откуда почерпать немало сведение проказа воспитанница пансион 
37005	 тот день проказа наказание поставлять угол 
37005	 съедать какой-то местный блюдо начинаться аллергический реакция перебивать валя решать что проказа 
37005	 помнить ватикан площадь перед собор обелиск собирать деньги больной проказа кругом быть плакат фотография 
37005	 наконец подходить заветный нога оказываться без палец будто объедать проказа 
37005	 весело рассказывать студенческий проказа говорить священнослужитель преподаватель 
37005	 постепенно проказа начинать принимать весь более агрессивный 
37005	 бродячий ночлег проказа старина позабывать для сельский нега 
37005	 наверняка осень свирепствовать холера дизентерия проказа желтый лихорадка 
37005	 миллион индиец купаться она тот число тот кто надеяться излечиваться скажем проказа пепел умерший развеивать над ганга 
37005	 тысячеголовый капустный монстр горбатый картофельный динозавр лежбище морковь гангренозный проказа нарост штат сортировщик 
37005	 отправлять быть некуда оставаться один угол охватывать этот проказа 
37005	 правительство доходить гавриилиада вероятно отвечать чужой проказа если 
37005	 венесуэла швеция малайзия допускать именно этот три страна одобрять какой-нибудь очередной стратегический инициатива сша одновременно обнаруживаться очаг доселе известный крокодилий оспа или обезьяний проказа или скажем носорожий геморрой 
37005	 как странный восток партитура едва угадываться весь тема весь ведущий мотив типично венский один мелодия легко узнавать главный тема веселый проказа тиль уленшпигель сам штраус 
37005	 измученный проказа чиновник бабацк становиться раздавать большой 
37005	 верный сын глостер эдгар заражаться месть как проказа 
37005	 именно женщина сида обучать человек основа бытовой магия врачевание трава заговор именно они король переходить сакральный обязанность способность лечить тяжелый недуг основной проказа наложение рука 
37005	 послевоенный мир как проказа оказываться поражать насилие жестокость 
37005	 тут спрашивать старков проказа служкин тат проходить мимо 
37005	 ласка мама доставаться брат сестра обида проказа саша расти отменный словно 
37005	 так глеб чувствовать оттого медлить ибо село город сейчас аня значить давний проказа мадам ворошить старый сплетня дурной 
37005	 теперь соответствие кодекс административный ответственность который вступать сила июль год проказа свой ребенок родитель приходиться заплатить 
37005	 даже без спор тихонько нашептывать мама про весь промах проказа старший 
37005	 веселие воспоминание школьный проказа сменяться грусть уходить год 
37005	 игорь проказа свой собака запоминаться как выходка 
37005	 это внушать надежда будущее наш тревожный пора поражать как проказа рыночный коррозия человеческий душа политический 
37005	 приходиться взять чтобы смущать отец проказа юность это давно 
37005	 справа теперь неделя его подъезд слева изъедать каменный проказа кариатида дом композитор чуть 
37005	 пока человек сам покончить этот общенародный проказа никто заставлять сила останавливать 
37005	 толикий проказа позволяться наследник ради чтобы 
37005	 наперсник царь раскаиваться соучастник его двусмысленный юношеский проказа начальник министерство затмение при все 
37005	 усадьба уже пылать погром уже начинаться безнаказанность разъедать озлобленный людской масса как проказа 
37005	 про коза овца проказа лютый молодой гостинодворец 
37005	 фасонный алюминий проводка защитный цвет заклепка защелка вовсе безродный деталь все хитроумно приспосабливаться для всяческий коварство проделка мучительство милый проказа тип следующий 
37005	 оба посол наделять большой чувство юмор что убеждаться рассказывать они телефон какой задумывать проказа 
37005	 если проказа требовать комментарий аудитория 
37005	 час полтора она проводить под навес переходить прилавок прилавок подолгу застревать возле какой-нибудь стеклянный статуэтка или старинный час или зеркало почти разъедать проказа время 
37005	 ладно перепутывать пушкин такой проказа любить как рассудительный 
37005	 судя задушевный беседа полковник бессарабский проказа мой никто интересовать хотя 
37005	 конечно сергей принимать всерьез свой репортерский проказа 
37005	 первый брать себя вина общий проказа 
37005	 через несколько день встречать театр знакомый который как-то странно отчужденно здороваться останавливаться проходить далеко театр здороваться вести себя так как будто заболевать проказа 
37005	 буйный братство проказа соединяться один бесконечно септический 
37005	 командировка быть проказа для весь боевой соединение 
37005	 такой удобный безобидный объект для целый традиция литературный проказа оказываться особенно популярный 
37005	 новый год учреждать январский становиться для петр хороший сцена для непонятный проказа шутка который раз 
37005	 князь петр давид вступать муромский престол год когда уже быть больной проказа 
37005	 происхождение образ существовать такой легенда авгарь князь едесский быть больной проказа тут нетрудно замечать сюжет 
37005	 ханнан относить убрус письмо князь авгарь исцеляться проказа 
37005	 однако обижаться подобный проказа быть принимать 
37005	 ублажать старик подмигивать добавлять прекрасный время для проказа команда практически весь берег 
37005	 здесь этот мраморный сверкающий лестница перед закрывать зал тяжелый дверь словно выдворять проказа школьник обретать 
37005	 почти всегда это быть открытка цветок зайчик флаг красный над башня кремлевский нечто впоследствии рассказывать как заходить старинный книжный магазин улица горбатый повиноваться импульс случайный валера сотня километр проказа побуждать 
37005	 после сие слово проказа тотчас сходить 
37005	 лицо ужасно преображаться приобретать застывший маскообразный выражение перекашиваться если поражать лицевой мышца этот проказа мало она ослеплять человек укорачивать 
37005	 древний время проказа приводить человек панический ужас 
37005	 быть ящик нет проблема забывать проказа 
37005	 боже мой как этот престарелый железный конь самый еще источать проказа подумать ошпаривать внезапно охватывать 
37005	 или мочь быть проказа становиться менее опасный 
37005	 стариковский проказа карандаш сделать национальный герой 
37005	 будто бежать отсюда наспех будто проказа или будто нейтронный бомба именно 
37005	 свой нос сменить служебный очки рассчитать для хождение тусклый вечерний улица повесить согнутый больной рука дерматиновый сумка страдать стричь лишать проказа одновременно 
37005	 его покойный бабушка она умирать коммуналка когда учиться девятый класс снисходительно относиться любой его проказа смешить уличный девка обращение барышня 
37005	 вернуться домой удвоенный рвение приниматься алхимический проказа 
37005	 как думать проказа это хитрющий сила андреич 
37005	 получаться мальчишка большой лукавец озорник способный любой проказа 
37005	 стариковский проказа карандаш сделать национальный герой 
37005	 здесь погребать филипп теофраст превосходный доктор медицина который тяжелый рана проказа подагра водянка другой неизлечимый 
37005	 слух вспыхивать как проказа знать откуда ждать 
37005	 как засыхать душа струп проказа сочить тревожить под 
37005	 вроде менее грешно спасать памятовать его проказа 
37005	 ужас узнавать наш проказа весь тот 
37005	 правый петя отсюда надо немедленно бежать тут проказа нужно работать как это делать 
37005	 получаться что бацилла проказа прямой путь попадать наш 
37005	 сентябрь единственный колымский месяц милостивый человек как всегда щедро одаривать нежный желтоватый солнце паутина брусника кедровый орешек проказа шустрый бурундук 
37005	 это пуффи каждый день начинать свой проказа 
37005	 почему-то относиться совершенно равнодушно мой информация появление великий кальмар исследование рудольф необыкновенно оживляться когда становиться рассказывать проказа пуффи 
37005	 развлечение проказа раз раз становиться все 
37005	 сметь утверждать дабы прослывать исказитель истина что лишь один проказа удовольствие занимать наш мысль 
37005	 ездить более город ступать нога поганый ихний земля дышать смрад они проказа возить туда малый корка 
37005	 еще этот проказа род человеческий сам выставлять напоказ 
37005	 шовинизм плохой проказа разъедать наш монархия 
37005	 проказа разве мать мало любить свой 
37005	 алиска быть неутомимый свой проказа тихон уставать язык земля 
37005	 уже говорить про нашуметь проказа роспись стена страстной монастырь 
37005	 иль глупый проказа вождь помирать тут 
37005	 улов быть щедрый даже слишком богатый второй такой нынешний зима потому хотеться собирать сумерки оставлять проказа лиса вернуться дом 
37005	 страшный проказа бытовать здесь край 
37005	 мориак искать корень всеразъедать безнравственность современный человек искать способ спасение человечество этот духовный проказа 
37005	 когда после очередной проказа лида прятаться спина анастас 
37005	 недалекий прошлое такой больной наравне прокаженный изгоняться родной селение так называть мохов хон пещерный городок для прокаженный где нередко самый дело заражаться проказа 
37005	 ненавидеть отдельный хунвэйбин мочь можно ненавидеть проказа нельзя ненавидеть прокаженный 
37005	 гремучий змея давать эффект при лечение проказа прокажать свободно переносить смертельный для 
37005	 обожать болтать шутить надо бедный полюбить наш гостеприимный дом нравиться книга мой чудный сад даже проказа мой шумный дочка 
37005	 желать рассказывать про этот твой маленький проказа лагерь 
37005	 бедный лазарь проказа парша сейчас бросаться судьба 
37005	 уже говорить про нашуметь проказа роспись стена страстной монастырь 
37005	 они проказа порок время гниение тело век 
37005	 частица властолюбие разъедать существо клавдия микроб карьеризм пойти духовный проказа угождать плаха гильденстерн 
37005	 пес проказа делать чужой клеть 
37005	 любить окружать себя молодой человек который видеть только король предводитель веселый проказа любовный похождение 
37005	 какой именно быть аббатский грех сообщать свое простодушие быть сила придумывать что-нибудь область разврат кроме проказа деревенский девчонка 
37005	 однако государственный точка зрение этот ночной приключение знатный пленник казаться малопредосудительный проказа когда спафарий докладывать 
37005	 наука михайло быть первый проказа последний 
37005	 конец конец чужой сторона растеривать михайлушко свой веселость готовность шутка проказа 
37005	 скомороший эпопея шиш московский повествовать проказа над богатый сильный 
37005	 уже ребенок веселый крик проказа покидать школьный помещение 
37005	 она поехать завод маховик лежать поражать раковина как проказа отдельный раковина чудовищный 
37005	 пойти умываться позавтракать плохо маховик покрываться проказа 
37005	 помнить блокадный ленинград улица выщерблять воздушный проказа черный скелет разбитый фасад 
37005	 если рано любить добродушный улыбка наблюдать резвиться палуба ребенок пассажир теперь доводить бешенство безобидный проказа ребятишки ильюшина 
37005	 человеческий мягкость доброта молодой ученый говорить уже его выдающийся способность всякий раз приобретать особый убедительность когда писатель показывать бедняк горин рядом изысканный элегантный тони хэвиленд чей душа как поражать проказа цинический равнодушие человек наука 
37005	 этот как всякий другой проказа сносить безропотный 
37005	 ведь она быть еще невзрослый гимназистка коричневый платье тайный участница невинный школьный заговор проказа 
37005	 как сейчас видеть обжигать солнце добрый круглый морщинка вокруг серый глаз лицо большой рука который размахивать при разговор его трубный голос весь день раздаваться просторный комната старинный барский дом широкий двор убирать поле рига где греметь конный молотилка старый сад прибежище наш игра проказа 
37005	 оставлять гребец шлюпка пояснять как быть приказывать что этот островитянин заболевать проказа пассажир высаживать сюда какой-то 
37005	 извне ничто заметно считаться исправный мусульманин припудривать проказа вчера узнавать окончание 
37005	 придумывать этот проказа тот изобретательный кузярь 
37005	 быть хороший интересный товарищ беспокойный изобретатель всякий опасный проказа 
37005	 самый милый забавный собака любить весь никто особенность неистощимый веселие проказа дворняжка дворняга любить много другой 
37005	 если три четверть юнкерский энергия труд уходить преодоление наука так как мой реальный училище четверть идти проказа 
37005	 воспоминание мой однокашник оканчивать училище через восемь год находить такой точно описание юнкерский проказа небольшой только технический усовершенствование 
37005	 пусть весь славянский народ быть даже малый признак шовинизм лицо славянин этот проказа славянин богатый творчество 
37005	 маня соня алеша зачитываться роман купер принимать большой участие весь игра проказа 
37005	 проказа его теперь сходить рука 
37005	 взгляд его быть туманный вдруг становиться озорной проказа его быть замысловатый 
37005	 тут ухмыляться скрещивать рука грудь подобно герой кайданов посмотреть пушкин бесенок проказа понятливость данзас животина 
37005	 здоровый смех неизменно сопровождать разговор его проказа препятствовать осуждение маска смех 
37005	 столичный пассажир пугать друг друг тарантул змея малярия проказа прочий ужас средний азия 
37005	 вспомнить как вакх приносить безмолвный жертва первый раз как впервой весь трое полюбить наперсник товарищ проказа 
37005	 преследовать христианин римский епископ сильвестр сам становиться христианин после как сильвестр крестить константин чудесно исцелять проказа 
37005	 степенный воевода возмущаться любовный проказа почтенный свой согражданин лишь 
37005	 коля попадать кольцо поклонник атмосфера песенка под гитара танец шутка проказа 
37005	 нет ничто опасный как если она под вид узаконивать время народный обычай установление захотеть усваивать что-либо печальный наследство оставлять растленный большевизм все что прикасаться его разлагать безбожный рука грозить снова заражать старый проказа 
37005	 этот улица как проказа быть заражать свой название она 
37005	 оставаться по-прежнему его другой вместе судачить школьный дело затевать мелкий незначительный проказа ловить рыба осуждать девочка 
37005	 сколько проказа скандал игра драка ссора примирение 
37005	 как пятно проказа белеть стена ромб 
37005	 вот при что проказа черт она свой неудача объяснять 
37005	 сцепление коленчатый уличка проталкиваться вместе толпа мимо дыра открывать улица свой сласти пряность тут продажа шелк туфля кожа мех пересекать площадь шаг пятнадцать диаметр витиеватый исщерблять тяжелый лепка мечеть при который высокий палец торчать шестигранный покрывать как лепной проказа минарет 
37005	 учиться гоголь вяло относиться разряд воспитанник худой замечание быть склонять насмешливость иногда остроумный злой проказа 
37005	 даже лапоть отношение наташа выступать совсем новый без зубоскальство проказа внимательный ласковый заботливый 
37005	 рассудительный серьезный матрос терпеливо выслушивать весь рассказ житие бытие особенно когда мать жаловаться проказа павка 
37005	 нет призрак страшно мраморный свидетель уходить мир они обнажать торс исщерблять проказа столетие простирать рука отламывать 
37005	 колония звенеть жизнь слышать здоровый бодрый тон колония под мой окно звучать шутка проказа между дело все почему-то собираться 
37005	 газета сообщать нередкий случай проказа этот область 
37005	 перрон похаживать веселый компания подвыпить терец балагурить ржать душа потешаться над свой проказа 
37005	 юнкер четвертый рота первый курс третий военный александровский училище александров понемногу незаметно для сам себя втягиваться повседневный казарменный жизнь точный размеренный уклад внутренний закон традиция обычай привычный давнишний шутка песня проказа 
37005	 зато друг охотно пойти александров как веселый сверстник компаньон проказа 
37005	 помнить наш прежний тяжеловесный тесак который наш славный предок делать такой могучий атака который быть отнимать чужой проказа 
37005	 говорить знать слово проказа знать заклинание дух 
37005	 неотторжимый как проказа или след огнестрельный рана 
37005	 показываться странный дикий проказа брюсов нежелание уходить 
37005	 отец после смерть соловьев выбирать быть опекун его сын опекать грозить правый рука проказа левый толкать 
37005	 истреблять сатана изволение господний весь его имущество истреблять все чадо его поражать его проказа подошва самый темя 
37005	 ведь образованный это проказа поди сто ишь 
37005	 вкрапливать маленький новелла вроде тот который повествовать проказа фра мариано шут папа лев 
37005	 сказать что это лермонтов лейб-гусар переводить сюда высокий повеление прошлый год какой-то проказа сейчас возвращаться отпуск 
37005	 щека стягивать морщина морщина это вожжа подбородок ваш вол нос возница больной проказа остальное поклажа воз 
37005	 только катание думать все проказа проказничать строго сказать она 
37005	 поражать она проказа семьдесят седьмой колено если 
37005	 паяс номер вспомнить старый свой проказа паясничать было весело 
37005	 покачивать старушечий лицо очки устинья яковлевна слушать проказа вильгельм карлович улыбаться 
37005	 господин офицер курить саженный скатерть уже покрываться проказа пятно пушка граммофон выбрасывать чей-то 
37005	 ужас останавливаться оказываться покрывать страшный язва проказа заживо сгнивать человек 
37005	 француз стоять полоса свет бить густой сметанный белизна окно котелок затылок расставлять нога приятно улыбаться показываться юнкер похожий веселый герой экранный проказа макс линдер над лицо который 
37005	 между анна павловна носик белый проказа это 
37005	 нет мороз проказа просто пудра брокар приобретать 
37005	 деревянный дощатый балаган дрожать половица шаткий подмостки спертый пряный воздух кулиса скудно мерцать свеча урчание настраивать оркестр шутка беготня сцена проказа беззаботный маленький актриса шуршание 
37005	 они полосатый черный полоса чередоваться рыжий кирпичный розовый серый бурый яичный все покрывать фестон бант кривая загогулина камень являть барокко лепной орнамент точно расчет струп проказа который зиять бродяга напяливать смокинг 
37005	 внутренний стена цитадель видеть внешний стена они упадать зубчатый круглеть кружево желтый край тон моккатамский песок торчать отовсюду меж они колодезь иосиф впереди вдалеке вблизи желтоватый пространство желтый ноздреватый обвалень лепка проказа покрывать палец резной минарет 
37005	 повидеть ночь получать какой-либо известие проказа казак путь потому что 
37005	 март тайный общество это только струп проказа сам она где где 
37005	 этот момент живой связь между горний дольний религия данный место жизнь распадаться пятно проказа умертвлять соответственный участок жизнь 
37005	 долгорукий говорить странный быть характер прославляться публика многий проказа который сделать настоящий чудак 
37005	 когда фалецкий весь остальной публика узнавать что все происходить быть один мистификация услыхать какой действие фалецкий иметь наш проказа отправляться 
37005	 сказать про один нищий сидеть земля который нога известковый рана залеплять подорожник лиловый пятно ето считаться старинный заведение проказа 
37005	 надо хмуро отрезать родамус отсыпать сколько угодно деньги как голландский так иностранный валюта это прибавлять вне договор хорошенький проказа быть этот 
37005	 подходить ворота госпожа никодим вскрикивать разом неожиданность ужас оба сторож быть изуродовать проказа последний степень безобразие 
37005	 теперь она окончательно вкрадываться его сердце весело засмеяться сверкать ровный зуб опять потрепать плечо все прошлый выходка быть очевидно проказа подросток теперь она вдруг 
37005	 конец конец оказываться правый самсон суровый жизнь короткий расправа новый край скоро отучить вор проказа ловкость рука энергия 
37005	 кажется главный родник мистический зелье журнальный проказа россия дом мурузить 
37005	 тася бросать прощальный взгляд мертвый тельце обезьянка который так часто потешать свой ужимка огорчать проказа быстро пробираться выход как 
37005	 неизвестный проказа фосс киев опять появляться 
37005	 рязань гостиница казанский женский монастырь обнаруживать больной проказа 
37005	 варшава прага около интендантский склад неизвестный смертельно ранить часовой рядовой кексгольмский полк измаил зарегистрировать больной проказа севастополь военный суд оправдывать 
37005	 серокский уезд обнаруживать семья больной проказа 
37005	 нищий ровный церковный напев продолжать один бедный скудный гноить проказа другой бог атый 
37005	 самый палестина ревнитель старинный строгость неодобрительно относиться этот проказа тело израиль как они 
37005	 григорьевка полтава губа появляться проказа распоряжение власть закрывать земский училище 
37005	 пирятинский уезд полтавский губа обнаруживать проказа красноярск открываться очередной съезд 
37005	 совет рассматриваться законопроект порядок опубликование подотчетный предприятие обязательный объявление астраханский губерния распространяться проказа рига пожар уничтожать кузница 
37005	 сумах харьк губа обнаруживать больной проказа 
37005	 прибывать канада ливерпуль пароход обнаруживать случай проказа который заболевать один служащий 
37005	 настоящий время добыча жемчуг нельзя оценивать даже этот сумма северный утро проказа томск прибайкалье развиваться 
37005	 томск прибайкалье развиваться проказа особенно много прокаженный остров 
37005	 между проказа как полагать житель все больше 
37005	 шторм причинять опустошение порт набережная размытый проказа студент гетинген 
37005	 театральный эхо проказа оперный сцена парижский 
37005	 этот опера исполнительница главный партия приходиться страшно уродовать себя грим чтобы придавать лицо вид маска язва проказа 
37005	 скончаться день норвегия исследователь проказа доктор ганзен осчастливливать свой 
37005	 благодаря строгий проведение этот закон норвегия избавляться совершенно проказа 
37005	 верно мало чем басня крылов трудолюбивый медведь пойти лес треск стук слышно верста проказа 
37005	 россия находиться серьезный опасность сторона еврейство гораздо больший опасность чем любой страна европа ибо она иметь несчастие захватить польша унаследовать весь еврейский проказа 
37005	 счастие зенеид видеть или хотеть увидеть проказа карлик вскорости кирила павлыч 
37005	 год через два вырываться лепрозориум сам проказа пойти гулять бел 
37005	 как сметь предупреждать делать соучастница твой проказа 
37005	 второй назначать петербург проказа рига 
37005	 среди хозяйка мясной лавка рынок обнаруживать один больной проказа 
37005	 пробуждаться национальный сознание просыпаться гений народ они точно слово божий сбросить свой проказа 
37005	 уходить пойти ваш поэт бродячий ночлег проказа старина позабывать для сельский нега 
37005	 онуфрий муж опасный вроде проказа человек покрываться факт зуб 
37005	 оно для гнилой проказа насквозь разъедать неисцелимый больной 
37005	 день пустыня приходить ветер приносить проказа желтеть пальма обезводиваться ручей 
37005	 корчиться черный петь визг агдоле бог проказа 
37005	 весь этот проказа совершаться такой ловкость 
37005	 отец жить араб индия камердинер оказываться больной проказа смотреть как они щека 
37005	 преступник оказываться известный город беспризорный летнйи мальчик федюшка проказа который ходить целый легенда 
37005	 эрист полагать обидчик место проказа севастополь санитарный надзор 
37005	 кто оставаться прокаженный тот сам заболевать проказа только одиночество узреть 
37005	 помнить много год назад быть веселый услужливый большой охотник выпивка женский пол сквозь палец смотреть проказа юный население улица 
37005	 внимать стук чаша спор вкруг солдатский каша улыбка нет хохот ваш нет взгляд проказа ваш 
37005	 хлеб вспыхивать ржавый полоса пятно как проказа 
37005	 сидеть мелкий бесенок который час мочь проживать без проказа 
37005	 брунеллеско донателло свободный работа время пускаться невинный проказа 
37005	 как следовать ожидать после такой потеха над немец который кстати сказать принимать никакой участие так как быть вообще робкий застенчивый совершенно неумелый этот род проказа мальчуган беспощадно ставить кол 
37005	 лицо его обезображивать большой шрам зажить проказа казаться страшный бледный мгла 
37005	 также излечивать проказа всякий злой нарост 
37005	 дарить также царь свой возлюбить ливийский аметист похожий цвет ранний фиалка распускаться лес подножие ливийский гора аметист обладать чудесный способность обуздывать ветер смягчать злоба предохранять опьянение помогать при ловля дикий зверь персепольская бирюза который приносить счастие любовь прекращать ссора супруг отводить царский гнев благоприятствовать при укрощение продажа лошадь кошачий глаз оберегать имущество разум здоровье свой владелец бледный сине-зеленый как морской вода берег вериллий средство бельмо проказа добрый спутник странник разноцветный 
37005	 игонин быть человек семейный иметь прекрасный все уважаемый далеко молодой жена который сквозь палец смотреть проказа свой муж даже после 
37005	 его губа шевелиться напевать нога нервно отбивать такт рука длинный тонкий белый как проказа рассеянно гнуть гибкий дерево смычок 
37005	 сифилис как библейский проказа поражать как самый здоровый так 
37005	 служебный дело серьезный литературный занятие чередоваться его жизнь легкомысленный любовный увлечение веселый подчас бесшабашный проказа 
37005	 когда юрик незаметно вынимать обед карман фридрих адольфович злосчастный табакерка чтобы полагать она рак снова так незаметно опускать она карман гувернер бобка заранее потешаться над задумывать мая новый проказа 
24456	 сережа бобка испуганный болезнь юрик заметно притихать уже думать обычный шалость проказа 
37005	 как настоящий скиф варвара рассуждать любовный проказа свой кумушка фрейлина придворный мамзель 
37005	 мой время такой проказа уже выводиться вообще жестокость 
37005	 раз делать так пусть покорно переносить наш шум проказа 
37005	 так как делать быть нечего придумываться различный проказа 
37005	 это впрочем мешать принимать деятельный участие бенефис другой проказа 
37005	 весь оставаться еще вдоволь время для развлечение для проказа различный род 
37005	 пождать отвечать князь крамола вишь как проказа рассыпаться 
37005	 почти ежедневно выслушивать жалоба проказа сын зазуля жалеть 
37005	 замелькать перед глаз любимый старинный слово скала дубрава бледный луна одиночество привидение призрак ерот роза лилия проказа резвость младой шалун лилейный 
37005	 опыт быть производить над женщина страдать норвежский проказа никогда иметь сифилис 
37005	 посылать тройка ечкин скакать сломя голова тверская застава обедать мавритания или стрельна возвращаться домой поздно вечер большой неудовольствие ирина алексеевна смотреть брезгливый этот эскапада проказа дурной тон 
37005	 про алексей григорьевич его проказа мать рассказывать множество анекдот хотя 
37005	 много проделывать проказа они всегда сходить 
37005	 дело идти наш ребяческий проказа аудитория 
37005	 пимка лежать полати любить послушать охотничий рассказ особенно когда заходить речь проказа косолапый мишка 
37005	 телесный сила действительно становиться опять укрепляться они вернуться бодрость дух проявляться разный проказа шутка который приводить 
37005	 стена щель бывать видать как жить поживать весь твой проказа насквозь знать 
37005	 наконец торжественно указывать палец против проказа славянофильство упрек повторять 
37005	 дядя граф александр петрович толстой его выходка проказа женитьба дядя 
37005	 насколько все это быть справедливый знать вот что отец мой все житель черный речка тот время видеть свой глаз молодой повеса кавалергардский офицер видно тесно показываться творить свой проказа один новый деревня 
37005	 мочь рассказывать проказа который наш молодежь втягивать 
37005	 хотя этот проказа твориться далеко появление мой 
37005	 земля пожирать яко дафан авирон восприемлешь проказа гиезиев удавление иудин 
37005	 проказа гиезиевый знать еще бывать ничто 
37005	 следующий день сам добродушно подшучивать над мой проказа 
37005	 нет более праведный иов быть для утешение быть иов другой без утешение без вера который так покрывать проказа сидеть гноище 
37005	 это гудеть лес тихий ропот гудеть стоять строго как великан трогаться один сучок только боковой сосна ель качать укоризненно голова точно стыдить ветер его проказа молодой елка 
37005	 несмотря внешний веселость проказа грустный дума таиться молодой 
37005	 смелый подчас лишенный остроумие проказа булгаков доставлять особый милость 
37005	 этот несчастный случай как много другой поневоле формировать тот оппозиционный дух воспитанник который руководить они разный проказа преступный оттенок который нельзя 
37005	 екатерина бывший собрание предчувствовать новый проказа чудак приказывать разузнавать чем 
37005	 маленький мэри анн совсем быть похожий феноменальный ребенок это быть живой шаловливый девочка любить сидеть один место всегда готовый всякий проказа 
37005	 этот шутка мочь также подавать повод большой неприятность счастие один служитель клуб ловко выдергивать вилка нога господин неуспевать замечать этот проказа 
37005	 обыкновенно они вращаться или около средство нажива сопряженный она разнообразный форма объегоривание или около половой проказа родной сосед 
37005	 сверх слышать поблизости шорох который производить матушка продолжать рыться учебный программа при один мысль что вот-вот она сейчас нагрянуть увидеть мой проказа душа уходить 
37005	 коверкать имя фамилия изобретать кличка быть неистощимый проказа который несмотря 
37005	 результат этот проказа сказываться прежде все бесконечный 
37005	 говядина беспокоиться говорить все еще забывать школьный проказа прейра 
37005	 кто тот время знать веселый собеседник товарищ всяческий проказа мастер рассказывать смешной анекдот 
37005	 пока товарищ пушкин радость задумывать новый проказа сам уединяться свой 
37005	 тяжкий его прегрешение сотрудничать академический известие участвовать время оны как гласить предание беседа губитель российский слово воссиять тем ярко свет арзамас буде сей паршивый овца очиститься проказа вступать наш многославный лоно 
37005	 око постигать курячий слепота беседа тело его покрывать проказа сотрудничество член его 
37005	 дон жуан досадно право вечный проказа все виноватый 
37005	 нет хорошо молча идти течение благо ненавистник благодаря кумовство относиться благодушно скоро шутливый тон нежели серьезно напоминать недавний проказа 
37005	 прародитель лежать проказа гноище ворота город 
37005	 опять родной город делаться свидетель его могущество богатство сила новый проказа 
37005	 долго стоять крылечко любоваться проказа пакостливый пичужка рядом 
37005	 все былой припоминать один раз урюм время злой проводить без проказа 
37005	 быть богатый славный иметь ребенок стадо сокровище вдруг дозволение божий все быть отнимать ребенок скот друг сам быть поражать проказа изгонять город лежать 
37005	 некого быть рассказывать она новый проказа суд земский штука 
37005	 метаться топтыгин ночь спать доклад принимать все один думать что-то оседать мой майорский проказа сказать 
37005	 боже хоть мой лицо искажаться судорога покрываться язва проказа если действительно быть 
37005	 ребяческий проказа весь прелесть который она 
37005	 впрочем так как они посещать преимущественно день кутеж там идти более сдержанный вечерний собрание обыкновенно происходить который-либо товарищ проживать квартира холостой брат или при родственник слишком снисходительно относиться проказа молодежь иногда просто 
37005	 теперь лиственница стоять над смиренный тихий точно стыдиться прежний проказа 
37005	 привычка спасать сердце негодование освобождать совесть упрек весь человеческий отношение вводить проказа равнодушие 
37005	 прежний приезд немало бывало проказа собака раздразнивать они 
37005	 тогда самый дело только проказа озорство быть 
37005	 как проведывать про мужнин проказа прасковья патаповна затрястись весь 
37005	 строгий быть манефа этот еще строгий как сам знать первый быть проказница заводчица все проказа теперь совсем другой становиться 
37005	 прежний проказа хорошо поминать вон 
37005	 сколько проказа тут бывало сколько хохот 
37005	 величаво спокойно без малый смущение прощаться мать филагрий заезжий саратовец раз бывший свидетель затейный проказа 
37005	 соловьев перелесок слушать вместе приезжий купчик хаживать разговор нескромный слыхивать проказа девичий видывать 
37005	 где былой затея где проказа игра смех 
37005	 затейница веселый проказа бойкий насмешливый причудница 
37005	 это некрещеный младенец проклинать родитель ребенок нетерпеливо ожидать конец мир тот пора забавляться разный проказа над человек 
37005	 сильно протестовать глумиться над повествование четий минея дьявол его проказа 
37005	 между аудитория быть битком набивать такой профессор который слушать быть нечего нечего научаться проказа быть довольно чисто студенческий 
37005	 так анка потом профессор фармакология московский университет декан медицинский факультет славиться свой острота проказа 
37005	 один сторона обязываться завоевывать для история утешение другой погружаться тьма примиряться проказа 
37005	 народ повинный вечный работа изнемогать под иго тьма проказа 
37005	 выбирать проказа ложиться навоз есть хлеб 
37005	 опять пойти ссора трогать рука хотеть чтоб ничто есть становиться после это пить это просто противно как подавать обед опять какой-нибудь новый проказа особенность дорога мучить 
37005	 изобретение этот проказа быть неистощимый долго 
37005	 становиться было хвалиться свой проказа дама который встречаться 
37005	 тогдашний время этот цензурный проказа называться окошко европа 
37005	 тысящий год яко день единый для такой проказа пожалуй данность полагаться 
37005	 суббота обыкновенно сечь шалун проказа содеять они течение неделя 
37005	 бедный мать мой немало труд стоить скрывать мой проказа отец 
37005	 сказать это домна осиповна пожимать еще раз поражать проказа рука жид уходить 
37005	 быть сверстник более тот год падкий всякий проказа холостой кутеж 
37005	 знать тысяча гримаса проказа рождаться мушкет давать 
37005	 шайка который участвовать ламберт заводиться еще москва уже наделать там довольно проказа впоследствии она быть отчасти обнаруживать 
37005	 становиться уже светло ребенок начинать пошевеливаться самовар совсем потухать савельич столовая школить кошка мильтошка ночной проказа 
37005	 проведывать про дочкин проказа старый трифон указывать она 
37005	 иссушать господи маков зернышко коль рассказывать про весь твой проказа матушка 
37005	 чем дело говорить она проказа 
37005	 затейница всякий проказа шаловливый фленушка тихо медленно идти 
37005	 фленушкин проказа аль свой глупый девичий 
37005	 затем хозяйка идти чтоб про новый твой проказа она докладывать 
37005	 так как тот время жить низкий одноэтажный дом академия третий линия опасаться чтобы беглец отчаяние наделать какой-нибудь проказа перепугать мой домашние 
37005	 очевидно тут сталкиваться два цивилизация совершенно равноправный один который хотеть насаждать свой ребята другой который постепенно насаждать целый ряд ребята начинать знаменитый свой проказа удар ерыгин кончать колька 
37005	 мало оно заключать себя отпущение весь мой недавний проказа 
37005	 присутствие старший сын дедушка прекращать свой проказа переставать бормотать свистать наполнять 
37005	 пускать палач вдогонку старик который учинять проказа подбирать халат бежать 
37005	 отрезать коли кто раз этот проказа засаживаться так никакой раскаяние оттоле 
37005	 бледнеть восклицать это проказа изменник серрано 
37005	 тот узнавать даже обрадоваться его появление оно напоминать молодость молодой проказа 
37005	 сап изрядный проказа сап этот цель 
37005	 мечтательность это проказа этот явление который даже ограниченный 
37005	 так обыкновенно относиться старший член семья последний проказа юноша идти трудный поход 
37005	 копьев быть столько известный петербург свой острота проказа сколько худоба свой крепостной 
37005	 око постигать куричий слепота беседа тело его покрывать проказа сотрудничество член его 
37005	 случай часто проказить проказа его непродолжительный 
37005	 суровый строгий избегать тот грязь разврат цинизм который нога голова как проказа облеплять степка разъедать молодой 
37005	 узнавать проказа сын король иоанн призывать 
37005	 этот девочка как она называть добинье свой записка полудитя главный заманчивость который составлять невинность неопытность шутка отвлекать генрих занятие дело важный волокитство любовный проказа который король наваррский быть 
37005	 тот господин кто хотеть идти смотреть проказа наш русский титания над оберон 
37005	 это быть напрасный все хотеть видеть проказа русский титания вереница экипаж 
37005	 ряд экипаж выезжать бодростинсккми гость посмотреть проказа русский титания оберона подвергаться 
37005	 этот чудак можно сказать свежий предание вериться труд затем посмеяться над проказа успокаиваться новый книжка русский 
37005	 негодование который проникать человек при вид явление легковерие одичалость насильство непрерывно сочиться сердце народный масса невольно утихать когда собственный рука прикасаться тот проказа который они заражать собственный 
37005	 перс славиться глупость македонянин дипломатический вероломство жид проказа спартанец непреоборимый тупоумие храбрость 
37005	 она погрозить пальчик еще париж ваш проказа знать 
37005	 только почти положительно весь россия пересматривать стряпчий под стол проказа барышня черный речка 
37005	 негодование который проникать душа при вид явление пошлый легковерие одичалость отвратительный насильство непрерывно сочиться сердце народный масса невольно утихать когда собственный рука прикасаться тот проказа который они заражать когда собственный 
37005	 самый проказа взятка уцелеть домогательство деньги 
37005	 так казаться весь твой проказа сквозь палец смотреть 
37005	 один чутье жизнь непоследовательность быть достаточно чтоб спасать европейский народ религиозный проказа вроде аскетизм квиетизм который постоянно 
37005	 проказа там всякий видеть наряду 
37005	 отвратительный ваш чита ваш люд чиновник ваш слово это адский жизнь надобно такой несчастие жить такой место где этот проказа очень много 
37005	 левенчук идти печально мало принимать участие веселый проказа россказни товарищ 
37005	 вспоминаться милый старый время вспоминаться молодой год сопровождать они канцелярский проказа вспоминаться добрый начальник охранитель наш 
37005	 простереть рука прикасаться сказать хотеть очищаться тотчас проказа сходить 
37005	 после сие слово проказа тотчас сходить 
37005	 иисус простереть рука касаться сказать хотеть очищаться тотчас очищаться проказа говорить иисус смотреть 
37005	 сорок год оберегать необдуманный ребяческий проказа как ребенок держать 
37005	 нет еще погодить материнский воля выходить проказа твой самовольство укрощать 
37005	 лишать почетный выгодный место человек который десять год занимать оно честие который глаз его ничто провиниться даже быть угольный казаться дело самый обыкновенный никакой несправедливость устрашать помазанник божий твердо веровать свой непогрешимость весь жестокий проказа свой видеть воля небо 
37005	 называть аполлон иметь сила геркулес быть веселый затейчивый оттого весь жизнь его быть сцепление проказа иногда жестокий иногда преступный редко 
37005	 мальтийский орден романический чистый страсть княгиня гагарина весь это один проказа его один комедия 
37005	 дорого быть приходиться расплачиваться этот совсем неумный проказа весь трубецкой восставать начальство 
37005	 изобретательный гений жуковский часть юмористический вмиг пробуждаться один взгляд увидеть длинный ряд веселый вечер нескончаемый нить умный пристойный проказа 
37005	 весело совестно вспомнить ныне проказа человек хотя еще молодой 
37005	 жестоко нападать проказа его молодость сам завистник 
37005	 иногда когда дитя раса проказа чаяться более для 
37005	 частный вражда чаплинский быть еще мало свой козак доносить польский начальство хмельницкий будто замышлять старый козацкий проказа хотеть отправлять море вооруженный 
37005	 захар услышать этот зов прыгнуть обыкновение лежанка стучать нога заворчать медленно сползать печка пойти задевать все рука бок тихо нехотя как собака который голос господин чувствовать что проказа открывать что звать 
37005	 если любовь выходить никакой проказа быть юмор смех 
37005	 наконец торжественно указывать палец против проказа славянофильство упрек повторять 
37005	 мой друг старина быть причудливый все бывало барышня дама улечься пол вповалку где приходиться ночевать накладут перина подушка целый гора смех сколько проказа сколько 
37005	 принимать грешный прелесть плотский яко проказа поражать 
37005	 очевидно она хотеть это угождать хозяин который отнюдь желать чтоб оська обижаться невинный проказа остроумный деточка 
37005	 продолжать весело потирать рука немврод движение становиться быть хищный зверь оставлять проказа свой 
37005	 только интересоваться теперь английский проказа греция 
37005	 думать сначала блажь себя напускать для проказа накормить его смородина 
37005	 говорить вздох пожить там этот омут новость искусство мода политика глупость безобразие красота глубокомыслие пошлость пожить эпикуреец насмешливый наблюдатель весь этот проказа 
37005	 негодный девчонка отвечать все вертеться улица вечер тут шататься бушмен тихонько вызывать мальчишка девчонка воровать они вместе делать разный другой проказа 
37005	 быть исправлять при барин камардинский должность барин говорить кондрашка загадывать так проказа 
37005	 привыкать проказа мой приятель уверять быть 
37005	 аркадий нечего быть объяснять сам рассказывать наш проказа вдвоем над они 
37005	 девица молодой человек шутить между себя делать друг друг разный проказа мистификация чтоб после похохотать вместе 
37005	 кадет весьма умно советовать идти полка выпариваться опасаться новый проказа отказываться схватывать шайка грозить 
37005	 бобров чрезвычайно любить кадет который проводить весь свой жизнь невзирая проказа никогда жаловаться 
37005	 гваксель знать хорошо служба служить отлично превосходно ездить верхом это спускать много проказа 
37005	 бояться что это какой-нибудь новый фантазия проказа много ничто 
37005	 дело идти однако сей пора довольно ладно николай платоныч глядеть проказа капельмейстер сквозь палец 
37005	 там жена замечать мужнин проказа полюбить вдруг каска наряд 
37005	 она полюбить басня семеля юпитер изгнание аполлон его проказа земля принимать весь это 
37005	 хотя весь подобный проделка юный штукарь часто подвергаться исправительный наказание быть как говориться артель хлебать березовый кашица или кувырколетие волосной правление кланяться качательный суд поясной палата зато много проказа рука сходить 
37005	 следующий потом повествование проказа дарыгин николай тимофеевич пропускать мимо 
37005	 вспомнить аристократизм этот застарелый подагра нравственный мир иудейский проказа исключительный национальность проч 
37005	 становиться это думать такой проказа зачастую ваюта 
37005	 иван никанорович гуторин муж послушать осип осипович ведь глядеть твой проказа можно лопнуть смех 
37005	 григорий сидорович мелюзга муж этот после поговорить это дело келейный теперь пойти разделываться ваш давешний проказа 
37005	 потешать брат рассказывать как это быть давать послушать твой проказа изволить барин рассказывать пожалуй 
37005	 раз рождаться раз умирать проказа наделать 
37005	 жизнь твой успевать уже собирать изрядный запас различный проказа сказать однажды добрый мой 
37005	 туалетный забота заключаться преузорочный похвала велеумный слуга прибегать шеф самый тот время как садиться уже экипаж следственно мочь замечать проказа подготовить горе 
37005	 довольно все проказа наш романтизм пересказывать как 
37005	 сделаться верный спутник виктор чувство братский дружба всюду следить его проказа 
37005	 итак вечерний толчок малинов стоять словно долбленый резной истукан торговка обвесить нога голова всякий проказа 
37005	 где чело юношество дворянин там проказа дело довольно наказывать сам 
37005	 виктор васильевич субботин муж становиться рассказывать мой проказа над домовой хозяин этот анекдот 
37005	 замечать обман наказывать они грозный слово посох или временный опала часто закрывать глаз тот проказа который вредить 
37005	 если сорок год походец проказа частый посещение виноградник господний 
37005	 двое дворовый человек один отставной парикмахер другой отставной живописец служить впрочем некогда случай нужда музыкант ревностный прислуживать наперерыв друг перед друг рассказывать молодой барин разный проказа покойный дедушка 
37005	 лениться часть виноватый сердечный проказа 
37005	 ваш письмо кизляр наделать проказа вслед посылать быть адъютант 
37005	 мусульманин свой ковер заткнуть пояс любой европейский развратник зато вне дом важный степенный сделать неприличный движение обмолвиться скоромный слово хорошо пырнуть по-дружески кинжал бок чем рассказывать майдан площадь про его задверный проказа 
37005	 во-вторых трус проводить свой жизнь молодой повеса поминутно подверженный насмешка проказа прикрывать свой трусость дерзость 
37005	 так еше помнить старый наш проказа 
37005	 письмо твой который просить родительский наш благословение согласие брак марья ивановна дочь миронова получать сей месяц только мой благословение мой согласие давать намерен еще собираться добираться проказа твой проучивать путем как 
37005	 продолжение этот разлука барский барыня составлять порядочный входить журнал его проказа для поднесение свой госпожа особенно 
37005	 гнев императрица герцог как можно быть ожидать кончаться смех она проказа шут 
37005	 давно подмечать господин зуда проказа 
37005	 любовный проказа так обыкновенный дворец 
37005	 бытность москва нынешний год много было проказа 
37005	 фриц мочь они налюбоваться ужасно его баловать вместо чтоб ребенок унимать еще подстрекать радоваться весь его проказа 
37005	 всегда готовый проказа бубантес побежать она 
37005	 проказа бубантес мочь иметь неприятный последствие 
37005	 его проказа покойник земля пойти 
37005	 признаваться сказать когда подрастать никто деревня сравниваться работа ухаживание молодой девка никто равняться проказа 
37005	 государыня оправдывать ганнибал надевать александровский лента оставлять служба тот пора жить больший часть суйде уважать весь замечательный человек славный век между прочий суворов который при оставлять свой проказа который принимать 
37005	 повергать проказа своенравный тегри такой незавидный 
37005	 они посыпать щедрый рука весь свой анекдот походный проказа весь россказни столичный сплетня 
37005	 биться заклад это опять проказа 
37005	 одевать показ сводить быть глаз день кажется сто раз замуж выходить для проказа 
37005	 она одевать напоказ она сводить быть глаз пожалуй проказа она наделать тотчас 
37005	 часто действие свой сопровождать чудесность досаждать дело враг любить еще посмеяться над они смелый проказа нередко приводить его жизнь 
37005	 пускай проказничать швед как хотеть здесь добрый намерение устраивать судьба его брат лифляндец как говорить верить готовый удовольствие полагать оно жизнь свой этот проказа 
37005	 летучий смечать проказа старушка понестись доканчивать палаш 
37005	 первый письмо описывать свой проказа решительно объявлять чтобы 
37005	 другой сторона добрый менее лукавый фриц привозить известие замок прикреплять каждый день новый кольцо цепь надежда сделаться необходимый его собеседник утешитель пользоваться нередкий посещение свой узнавать число состояние шведский войско располагать разный окружный деревня замок познакомиться многий офицер забавлять они свой проказа рассказывать они быть небылица 
37005	 другой дочь шестнадцатилетний пригожий девушка заниматься открывать окно рукоделие изредка отрывать свой большой голубой глаз чтобы посмотреть проказа сестра или украдкой взглядывать 
37005	 всегдашний занятие троекуров состоять разъезд около пространный его владение продолжительный пир проказа ежедневно при изобретать 
37005	 никогда прощать этот шутка где попросту сделать ширма для прикрытие свой проказа 
37005	 этот перстень напоминать много проказа 
37005	 сперва узнавать это сосед потом начинать многие толковать проказа домовой наконец весь город быть 
37005	 пристав хотеть подниматься стул хозяйка начинать рассказывать разный подробность проказа домовой 
37005	 казаться домовой сам хозяйка как она отвечать только слеза мой вопрос захотеть употреблять некоторый принуждение объявлять хозяин приказание данный вследствие располагаться они тесный квартира десять человек матрос будто для наблюдение проказа нечистый 
37005	 долго смотреть серьезно его проказа как подыматься цыпочки 
37005	 весь слуга дрожать осиновый лист чтоб попадаться свидетель проказа барин затаскать замаривать тюрьма 
37005	 так говорить левко разгульный товарищ свой подговаривать новый проказа 
37005	 однако несмотря весь неудача хитрый чорт оставлять свой проказа 
37005	 выныривать ухватываться водорез ватерштаг вылезать бушприт стоять долго почесывать затылок оглядываться кругом такой проказа сон 
37005	 догадываться что весь это проказа заморский выходец новобранец наш сидор 
37005	 литература известный небольшой комедия проказа ревнивый который если 
37005	 молодо зеленый говорить старик про себя гордый улыбка смотреть его проказа 
37005	 старик рассказывать старый проказа свой молодой травля охота 
37005	 слагать рука грудь стоять чудный незнакомец стенка довольный иронический улыбка смотреть след свой проказа 
37005	 совершать злодеяние граф позвать ловчий всегдашний поверенный его проказа вместе выбрасывать труп 
37005	 мой мать сестра поехать она тверь где еще иметь огорчение узнавать мой прежний любовный проказа некоторый современный 
37005	 этот приключение уверять напоминать прежний время гусарский проказа 
37005	 наказание проказа этот шалун заставлять смотреть 
37005	 они беспрестанный делать проказа свой учитель сестра 
37005	 ножов давно известный полиция разный проказа слух переводиться 
37005	 доселе кикимора делать только добро холить ребенок прясть хозяйка никто она видать слыхать этот пора видно она раздразнивать шептание колдовство она становиться ночь делать всякий проказа 
37005	 проказа униматься только мяукание фырканье 
37005	 право доходить наконец гаврилад приписывать она доносить вроятно отвчить чуж проказа если 
37005	 сметь спрашивать свой барин привыкать малолетство быть при несмотря небольшой свой проказа быть искренно приверженный 
37005	 вторник утро входить храм жидовский толковать собираться посетитель затруднительный место ежедневный молитва рассказывать подвиг угодник проказа злой дух прочее 
37005	 площадной шут удаваться прикрывать свой проказа коготь узнавать 
37005	 сколько жид упрашивать цыганенок только вертеться вокруг дразнить подергивать длинный рыжий пейсики пол платье делать разный проказа 
37005	 тронуть замок валиться отмыкаться без ключ червонец шевелиться сундук богач кто так зорко приглядать проказа гуляка душа они 
37005	 изволить милый если приятно слышать проказа польский чудак нежели мука 
37005	 как любовь бывать лекарь свет видывать раз теперь она аптекарь час нет она без проказа 
37005	 такой образ продолжать напевать подпевать выдумывать разный проказа кой отчасти быть знакомый 
37005	 рассказывать для смех забавный мой сей счет проказа 
37005	 проказа мой разнестись весь полк 
37005	 любовь никто так проказа влечь как лицо без 
37005	 она знать ничто мой тверской проказа мочь быть 
37005	 мать женщина уже год сорок лишек сметливый хорошо образованный иностранка сквозь палец смотреть проказа свой дочь заниматься 
37005	 жена мой очень захотеться записывать куда-нибудь потому что как сказать уже один место гвардия быть вместилище весь ребенок дворянский нередко еще родина благородный дама знакомый кто-либо начальник гвардейский полк удовольствие давать она паспорт для будущий сын она впредь окончание наука который оставаться место для имя оно вноситься после родина случай рождение девочка паспорт отдаваться назад уничтожение такой проказа быть очень нередкий иной 
37005	 скоро паки примиряться этот госпожа несмотря весь этот приключение иметь наглость другой день приезжать вечер бояться чтобы это когда-нибудь открываться муж который начинать она обходиться по-берейторски любить очень много спускать она этот проказа она беспрестанный езжать 
37005	 мясоедов уметь однако вывертываться свой проказа чтоб совсем 
37005	 мало все этот проказа чтоб много рассмешить вселенная 
37005	 уверенный быть она никакой она проказа ожидать 
37005	 так точно позабывать сегодня проказа игра прежний день глядеть 
37005	 как это называть проказа беневольский сказать точно так как 
37005	 феклуша заплакать протягивать рука сказать чувство соболезнование это весь батюшкин проказа где 
37005	 подобный странность проказа подавать мысль написать 
37005	 граф витгенштейн занимать полоцк действовать далее весь тот край очищать проказа француз нет 
37005	 одевать быть синий куртка такой лацкан быть молодец себя часто шинок делать разный проказа палка бегать 
37005	 часто кавалерийский офицер ездить перестрелка проказа запрещение сначала быть 
37005	 для облегчение совесть весь рассказывать альбини который насмеяться вдоволь мой проказа велеть пить зельцерский вода 
37005	 равномерно проказа там очень обыкновенный особливо между 
37005	 эраст делать иногда маленький проказа ссориться товарищ нередко 
37005	 тут надобно ломать голова надобно только вспомнить проказа свой книга готовый 
37005	 делать всякий проказа быть сечь 
37005	 другой раз как место сие поминать образ захватить быть уже иной догадать сделать другой проказа 
37005	 расставаться приезжать темный земля где твой проказа заставать весь смятение 
37005	 лозанна бывать всегда наполнять молодой англичанин который приезжать сюда учиться по-французски делать разный глупость проказа 
37005	 все быть веселый весь смеялисить слушать как резвый лизет рассказывать свой проказа 
37005	 отец павел привыкать еще наш проказа обретать они более нежели 
37005	 развратный нрав корыстолюбивый откупщик лукин давать восемь тысеча двор наворовывать деньги подарь его народный училище чин капитанский получать прокофей демидов привоживать под висилица пашквиль быть под следствие битье дом свой секретарь юстиц-коллегия делать беспрестанный наглость проказа противный всякий благоучрежденный правление 
37005	 дама любить чтоб проказа видный быть 
37005	 хотя угрызен раздражать ехидна вливать кровь весьма вредный при все мясо она весьма полезный врачевань оно служить очищенить кровь употребительный также проказа чесотка зоб злой 
37005	 подобно как тот бегать бояться прикасаться кто неисцельный проказа или который скорбь кольцо 
37005	 некоторые какой желать рассматривать качество возможный супруга девушка другой национальность даже если десять раз узнавать она хороший сторона словно это проказа какой-то быть девушка 
37005	 колоть никогда нельзя долго находиться вместе непременно устраивать какой-нибудь бессмысленный проказа заваруха 
37005	 правда несмотря соблюдение строгий гигиена снег заболевать оспа отдельный место черный становиться рябой затем ослаблять подхватывать даже проказа вот казаться монолитный 
37005	 крошечный аэропорт люксембург кажется такой крошечный как этот царство королевство монарх ограничивать парламент наоборот голова сразу какой-то спальня кисейный полог камин ослеплять разогревать золото решетка портрет собачка кулачок проказа наследник задирать юбка раскраснеться мулаточка 
37005	 вот князь долгорукий ссылать пермь верхотурье проказа 
37005	 пятый день спадать высоченный температура именно утро весь нормальный человек температура повышаться вечер безобразный лихорадка как проказа настоящий нарыв нижний губа 
37005	 вот как двадцать год человек быть опасно ступать заражать проказа земля человек который 
37005	 какой там проказа она человек лечить 
37005	 они должный гнать деревня как соблазнитель как проказа 
37005	 приходить житель другой барак предлагать большой деньги просить написать холера оспа или хотя проказа дашаянц какой 
37005	 соглашаться изрубать соперник кусочек медный пятак выменивать какой-нибудь редкий первый мир вирус который сначала отваливаться ухо потом все остальное какой-нибудь такой испанский воротничок который складывать легенда еще пионерлагерь быть мой воля этот эпидемический лотерея охотно выменивать обыкновенный триппер последний форма проказа это быть даже 
37005	 рассердиться вдруг начальство уставать наш проказа вот приходить штаб 
37005	 вот навязываться проказа мой шея покой нет 
37005	 ночь просыпать под шуба раздеваться блаженно крепко сладко как спать ребенок после целый день беготня проказа 
37005	 первый момент открытие какой-нибудь проказа конечно мало доставлять удовольствие печка 
37005	 все равный сколько год какой ожесточенность скоблить черепица проказа свой грех быть 
37005	 анна тихоновна степенный благовидный вдовица опрятный учтивый лицо манера почтенный нянюшка добрый старый время ссылаться исправление женщина виноватый непокорство или какой-нибудь проказа тоже второй третий 
37005	 какой злой шутка мочь позволять себя показывать следующий проказа 
37005	 это очень важный иной раз увлекаться какой-нибудь проказа сидеть про все забывать 
37005	 там быть юность нежный озарять душа голос ясный любовь заманчивый кружить голова жуткость все полно радостный звучащий жизнь темный горе восемь год потрясение исступленный жажда слезать проклятие чудовищный безобразный жребий проказа время гора обрушивать ребенок 
37005	 целый день провожать товарищ проказа всегда невинный переходить 
37005	 если кто товарищ опаздывать молебен или доходить слух какой-нибудь проказа гимназист или видеть классный дама 
37005	 мочь выступать мой память так заманчивый приветливо этот увеселительный проказа если основа они 
37005	 целый день она придумывать проказа 
37005	 улыбаться без повод просто сам себя случайно припоминать какой-нибудь легонький проказа который быть действовать 
37005	 как прийти непременно какой-нибудь судебный проказа рассказывать иногда соединенный 
37005	 вот после целый ряд проказа часть оздоровление корень она 
37005	 мало разный проказа надо строить 
37005	 весь они быть крестник бабушка она весь они знать имя один пожурить какой-то проказа все приласкать все оделять дешевый 
37005	 другой сторона так подмывать устраивать какой-нибудь проказа 
37005	 ловчиха только рука разводить ждать какой еще далеко проказа сделать 
37005	 уметь также кума предварительно входить плутовской сделка кабатчик затащить дурашливый горожанин вонючий сельский кабак который пьяный глаз получать тогда поучительный значение народный клуб весь этот слово кума расприятный место горожанин должный быть больший часть против свой воля одурь пить водка швырять целый горсть деньги какой-то сирота сплошь залеплять как библейский проказа какой-то благочестивый слезный креститься 
37005	 там первый вход комната проволочный решетка точно птица какой сидеть жид сильный след лицо рука проказа несмотря это домна осиповна 
37005	 этот чистый поцелуй быть целение мой королевецкий проказа притом какой святой 
37005	 дуэль или какой-то проказа быть посадить выборгский 
37005	 вяземский вот еще проказа перовский приятель его быть жених 
37005	 вот жемчуг печатный проказа злость 
37005	 отец все вместе каждый порознь гость рекомендовать этот четырнадцатилетний чадо млеть будущий свой надежда рассказывать подробность рождение воспитание какой кто способность про острота проказа просить проэкзаменовать они поговорить 
37005	 некто приносить старец деньги говорить вот твой потребность состариться больной быть покрывать проказа 
37005	 вот если маланья петровна приезжать тут быть проказа 
37005	 вот хоть теперь потакать этакий проказа 
37005	 вот хоть теперь потакать этакий проказа этот 
37005	 третий или четвертый год наш благополучный стоянка город муром перевести быть наш полк какой-то проказа капитан гвардия год 
37005	 вот это весь твой проказа вот позволять свой гувернантка 
37005	 напроказить быть помнить его проказа ничто исправлять потом вот 
37005	 один вечер когда съезжаться кой-кто сосед навезти невеста богатый жених иван яковлевич быть необыкновенно дух строить проказа диво надрываться чтобы утешать 
37005	 один такой вечер наш художник павлусь небрежность как-то лениво убираться знахарка выскочить улица ради какой-то новый проказа 
37005	 иной щипнуть ухо другой подкрадываться тянуть долой шапка третий подставлять нога конь мой прыскать лицо холодный роса каждый дупло казаться пищать какой-нибудь пук или ариель защемлять туда проказа 
37005	 говорить левко очнуться свой изумление глядеть вслед уходить ругательство голова вот какой водиться проказа славно 
37005	 крайний мера должный отвечать перепечатание грех мой отрочество паче чужой проказа 
37005	 этот друг который павел знать под имя варфоломей часто наставлять такой проказа какой голова 
37005	 другой день краткий отдохновение ходить смотреть разный поражение сей буря тогда как повсюду под глаз нога наш представляться проказа ибо инд плотина прорвать 
37005	 рассказывать они домовой леший оборотень разный род пакость какой строить они правоверный удальство старинный наш витязь проказа злой дух чародей 
37005	 поживить несколько время вознамериваться пойти оный для какой быть еще проказа 
37005	 какой черт должный ночь спать из-за ваш мальчишеский проказа 
24456	 человек приходить сюда различный причина ребенок узнавать проказа любимец взрослый надеяться кто поправлять 
