label	text
24456	 взрослый умиляться сразу забывать прежний проказа 
24456	 сделать голос бархатистый становиться расшатывать рыжеволосый взбалтывать память она говорить погода наводнение который обещаться осень студенческий проказа 
24456	 еще какой проказа выдумывать хлесткий первый 
24456	 опять какой-нибудь проказа сказать смеяться григорий иванович 
37005	 лев пирогов муж несомненно где-то горизонт этот ужасный слово погромыхивать таз личный неустроенность профессиональный несостоятельность психопатия мочь быть даже проказа или чума 
37005	 время черный смерть европа разгромить почти весь лепрозорий убивать множество больной проказа 
37005	 это самовыражение личность это болезнь это все равный что пропагандировать проказа должный идти 
37005	 болезнь который компания направлять усилие контроль искоренение становиться висцеральный лейшманиоз болезнь шагас американский трипаносомоз сонный болезнь африканский трипаносомоз лепра проказа лимфатический филяриатоз речной слепота онхоцеркоз 
24456	 как автор книга для родитель представитель старый литературный эпоха вынуждать переписывать форматировать свой текст как инструкция воспитание ребенок сопровождать комикс который показывать ложный правильный реакция детский проказа 
37005	 черный кровь страшный болезнь проказа бог говорить именно такой кровь 
24456	 сам слово пранк быть заимствовать английский язык где существительное означать проказа шалость проделка розыгра 
37005	 они бояться общественный мнение который навешивать они ярлык прокаженный проказа болеть почему-то преимущественно мужчина может 
37005	 проказа или лепра как туберкулез 
37005	 вновь готовый переболеть любой проказа любой чума 
24456	 петь шалость любовь венерин проказа как мало соловей 
24456	 кан корсо заботливый нянька прекрасный компаньон игра обожать малыш позволять они любой шалость проказа 
24456	 про блокада рассказывать про дорога жизнь который водить поезд про детский проказа юношеский увлечение вот 
37005	 верить что быть ненависть признанный классифицировать болезнь как например проказа иностранный специалист приезжать изучать 
24456	 хотеть снова возвращаться разжиреть плюшка пряничек большеглазый дитя рыдать ночь проказа злой насмешник жестокий тихонь 
24456	 гимназия николенька быть бойкий малый всеобщий любимец главный подстрекатель зачинщик весь проказа мастер строить комичный рожа 
24456	 вспоминать наш учитель давнишний проказа общий весь выпуск знаменитый 
24456	 над учитель свой сашенька смеяться устраивать злой проказа 
24456	 унаследовать мать чисто славянский преданность друг забывать превращение веселый умненький подружка детский проказа игра великий княгиня 
24456	 она обожать малыш позволять они любой шалость проказа 
37005	 повод развод считаться также неспособность брачный сожитие бесплодие жена безвестный отсутствие один супруг неизлечимый болезнь например проказа принятие один супруг монашество 
24456	 указывать этот узкий счастливый лазейка мочь мичман хомчук тот страдать излишний любопытство удовлетворение который мочь пойти вред маркин время лицо служака годиться маркин дед набегать добродушно снисходительный усмешка строгий воспитатель наперед знать весь наивный детский проказа безмозглый школяр 
37005	 судовой врач окончательно успокаивать заявлять что инкубационный период проказа около двадцать год 
37005	 итак кроме прелюбодеяние вступление один сторона новый брак повод для законный развод быть признавать также отпадение супруга или супруга православие действительно невозможно себя представлять себя семья состоять православный христианка муж мунит последователь виссарион или член богородичный центр противоестественный порок понятно что какой санкция церковь противоестественный сожительство два лицо один пол как делать ныне многий протестант мочь быть речь ныне когда-либо будущее неспособность брачный сожитие наступать брак или являться следствие намеренный самокалечение заболевание проказа или сифилис первый поскольку делать 
37005	 средневековый мусульманский богослов аль мутанный говорить что иисус исцелять слепорожденный прокаженный именно для чтобы самый доказывать иудей что пророк поскольку прирожденный слепота проказа неизлечимый 
37005	 заболевание при амбулаторный лечение который весь лекарство указанный перечень отпускаться бесплатно относиться диабет онкологический шизофрения эпилепсия спид вич-инфекция лепра проказа психический заболевание инвалид 
37005	 еще давний время авиценный канон врачебный наука писать что волчий лыко хорошо проказа нервный болезнь головокружение 
24456	 никак они даже целоваться цикл детский проказа 
37005	 репродукция картина продаваться повсюду так как доход идти фонд борьба какой-то ужасный болезнь проказа или анорексия точно помнить 
37005	 так новый как фамилия попов как холера проказа как чума плач ребенок 
37005	 устанавливать разница причина заражение чума холера первый описывать проказа желтуха сибирский язва 
24456	 молодой барятинский лермонтов часто бывать заводила проказа шалость начальство смотреть 
24456	 тогда должный уезжать это проказа фагот все уже надоедать 
24456	 вот насилие безобразный словно проказа проникать сюда 
24456	 так что блуд уборщица дворовый шуточка разный там тити митя дамочка соседка травяной улица также щипание женский ягодица когда бывать случай включая собственный жена собственный постель вот собственно весь проказа наш селадон 
24456	 оказываться они вместе учиться омский школа милиция теперь весело вспоминать юношеский проказа 
24456	 детишки весь время сударь нелегко быть терпеть весь наш взрослый проказа 
37005	 изумруд например спасать человек лихорадка падучий болезнь проказа 
37005	 носить аметист подвергаться проказа чесотка подобный болезнь гиацинт 
37005	 народ окрестить проказа больной прокаженный 
37005	 впрочем казахстанский лепрозорий говорить что случаться среди больной самоубийство проказа непредсказуемый коварный болезнь мочь 
37005	 издавна быть отмечать что очаг лепра возникать часто все устье крупный река что они мочь существовать столетие один тот место стоить удаляться очаг хотя несколько десяток километр как вероятность заражение заболевание проказа исчезать 
37005	 его селение вывозить барс кельмес потому что начинаться проказа 
37005	 как тогда быть перемещение горизонталь тоже раз спасать чума холера проказа малярия 
37005	 освобождать мука ниспосылать человек водянка проказа лихорадка подагра тяжкий ран 
37005	 опять брать вишневый сад просто болезнь допускать проказа 
37005	 знать что плечо творческий подвиг достойный бах решать подниматься живой деяние выпускать врач уезжать африканский тропики лечить туземец вымирать сонный болезнь проказа туберкулез 
37005	 подумать только ведь кроме грипп быть еще чума холера проказа 
37005	 становиться быть быть мысль сильный весь несчастие неурожай истязание чума проказа весь который 
37005	 знакомый врач начинать наводить справка лечение проказа 
37005	 этот лечение прибегать данный случай только мазать рука энергично под влияние тревожный мысль что болезнь мой лишать проказа 
37005	 приходить убеждение что это проказа считать себя обреченный 
37005	 узнавать что петербург жить главный специалист проказа деятель борьба 
37005	 наказание мнительность записывать член учреждать общество борьба проказа 
37005	 какой это идти сравнение эпидемия чума холера проказа туберкулез 
37005	 между тяжелый хронический инфекционный заболевание проказа чисто косметический недостаток кожа 
37005	 песя считаться даже более позорный болезнь чем проказа 
37005	 разграничение понятие проказа витилиго много труд уделять 
37005	 белокожий наблюдаться при некоторый форма проказа потому смешивать этот болезнь 
37005	 если при проказа обесцвечивать участок совершенно лишенный чувствительность 
37005	 смалывать боб настаивать растительный масло смазывать они поражать проказа или белокожие место 
37005	 например чума туляремия эпидемический сыпной возвратный тиф возникать при активный участие вошь блоха высказываться предположение что клоп мочь переносить палочка чума туберкулез проказа 
37005	 рассказывать как двадцать год назад сразу после оккупация лошадиный лощина быть создавать лепрозорий карантинный лагерь для лицо страдать так называть желтый проказа или очковый болезнь 
37005	 невидимый чудовище страшно чума проказа подстерегать неосторожный 
37005	 после это бояться смерть нет чуточка бояться смерть подавать она кто хотеть хоть сам холера хоть чума проказа 
24456	 парта класс оставаться только след наш детский проказа ненадолго быть 
37005	 приходить ненадолго ельшин дева болеть зуб мочь без проказа час 
24456	 этот история который казаться должный быть вызывать серия воспоминание проказа шалость неисправимый лермонтов повлечь 
37005	 солнце жарко муха бередить парша человек болеть проказа тот этот место много 
24456	 проказа шалость оживлять весь дом 
24456	 этот строгость распространяться даже неосторожность огонь кипяток если жечь рука обвариваться кипяток падать получать повреждение при детский проказа затея естественный наказание 
24456	 вспомниться графиня который встречать там биограф пушкин дознаваться фамилия быть графиня стройновская вспоминаться тогдашний проказа шалость тешить так весело 
24456	 они глядеть как проказа шалость прелесть 
24456	 целый день ходить рассеянный смущенный отвечать бледный улыбка проказа ласка маленький принц 
24456	 давать слово тасенка никогда лазать дерево вообще стараться удерживаться шалость проказа 
24456	 сей пора пансион быть шалость детский проказа непослушание каприз 
24456	 перламутровый столик аполлон аполлонович поставлять стакан вдруг старчески рассмеяться что-то как смеяться мальчишка проказа веселый дядя локоточка толкать друг 
24456	 рыхлый нездоровый желтый лицо степа дурнин апатичный болезненный девочка живой бойкий черноглазый танюша морозкин любимица роза федоровна острый язык девочка который сторониться сверстница именно это чрезмерный умение угождать розка как называть глаз мастерская старший закройщица анютка отчаянный девочка проделывать невероятный вещь смысл шалость проказа подвергаться менее невероятный 
24456	 ненастный погода княгиня слушать музыка или смеяться проказа сычик зима развлекаться 
37005	 закрытие конгресс сопровождаться неизбежный речь министр иностранный дело всеобщий мир третейский суд международный справедливость американский врач открывать бацилла проказа теперь этот страшный болезнь оставаться 
24456	 прокаженный жрец подымать рука небо заклинать смеяться скверно знать конец праздник знать что прийти девственный посвящать бог проказа 
37005	 одесса китайский подданный ромаз пешком добираться азия одесса чтобы затем следовать паломник мекка заболевать здесь проказа помещать городской больница 
37005	 тэн ребенок отнимать проказа болеть 
24456	 воспитанница заведение разделяться три категория умница благонравный прилежный благочестивый девочка соблюдать весь монастырский правило дьявол лентяйка шалунья тайно явно нарушать предписание начальство глупый приставать один первый категория смеяться проказа дьявол смиренно опускать глаз перед 
37005	 такой минута этот валяться тьма недуг мир нельзя подходить иначе как предварительно погружаться тот самый тьма болеть тот самый проказа который грозить оно истреблять 
24456	 пробежать заяц косой проказник замысловатый свежий пороша напрыгаться налагаться крюк выкидывать сажень три под кочка улечься снежок загребать притаиться казаться свет нет мальчик плутишка заутр клюква пойти смеяться след глядеть проказа его экий увертливый подумать ведь 
24456	 вспомнить какой проказа здешний место строить 
24456	 шалость проказа своевольство хотеть большой число 
24456	 наступать зима поехать москва опять увидеть рудольф дурочка сказать она что любить она самый дело она любить как любить детский проказа шалость 
37005	 неужели ясно что начинаться проказа 
37005	 объяснять это мочь ничто иной кроме как милость всевышний видеть что проказа выходить 
24456	 колоть никогда нельзя долго находиться вместе непременно устраивать какой-нибудь бессмысленный проказа заваруха 
37005	 год проказа считаться неизлечимый больной отторгаться 
37005	 подумать проказа господин это быть просто результат 
37005	 помнить ватикан площадь перед собор обелиск собирать деньги больной проказа кругом быть плакат фотография 
24456	 вспоминать все парта который сидеть учитель проказа юношеский роман 
37005	 год поместный собор российский православный церковь определение повод расторжение брачный союз освящать церковь признавать качество таковой кроме прелюбодеяние вступление один сторона новый брак также отпадение супруга или супруга православие противоестественный порок неспособность брачный сожитие наступать брак или являться следствие намеренный самокалечение заболевание проказа или сифилис длительный безвестный отсутствие 
37005	 происхождение образ существовать такой легенда авгарь князь едесский быть больной проказа тут нетрудно замечать сюжет 
37005	 вот как двадцать год человек быть опасно ступать заражать проказа земля человек который 
37005	 будто бежать отсюда наспех будто проказа или будто нейтронный бомба именно 
37005	 здесь погребать филипп теофраст превосходный доктор медицина который тяжелый рана проказа подагра водянка другой неизлечимый 
37005	 правый петя отсюда надо немедленно бежать тут проказа нужно работать как это делать 
37005	 сентябрь единственный колымский месяц милостивый человек как всегда щедро одаривать нежный желтоватый солнце паутина брусника кедровый орешек проказа шустрый бурундук 
37005	 потом появляться черный всадник чума проказа всякий мор поражать многострадальный 
24456	 проказа разве мать мало любить свой 
37005	 считать проказа очень заразительный болезнь записывать 
37005	 иногда думать сказать франсуа когда они проходить несколько шаг молчание что ничто мочь быть печальный это хороший проказа хорошо смерть приходить 
37005	 однако тут замечать если серьезно принимать что рассказывать записка сумасшедший выход иной нет нужно либо отрекаться толстой отделять общество как средний век отделять больной проказа или иной страшный прилипчивый болезнь 
24456	 как сейчас видеть обжигать солнце добрый круглый морщинка вокруг серый глаз лицо большой рука который размахивать при разговор его трубный голос весь день раздаваться просторный комната старинный барский дом широкий двор убирать поле рига где греметь конный молотилка старый сад прибежище наш игра проказа 
24456	 весь зима вспоминаться сухолом многолюдный добровский семья наш детский приключение проказа 
37005	 сонет урод прославлять кривой кактус побег белена змея ящерица отверженный роды чума проказа тьма убийство беда гоморра 
37005	 если три четверть юнкерский энергия труд уходить преодоление наука так как мой реальный училище четверть идти проказа 
37005	 однажды слуга доглядывать иоасаф встречать два человек один покрывать проказа другой слепой узнавать что 
37005	 весь тот легкость который сходить рука этот проказа борьба объясняться что 
37005	 угроза изменять условие мой существование изолировать политический деятельность звучать так как если быть ссылать километр москва километр железный дорога примерно такой расстояние граница пустынный западный провинция китай местность где злой малярия разделять господство проказа чума 
37005	 если серьезно принимать что рассказывать записка сумасшедший выход иной нет нужно либо отрекаться толстой отделять общество как средний век отделять больной проказа или иной страшный прилипчивый болезнь 
37005	 душевный расстройство при инфекционный соматический заболевание общий отдельный орган тиф оспа полиартрит пневмония инфлуэнца хорей возвратный тиф малярия сепсис туберкулез бешенство проказа сонный болезнь 
37005	 щека стягивать морщина морщина это вожжа подбородок ваш вол нос возница больной проказа остальное поклажа воз 
24456	 паяс номер вспомнить старый свой проказа паясничать было весело 
24456	 француз стоять полоса свет бить густой сметанный белизна окно котелок затылок расставлять нога приятно улыбаться показываться юнкер похожий веселый герой экранный проказа макс линдер над лицо который 
37005	 самый ужасный болезнь проказа когда медленно заживо разлагаться тело 
37005	 склонный думать что антисемитизм неоспоримый как неоспоримый проказа сифилис что мир быть 
37005	 это быть чума проказа волчанка ревматизм тысяча другой 
37005	 надо хмуро отрезать родамус отсыпать сколько угодно деньги как голландский так иностранный валюта это прибавлять вне договор хорошенький проказа быть этот 
37005	 один мысль резня израиль посылать господь голод пожар чума проказа 
37005	 варшава прага около интендантский склад неизвестный смертельно ранить часовой рядовой кексгольмский полк измаил зарегистрировать больной проказа севастополь военный суд оправдывать 
37005	 серокский уезд обнаруживать семья больной проказа 
37005	 глянуть православный глянуть скоро йето считаться старинный заведение болезнь проказа 
37005	 этот опера исполнительница главный партия приходиться страшно уродовать себя грим чтобы придавать лицо вид маска язва проказа 
37005	 что как такой общественный проказа этот тщеславный разорительный погоня 
37005	 сколько вглядываться микроскоп микроб чума холера чахотка сифилис проказа рак 
37005	 господи что делать человек чума или проказа прежде чем совсем заживо 
37005	 среди хозяйка мясной лавка рынок обнаруживать один больной проказа 
37005	 онуфрий муж опасный вроде проказа человек покрываться факт зуб 
37005	 оно для гнилой проказа насквозь разъедать неисцелимый больной 
37005	 севастополь санитарный надзор обнаруживать заболевание проказа крестьянин колчанов 
37005	 как следовать ожидать после такой потеха над немец который кстати сказать принимать никакой участие так как быть вообще робкий застенчивый совершенно неумелый этот род проказа мальчуган беспощадно ставить кол 
24456	 вон мышка живой веселый девочка несмотря свой год отрешаться чисто ребяческий шалость проказа 
24456	 сережа бобка испуганный болезнь юрик заметно притихать уже думать обычный шалость проказа 
37005	 казенный винный склад москва среди рабочий обнаруживать случай заболевание проказа 
37005	 немедленно принимать быть весь необходимый мера факт этот интересный лишь потому что москва случай заболевание проказа регистрироваться чуть раз 
37005	 блюментрост успокаивать что водка венерический проказа который последний 
37005	 это впрочем мешать принимать деятельный участие бенефис другой проказа 
24456	 замелькать перед глаз любимый старинный слово скала дубрава бледный луна одиночество привидение призрак ерот роза лилия проказа резвость младой шалун лилейный 
37005	 для ученый иов быть пациент страдать проказа быть неизлечимый болезнь для 
24456	 они идти наш квартира она наш образ жизнь который академия оставаться такой как розовый дом уже описывать потому пока обходить останавливаться дверь мартос чтобы описывать подробно арена наш проказа шалость 
24456	 сначала крузенштерн смотреть сквозь палец проказа молодой граф скоро шалость 
24456	 урсула аврора предаваться свой любимый игра сказка давать полный воля воображение ипполит который быть год старый девочка она проделывать разный шалость проказа приводить ярость отчаяние 
24456	 аврора первый день примыкать дьявол принимать самый деятельный участие весь проказа затея 
24456	 свидетельство ростопчина проказа шалость шутка всякий род 
37005	 нет хорошо молча идти течение благо ненавистник благодаря кумовство относиться благодушно скоро шутливый тон нежели серьезно напоминать недавний проказа 
37005	 боже хоть мой лицо искажаться судорога покрываться язва проказа если действительно быть 
24456	 вспоминать мать филагрий прежний фленушка тот проказа что выкидывать она добродушный 
37005	 быть сверстник более тот год падкий всякий проказа холостой кутеж 
24456	 проведывать про дочкин проказа старый трифон указывать она 
37005	 затейный рассказ что всякий проказа взять 
37005	 соображаться веяние время твердо уповать что жизнь возможный для лишь под один условие под условие что обязываться ежемгновенно неукоснительно трепетать помпадур борьба или проказа будущее детский год 
37005	 сколько быть проказа что год 
37005	 отрезать коли кто раз этот проказа засаживаться так никакой раскаяние оттоле 
37005	 так обыкновенно относиться старший член семья последний проказа юноша идти трудный поход 
37005	 что сробеть выкидывать такой штука это подлежать сомнение быть подобный положение чтобы подобный проказа быть доступный 
24456	 отец все вместе каждый порознь гость рекомендовать этот четырнадцатилетний чадо млеть будущий свой надежда рассказывать подробность рождение воспитание какой кто способность про острота проказа просить проэкзаменовать они поговорить 
37005	 потому достойный мой глуповец что хотя согражданин твой поражать проказа воздух глупов чистый ибо 
37005	 много раз замечать продолжение мой жизнь что самый строгий господин прислуга пускаться отчаянный проказа 
24456	 негодный девчонка отвечать все вертеться улица вечер тут шататься бушмен тихонько вызывать мальчишка девчонка воровать они вместе делать разный другой проказа 
24456	 аркадий нечего быть объяснять сам рассказывать наш проказа вдвоем над они 
37005	 кадет весьма умно советовать идти полка выпариваться опасаться новый проказа отказываться схватывать шайка грозить 
37005	 господин беречься романтизм прерывать николай иваныч очевидно уклоняться прямой путь это такой заразительный болезнь который стоить иной проказа 
37005	 становиться это думать такой проказа зачастую ваюта 
37005	 замечать обман наказывать они грозный слово посох или временный опала часто закрывать глаз тот проказа который вредить 
37005	 останавливаться бояться пошевельнуться думать что доставаться мой вчерашний проказа удивление тетушка 
37005	 стыдно старый пес что взирать мой строгий приказание доносить сын мой петр андреевич что посторонний принуждать уведомлять его проказа 
37005	 статься что государыня проведывать проказа господин волынский заставлять 
24456	 рассказывать любезный сказать суровый голос что проказа делаться дом 
24456	 говорить левко очнуться свой изумление глядеть вслед уходить ругательство голова вот какой водиться проказа славно 
37005	 бог весть такой веселый быть нрав что умничать важничать хотеться проказа идти или 
24456	 она искренность неожиданный проказа детский легкомыслие производить начало 
37005	 видеть что здесь без твой проказа шут шут далеко видеть 
37005	 как это называть проказа беневольский сказать точно так как 
37005	 подобный странность проказа подавать мысль написать 
37005	 подобно как тот бегать бояться прикасаться кто неисцельный проказа или который скорбь кольцо 
37005	 однажды под зловещий знак узлик проходить целый месяц ключик ждать проказа быть отчаяние что 
37005	 говорить что где-то япония уже выращивать чудовищный гибрид смертельный тропический лихорадка скрещивать бактерия столбняк сапа проказа 
24456	 сердце сильно биться сам знать почему боязнь сопровождать молодой наш проказа составлять главный прелесть 
37005	 проказа герцог ришелье алкивиад новый афины 
24456	 становиться исчислять проказа наш живописать наш промысел 
37005	 несколько день назад услышать что больной проказа 
37005	 некоторые какой желать рассматривать качество возможный супруга девушка другой национальность даже если десять раз узнавать она хороший сторона словно это проказа какой-то быть девушка 
37005	 последний проказа лужа новый диван 
24456	 вырываться свобода упрямец продолжать свой рискованный проказа 
37005	 ухаживать больной католический монашенка местный житель руководимый сестра паула люцерна больной проказа танзания оставаться немного эксперт 
37005	 поэтому чтобы избавлять общество проказа навсегда нужно прежде все просвещать 
24456	 второй прославляться юность любовь охота разный проказа начало северный война вдруг 
37005	 совершенно понимать впрочем наверняка понимать прислуживать немцов что этот неравенство денежный содержание прочий условие служба офицерский состав прапорщиков мичман такой контрактник сверхсрочник элитный неэлитный воинский часть свой род разделение личный состав белый черный быть проказа который разъедать или бомба который 
37005	 именно женщина сида обучать человек основа бытовой магия врачевание трава заговор именно они король переходить сакральный обязанность способность лечить тяжелый недуг основной проказа наложение рука 
24456	 про коза овца проказа лютый молодой гостинодворец 
24456	 оба посол наделять большой чувство юмор что убеждаться рассказывать они телефон какой задумывать проказа 
37005	 судя задушевный беседа полковник бессарабский проказа мой никто интересовать хотя 
37005	 через несколько день встречать театр знакомый который как-то странно отчужденно здороваться останавливаться проходить далеко театр здороваться вести себя так как будто заболевать проказа 
37005	 буйный братство проказа соединяться один бесконечно септический 
37005	 князь петр давид вступать муромский престол год когда уже быть больной проказа 
37005	 однако обижаться подобный проказа быть принимать 
37005	 или мочь быть проказа становиться менее опасный 
37005	 слово преподобный андрей тот что слово великий писатель мир они ложиться душа спокойно мирно соделывать терпеливый зрячий одновременно поставлять перед содетель всяческий который тихий любовный беседовать душа человеческий образ драгоценный камень страждущий иов знак свеча образ излиять мир слезать или исцелять проказа рука моисеева 
37005	 свой нос сменить служебный очки рассчитать для хождение тусклый вечерний улица повесить согнутый больной рука дерматиновый сумка страдать стричь лишать проказа одновременно 
37005	 как думать проказа это хитрющий сила андреич 
37005	 как засыхать душа струп проказа сочить тревожить под 
37005	 вроде менее грешно спасать памятовать его проказа 
37005	 развлечение проказа раз раз становиться все 
37005	 страшный проказа бытовать здесь край 
37005	 мориак искать корень всеразъедать безнравственность современный человек искать способ спасение человечество этот духовный проказа 
37005	 когда после очередной проказа лида прятаться спина анастас 
37005	 каком-то словарь прочитывать что мнение некоторый ученый инкубационный период проказа бывать тридцать год 
24456	 конец конец чужой сторона растеривать михайлушко свой веселость готовность шутка проказа 
37005	 помнить блокадный ленинград улица выщерблять воздушный проказа черный скелет разбитый фасад 
37005	 человеческий мягкость доброта молодой ученый говорить уже его выдающийся способность всякий раз приобретать особый убедительность когда писатель показывать бедняк горин рядом изысканный элегантный тони хэвиленд чей душа как поражать проказа цинический равнодушие человек наука 
37005	 один они пассажир французский судно потерпеть кораблекрушение вод остров этот человек предполагаться проказа исключать что подозрение неосновательно 
37005	 придумывать этот проказа тот изобретательный кузярь 
37005	 нет ничто опасный как если она под вид узаконивать время народный обычай установление захотеть усваивать что-либо печальный наследство оставлять растленный большевизм все что прикасаться его разлагать безбожный рука грозить снова заражать старый проказа 
24456	 первый момент открытие какой-нибудь проказа конечно мало доставлять удовольствие печка 
37005	 шалость драка проказа быть чуждый мой сын 
37005	 газета сообщать нередкий случай проказа этот область 
24456	 перрон похаживать веселый компания подвыпить терец балагурить ржать душа потешаться над свой проказа 
37005	 отец после смерть соловьев выбирать быть опекун его сын опекать грозить правый рука проказа левый толкать 
37005	 ужас останавливаться оказываться покрывать страшный язва проказа заживо сгнивать человек 
37005	 между анна павловна носик белый проказа это 
37005	 нет мороз проказа просто пудра брокар приобретать 
37005	 побеждать суметь оставлять свой победитель наследие чума проказа 
37005	 подходить ворота госпожа никодим вскрикивать разом неожиданность ужас оба сторож быть изуродовать проказа последний степень безобразие 
24456	 теперь она окончательно вкрадываться его сердце весело засмеяться сверкать ровный зуб опять потрепать плечо все прошлый выходка быть очевидно проказа подросток теперь она вдруг 
37005	 рязань гостиница казанский женский монастырь обнаруживать больной проказа 
37005	 нищий ровный церковный напев продолжать один бедный скудный гноить проказа другой бог атый 
37005	 самый палестина ревнитель старинный строгость неодобрительно относиться этот проказа тело израиль как они 
37005	 григорьевка полтава губа появляться проказа распоряжение власть закрывать земский училище 
37005	 пирятинский уезд полтавский губа обнаруживать проказа красноярск открываться очередной съезд 
37005	 предполагать что несчастный умирать угар ростовский округ замечаться распространение проказа среди новобранец зарегистровать трое прокаженный 
37005	 сумах харьк губа обнаруживать больной проказа 
37005	 прибывать канада ливерпуль пароход обнаруживать случай проказа который заболевать один служащий 
37005	 томск прибайкалье развиваться проказа особенно много прокаженный остров 
37005	 чахотка можно выздоравливать чума проказа жизнь никогда 
37005	 как сметь предупреждать делать соучастница твой проказа 
37005	 предполагать что преступление быть совершать подсылать убийца который нанимать наследник покойный цель уничтожать его завещание составлять польза проказа одесса китайский подданный 
37005	 сифилис как библейский проказа поражать как самый здоровый так 
24456	 лукаво усмехаться симпатичный звонкий голос отзываться цыганка как прозывать подруга паланя заведеев первый шалунья заправила весь проказа средний отделение приют 
37005	 дед магомет часто приезжать аул один или бэлла мой молоденький тетка участница мой детский игра проказа 
37005	 жажда сокращение жизнь доводить патетический восклицание чума проказа тьма убийство беда благословлять 
37005	 много проделывать проказа они всегда сходить 
37005	 муфтель смекать что между девка заводиться какой-то мошенничество замечать что они иной раз очень хитро переглядываться даже как будто едва удерживаться смех понимать что дело только принимать лукаво строгий вид знать мол весь ваш шашни проказа чем разумеется утешать аграфена 
37005	 хотя этот проказа твориться далеко появление мой 
24456	 когда она маяня сердиться что какой проказа шалость или каприз нилочка кидаться 
37005	 екатерина бывший собрание предчувствовать новый проказа чудак приказывать разузнавать чем 
24456	 целый день она придумывать проказа 
37005	 око постигать курячий слепота беседа тело его покрывать проказа сотрудничество член его 
37005	 впрочем так как они посещать преимущественно день кутеж там идти более сдержанный вечерний собрание обыкновенно происходить который-либо товарищ проживать квартира холостой брат или при родственник слишком снисходительно относиться проказа молодежь иногда просто 
37005	 сколько проказа тут бывало сколько хохот 
24456	 соловьев перелесок слушать вместе приезжий купчик хаживать разговор нескромный слыхивать проказа девичий видывать 
37005	 один сторона обязываться завоевывать для история утешение другой погружаться тьма примиряться проказа 
37005	 народ повинный вечный работа изнемогать под иго тьма проказа 
24456	 при это возглас сын старик углаков вопросительно взглядывать мать выражать лицо свой неудовольствие даже испуг она заранее предчувствовать что пьер она затевать какой-нибудь проказа 
37005	 изобретение этот проказа быть неистощимый долго 
37005	 сап изрядный проказа сап этот цель 
37005	 дуэль или какой-то проказа быть посадить выборгский 
37005	 око постигать куричий слепота беседа тело его покрывать проказа сотрудничество член его 
37005	 узнавать проказа сын король иоанн призывать 
37005	 отвратительный ваш чита ваш люд чиновник ваш слово это адский жизнь надобно такой несчастие жить такой место где этот проказа очень много 
24456	 вспоминаться милый старый время вспоминаться молодой год сопровождать они канцелярский проказа вспоминаться добрый начальник охранитель наш 
37005	 мальтийский орден романический чистый страсть княгиня гагарина весь это один проказа его один комедия 
37005	 иногда когда дитя раса проказа чаяться более для 
24456	 несмотря весь проказа приятель мой близиться уже 
37005	 быть исправлять при барин камардинский должность барин говорить кондрашка загадывать так проказа 
37005	 привыкать проказа мой приятель уверять быть 
37005	 напроказить быть помнить его проказа ничто исправлять потом вот 
37005	 хотя весь подобный проделка юный штукарь часто подвергаться исправительный наказание быть как говориться артель хлебать березовый кашица или кувырколетие волосной правление кланяться качательный суд поясной палата зато много проказа рука сходить 
37005	 представлять себя его положение когда узнавать что девочка влюбленный шутка его проказа отказывать хороший жених который верно 
37005	 потешать брат рассказывать как это быть давать послушать твой проказа изволить барин рассказывать пожалуй 
37005	 раз рождаться раз умирать проказа наделать 
37005	 если сорок год походец проказа частый посещение виноградник господний 
24456	 во-вторых трус проводить свой жизнь молодой повеса поминутно подверженный насмешка проказа прикрывать свой трусость дерзость 
37005	 сказывать также или говорить что жена его смотреть будто довольно хладнокровно его проказа 
37005	 давно подмечать господин зуда проказа 
37005	 любовный проказа так обыкновенный дворец 
37005	 повергать проказа своенравный тегри такой незавидный 
24456	 она одевать напоказ она сводить быть глаз пожалуй проказа она наделать тотчас 
24456	 часто действие свой сопровождать чудесность досаждать дело враг любить еще посмеяться над они смелый проказа нередко приводить его жизнь 
24456	 другой сторона добрый менее лукавый фриц привозить известие замок прикреплять каждый день новый кольцо цепь надежда сделаться необходимый его собеседник утешитель пользоваться нередкий посещение свой узнавать число состояние шведский войско располагать разный окружный деревня замок познакомиться многий офицер забавлять они свой проказа рассказывать они быть небылица 
37005	 всегдашний занятие троекуров состоять разъезд около пространный его владение продолжительный пир проказа ежедневно при изобретать 
37005	 этот перстень напоминать много проказа 
24456	 старик рассказывать старый проказа свой молодой травля охота 
24456	 слагать рука грудь стоять чудный незнакомец стенка довольный иронический улыбка смотреть след свой проказа 
24456	 они беспрестанный делать проказа свой учитель сестра 
37005	 словом что ночь новый проказа новый испуг для семья 
24456	 изволить пропадать целый месяц творить неведомый кто неведомый какой проказа терпеть 
37005	 зато сколько обязывать этот старик клавер так вычищать что тот пора никакой признак золотуха иметь уже этот проказа совершенно исцелять 
24456	 приживаться чужой харьков уже недурно зарабатывать иногда вспоминать свой родной город некоторый проказа прежний день среди который видный 
37005	 однако этот проказа широкий захватывать весь этаж 
37005	 анализировать повесть позиция дерматовенерология можно уверенность констатировать что князь петр страдать псориаз несмотря что современный теологический источник житие петр феврония заболевание князь часто именовать проказа хотя никакой упоминание 
37005	 поэтому случайно что государство поражать проказа коррупция госаппарат доминировать представитель 
37005	 бродячий ночлег проказа старина позабывать для сельский нега 
37005	 тут спрашивать старков проказа служкин тат проходить мимо 
37005	 толикий проказа позволяться наследник ради чтобы 
37005	 новый год учреждать январский становиться для петр хороший сцена для непонятный проказа шутка который раз 
37005	 его покойный бабушка она умирать коммуналка когда учиться девятый класс снисходительно относиться любой его проказа смешить уличный девка обращение барышня 
37005	 пока что разъезжать пустынный дорога зырянский край становиться республика коми редкий таежный деревня глухой лес растекаться пятно лагерный проказа 
24456	 соглашаться изрубать соперник кусочек медный пятак выменивать какой-нибудь редкий первый мир вирус который сначала отваливаться ухо потом все остальное какой-нибудь такой испанский воротничок который складывать легенда еще пионерлагерь быть мой воля этот эпидемический лотерея охотно выменивать обыкновенный триппер последний форма проказа это быть даже 
24456	 она передергиваться как оркестр мотив марионетка проказа бурлюк вспоминать что маяковский еще 
37005	 почему-то относиться совершенно равнодушно мой информация появление великий кальмар исследование рудольф необыкновенно оживляться когда становиться рассказывать проказа пуффи 
37005	 известно быть что государь одобрять помнить его проказа что ежели разговор вдруг 
37005	 сообщать что давно уже больной проказа рано бывать 
37005	 пусть весь славянский народ быть даже малый признак шовинизм лицо славянин этот проказа славянин богатый творчество 
37005	 взгляд его быть туманный вдруг становиться озорной проказа его быть замысловатый 
37005	 здоровый смех неизменно сопровождать разговор его проказа препятствовать осуждение маска смех 
37005	 преследовать христианин римский епископ сильвестр сам становиться христианин после как сильвестр крестить константин чудесно исцелять проказа 
37005	 пожилой почтовый чиновник очки щетинистый сизый череп подбородок верхний губа словно сбривать ради этот поездка какой-то необыкновенно обильный растительность тотчас сообщать что бывать россия знать немножко по-русски например пацлуй так подмигивать вспоминать проказа царицын что толстый 
37005	 истреблять сатана изволение господний весь его имущество истреблять все чадо его поражать его проказа подошва самый темя 
37005	 известный хотя меньший часть случай особенно мальчик наблюдаться несколько иной особенность ребенок хотеть работать что останавливаться склонный бродяжничество дурной проказа другой сторона противоположность 
37005	 господин офицер курить саженный скатерть уже покрываться проказа пятно пушка граммофон выбрасывать чей-то 
37005	 они полосатый черный полоса чередоваться рыжий кирпичный розовый серый бурый яичный все покрывать фестон бант кривая загогулина камень являть барокко лепной орнамент точно расчет струп проказа который зиять бродяга напяливать смокинг 
37005	 повидеть ночь получать какой-либо известие проказа казак путь потому что 
37005	 этот момент живой связь между горний дольний религия данный место жизнь распадаться пятно проказа умертвлять соответственный участок жизнь 
37005	 крупинка лондон появляться проказа больной оказываться так много что 
37005	 благодаря строгий проведение этот закон норвегия избавляться совершенно проказа 
37005	 весь этот проказа совершаться такой ловкость 
37005	 отец жить араб индия камердинер оказываться больной проказа смотреть как они щека 
37005	 внимать стук чаша спор вкруг солдатский каша улыбка нет хохот ваш нет взгляд проказа ваш 
24456	 знать что дома она нелегко житься знать что старший сестра любить она красота отец мать недовольный она чрезмерный живость проказа 
37005	 почти ежедневно выслушивать жалоба проказа сын зазуля жалеть 
37005	 писать подробно весь его проказа если припоминать что 
37005	 стена щель бывать видать как жить поживать весь твой проказа насквозь знать 
37005	 знать рассказ что дядя александр петрович воевать такой увлечение смелость как это творить зимний дворец свой невозможный проказа 
37005	 нет более праведный иов быть для утешение быть иов другой без утешение без вера который так покрывать проказа сидеть гноище 
24456	 несмотря внешний веселость проказа грустный дума таиться молодой 
37005	 этот шутка мочь также подавать повод большой неприятность счастие один служитель клуб ловко выдергивать вилка нога господин неуспевать замечать этот проказа 
37005	 результат этот проказа сказываться прежде все бесконечный 
24456	 уверенный что даже современный болгарин скоро забывать баттенберговый проказа вспомнить они лишь 
37005	 привычка спасать сердце негодование освобождать совесть упрек весь человеческий отношение вводить проказа равнодушие 
37005	 бедный мать мой немало труд стоить скрывать мой проказа отец 
37005	 сказать это домна осиповна пожимать еще раз поражать проказа рука жид уходить 
37005	 становиться уже светло ребенок начинать пошевеливаться самовар совсем потухать савельич столовая школить кошка мильтошка ночной проказа 
37005	 этот чистый поцелуй быть целение мой королевецкий проказа притом какой святой 
37005	 тот узнавать даже обрадоваться его появление оно напоминать молодость молодой проказа 
37005	 это быть напрасный все хотеть видеть проказа русский титания вереница экипаж 
37005	 поголовный отупение доходить такой степень что лишь только часовой стрелка указывать шесть половина вечер весь улица сломя голова лететь карета тройка кукушка рыболов весь это стремиться театр как овчий купель чаяние омываться проказа все как будто вдруг почувствовать 
37005	 самый проказа взятка уцелеть домогательство деньги 
37005	 один чутье жизнь непоследовательность быть достаточно чтоб спасать европейский народ религиозный проказа вроде аскетизм квиетизм который постоянно 
37005	 некто приносить старец деньги говорить вот твой потребность состариться больной быть покрывать проказа 
37005	 вот если маланья петровна приезжать тут быть проказа 
37005	 говорить вздох пожить там этот омут новость искусство мода политика глупость безобразие красота глубокомыслие пошлость пожить эпикуреец насмешливый наблюдатель весь этот проказа 
37005	 этот раз велеть сказать что знать его проказа пойти 
37005	 она полюбить басня семеля юпитер изгнание аполлон его проказа земля принимать весь это 
37005	 следующий потом повествование проказа дарыгин николай тимофеевич пропускать мимо 
37005	 один такой вечер наш художник павлусь небрежность как-то лениво убираться знахарка выскочить улица ради какой-то новый проказа 
37005	 письмо твой который просить родительский наш благословение согласие брак марья ивановна дочь миронова получать сей месяц только мой благословение мой согласие давать намерен еще собираться добираться проказа твой проучивать путем как 
37005	 продолжение этот разлука барский барыня составлять порядочный входить журнал его проказа для поднесение свой госпожа особенно 
37005	 фриц мочь они налюбоваться ужасно его баловать вместо чтоб ребенок унимать еще подстрекать радоваться весь его проказа 
37005	 его проказа покойник земля пойти 
37005	 государыня оправдывать ганнибал надевать александровский лента оставлять служба тот пора жить больший часть суйде уважать весь замечательный человек славный век между прочий суворов который при оставлять свой проказа который принимать 
37005	 жаль что время этот проказа твой место 
24456	 муж она государев камердинер полубояров желать отмечать она некоторый проказа знать что петр 
37005	 литература известный небольшой комедия проказа ревнивый который если 
37005	 совершать злодеяние граф позвать ловчий всегдашний поверенный его проказа вместе выбрасывать труп 
37005	 кто поручаться что отец уже селение узнавать его проказа 
24456	 рассказывать они домовой леший оборотень разный род пакость какой строить они правоверный удальство старинный наш витязь проказа злой дух чародей 
37005	 равномерно проказа там очень обыкновенный особливо между 
37005	 подарить прекрасный яичко фарфоровый так утешать его высочество что несколько раз хохотать смотря ево проказа 
37005	 делать всякий проказа быть сечь 
37005	 расставаться приезжать темный земля где твой проказа заставать весь смятение 
37005	 неужели ясно что начинаться проказа где видеть 
37005	 думать знать все твой проказа 
37005	 бактерия вызывающий проказа передаваться воздушно-капельный путь 
37005	 постепенно проказа начинать принимать весь более агрессивный 
37005	 если проказа требовать комментарий аудитория 
37005	 командировка быть проказа для весь боевой соединение 
37005	 ханнан относить убрус письмо князь авгарь исцеляться проказа 
37005	 боже мой как этот престарелый железный конь самый еще источать проказа подумать ошпаривать внезапно охватывать 
37005	 ездить более город ступать нога поганый ихний земля дышать смрад они проказа возить туда малый корка 
37005	 иль глупый проказа вождь помирать тут 
37005	 гремучий змея давать эффект при лечение проказа прокажать свободно переносить смертельный для 
37005	 они проказа порок время гниение тело век 
37005	 частица властолюбие разъедать существо клавдия микроб карьеризм пойти духовный проказа угождать плаха гильденстерн 
37005	 пойти умываться позавтракать плохо маховик покрываться проказа 
37005	 вот навязываться проказа мой шея покой нет 
37005	 оставлять гребец шлюпка пояснять как быть приказывать что этот островитянин заболевать проказа пассажир высаживать сюда какой-то 
37005	 быть хороший интересный товарищ беспокойный изобретатель всякий опасный проказа 
37005	 как пятно проказа белеть стена ромб 
37005	 нет призрак страшно мраморный свидетель уходить мир они обнажать торс исщерблять проказа столетие простирать рука отламывать 
37005	 сказать что это лермонтов лейб-гусар переводить сюда высокий повеление прошлый год какой-то проказа сейчас возвращаться отпуск 
37005	 еще имя россия тот что предавать христос тридцать сребреник разрешение грабеж убийство погрязать мерзость всяческий злодеяние всяческий нравственный проказа россия другой подъяремный страждущий 
37005	 тася бросать прощальный взгляд мертвый тельце обезьянка который так часто потешать свой ужимка огорчать проказа быстро пробираться выход как 
37005	 уходить пойти ваш поэт бродячий ночлег проказа старина позабывать для сельский нега 
24456	 если кто товарищ опаздывать молебен или доходить слух какой-нибудь проказа гимназист или видеть классный дама 
37005	 мочь выступать мой память так заманчивый приветливо этот увеселительный проказа если основа они 
37005	 теперь расставаться дядюшка александр петрович который видеть запоминать только умирать рассказывать все что слышать его проказа отец мой тетушка 
37005	 земля пожирать яко дафан авирон восприемлешь проказа гиезиев удавление иудин 
37005	 маленький мэри анн совсем быть похожий феноменальный ребенок это быть живой шаловливый девочка любить сидеть один место всегда готовый всякий проказа 
37005	 что это говорить вдруг повод копоть забор ускользать проказа заводской труба 
37005	 все былой припоминать один раз урюм время злой проводить без проказа 
24456	 как прийти непременно какой-нибудь судебный проказа рассказывать иногда соединенный 
24456	 мало разный проказа надо строить 
37005	 весь они быть крестник бабушка она весь они знать имя один пожурить какой-то проказа все приласкать все оделять дешевый 
37005	 сильно протестовать глумиться над повествование четий минея дьявол его проказа 
24456	 другой сторона так подмывать устраивать какой-нибудь проказа 
37005	 выбирать проказа ложиться навоз есть хлеб 
37005	 уметь также кума предварительно входить плутовской сделка кабатчик затащить дурашливый горожанин вонючий сельский кабак который пьяный глаз получать тогда поучительный значение народный клуб весь этот слово кума расприятный место горожанин должный быть больший часть против свой воля одурь пить водка швырять целый горсть деньги какой-то сирота сплошь залеплять как библейский проказа какой-то благочестивый слезный креститься 
24456	 все-таки алексей степаныч хоть надо полагать что быть всякий случай опять что-нибудь затевать проказа какой-нибудь 
37005	 перс славиться глупость македонянин дипломатический вероломство жид проказа спартанец непреоборимый тупоумие храбрость 
37005	 только почти положительно весь россия пересматривать стряпчий под стол проказа барышня черный речка 
37005	 называть аполлон иметь сила геркулес быть веселый затейчивый оттого весь жизнь его быть сцепление проказа иногда жестокий иногда преступный редко 
37005	 изобретательный гений жуковский часть юмористический вмиг пробуждаться один взгляд увидеть длинный ряд веселый вечер нескончаемый нить умный пристойный проказа 
37005	 вот это весь твой проказа вот позволять свой гувернантка 
37005	 гваксель знать хорошо служба служить отлично превосходно ездить верхом это спускать много проказа 
37005	 сделаться верный спутник виктор чувство братский дружба всюду следить его проказа 
37005	 лениться часть виноватый сердечный проказа 
24456	 иной щипнуть ухо другой подкрадываться тянуть долой шапка третий подставлять нога конь мой прыскать лицо холодный роса каждый дупло казаться пищать какой-нибудь пук или ариель защемлять туда проказа 
37005	 когда выходить крыльцо увидеть что дождь лить как ведро так погневаться заблагорассудить промокнуть кость чтоб для твой забава выкидывать проказа который маленький ребенок 
37005	 признаваться сказать когда подрастать никто деревня сравниваться работа ухаживание молодой девка никто равняться проказа 
37005	 сперва узнавать это сосед потом начинать многие толковать проказа домовой наконец весь город быть 
37005	 весь слуга дрожать осиновый лист чтоб попадаться свидетель проказа барин затаскать замаривать тюрьма 
24456	 уверенный быть она никакой она проказа ожидать 
37005	 позабывать сказать что это жена мой который нет рубашка потом рассказывать проказа весь жена свой 
37005	 обычно она смотреть такой выражение словно больной проказа янычар который выкрадывать 
37005	 слуга веселый расторопный больно проказа склонный 
37005	 бондарь проказа билл билл чистопородный русский спаниель 
37005	 некоторый поступок билл объяснение давать мочь считать они проказа 
37005	 отправлять быть некуда оставаться один угол охватывать этот проказа 
37005	 пока человек сам покончить этот общенародный проказа никто заставлять сила останавливать 
37005	 крошечный аэропорт люксембург кажется такой крошечный как этот царство королевство монарх ограничивать парламент наоборот голова сразу какой-то спальня кисейный полог камин ослеплять разогревать золото решетка портрет собачка кулачок проказа наследник задирать юбка раскраснеться мулаточка 
37005	 вот князь долгорукий ссылать пермь верхотурье проказа 
37005	 приглашать место мнимый преступление профессор всеобщий радость удостоверять что пятно лицо эмсуорд признак проказа совершенно другой безобидный 
37005	 александр данилович уже тот сокол что давний год только знать выдумка проказа пересмешки 
37005	 первый повесть вавилонский царство рассказываться что вавилонский царь аксеркс весь тот кто заболевать проказа удалять лес 
37005	 вкрапливать маленький новелла вроде тот который повествовать проказа фра мариано шут папа лев 
37005	 театральный эхо проказа оперный сцена парижский 
37005	 брунеллеско донателло свободный работа время пускаться невинный проказа 
37005	 сверх слышать поблизости шорох который производить матушка продолжать рыться учебный программа при один мысль что вот-вот она сейчас нагрянуть увидеть мой проказа душа уходить 
37005	 пока товарищ пушкин радость задумывать новый проказа сам уединяться свой 
37005	 дон жуан досадно право вечный проказа все виноватый 
24456	 заболевать кто-нибудь проказа тогда болезнь другой 
37005	 быть богатый славный иметь ребенок стадо сокровище вдруг дозволение божий все быть отнимать ребенок скот друг сам быть поражать проказа изгонять город лежать 
37005	 особенность который-то они быть горазд всякий проказа перед что 
37005	 затейница всякий проказа шаловливый фленушка тихо медленно идти 
24456	 так как тот время жить низкий одноэтажный дом академия третий линия опасаться чтобы беглец отчаяние наделать какой-нибудь проказа перепугать мой домашние 
37005	 каплун удостоверять что панглосса оказывать себя этот случай петух если каплун каплун недавний позабывать еще старый петушиный проказа 
37005	 проказа там всякий видеть наряду 
37005	 нет еще погодить материнский воля выходить проказа твой самовольство укрощать 
24456	 девица молодой человек шутить между себя делать друг друг разный проказа мистификация чтоб после похохотать вместе 
37005	 покачать голова сказать что хотеть говорить служба материальный выгода что близко сердце золотой день детство игра проказа 
37005	 иван никанорович гуторин муж послушать осип осипович ведь глядеть твой проказа можно лопнуть смех 
37005	 ваш письмо кизляр наделать проказа вслед посылать быть адъютант 
37005	 жена мой очень захотеться записывать куда-нибудь потому что как сказать уже один место гвардия быть вместилище весь ребенок дворянский нередко еще родина благородный дама знакомый кто-либо начальник гвардейский полк удовольствие давать она паспорт для будущий сын она впредь окончание наука который оставаться место для имя оно вноситься после родина случай рождение девочка паспорт отдаваться назад уничтожение такой проказа быть очень нередкий иной 
37005	 феклуша заплакать протягивать рука сказать чувство соболезнование это весь батюшкин проказа где 
37005	 там далее обыкновенно что знать что видеть что слышать счастие часто казаться будто жениться любовь или дружба добродетель ничто бывать беда проказа или скука дурнота 
37005	 для облегчение совесть весь рассказывать альбини который насмеяться вдоволь мой проказа велеть пить зельцерский вода 
37005	 примечать молодой ведьма готовый проказа поспешить мимо вступать 
37005	 бедный лазарь проказа парша сейчас бросаться судьба 
37005	 возвращаться домой человек развлекать себя обсуждать гадать какой новый проказа затевать зверь отсутствие 
37005	 весь оставаться еще вдоволь время для развлечение для проказа различный род 
37005	 проказа гиезиевый знать еще бывать ничто 
37005	 прародитель лежать проказа гноище ворота город 
37005	 никогда выходить воля после всякий проказа или шалость немедленно просить прощение 
37005	 жестоко нападать проказа его молодость сам завистник 
37005	 итак вечерний толчок малинов стоять словно долбленый резной истукан торговка обвесить нога голова всякий проказа 
37005	 проказа бубантес мочь иметь неприятный последствие 
37005	 наказание проказа этот шалун заставлять смотреть 
24456	 другой день краткий отдохновение ходить смотреть разный поражение сей буря тогда как повсюду под глаз нога наш представляться проказа ибо инд плотина прорвать 
24456	 вавила сей время благополучно выходить сей дом желать идти свой дом опасаться что узнавать про его проказа вытаскивать дом убивать 
37005	 еще сравнивать проказа нарастать тело человечество 
37005	 так глеб чувствовать оттого медлить ибо село город сейчас аня значить давний проказа мадам ворошить старый сплетня дурной 
37005	 вернуться домой удвоенный рвение приниматься алхимический проказа 
37005	 еще этот проказа род человеческий сам выставлять напоказ 
37005	 дело что баттенбергов проказа сам себя важный 
37005	 суббота обыкновенно сечь шалун проказа содеять они течение неделя 
37005	 случай часто проказить проказа его непродолжительный 
37005	 быть еще рассказец чудак антошка тут ничто выжимать кроме что антошка быть мастер нелепый проказа 
37005	 вот хоть теперь потакать этакий проказа этот 
37005	 товарищ бывать еще плохо дело заводить они такой проказа что нянюшка дядька осипнуть 
37005	 проказа его теперь сходить рука 
37005	 знать тысяча гримаса проказа рождаться мушкет давать 
37005	 поживить несколько время вознамериваться пойти оный для какой быть еще проказа 
37005	 тысячеголовый капустный монстр горбатый картофельный динозавр лежбище морковь гангренозный проказа нарост штат сортировщик 
37005	 шторм причинять опустошение порт набережная размытый проказа студент гетинген 
