30243	 валентин владимирович быть кожевенный часть всякий раз норовить растолковывать разница между шевро лайка самый тонкий деталь поэтому 
30243	 модный такой аристократический перчатка кожа замша кружева хороший сорт тонкий лайка который можно быть натягивать 
30243	 сырье это кожа шевро хром лайка юфть опоек шагрень 
21481	 сибирский лайка один наиболее близкий 
21481	 очень большой собака лайка очень долго быть 
21481	 главный улица горсовет над который полоскаться красный флаг пылить под наш колесо свора сибирский лайка бродить город шофер 
21481	 понос рвота едва превращаться пар как там быть дотаскиваться свой менее повертывать командир залезать под насквозь пробивать холод машина где уже быть вырыть окопчик поставлять печка свернуться резиновый коврик который покрывать снаряд живой равнодушный простуда словно сибирский лайка 
21481	 важный веха развитие космический биология становиться полет год искусственный спутник земля собака лайка борт 
21481	 поздно олег георгиевич газенко писать медицина включаться космический исследование весьма оперативно завершаться еще месяц день запуск первый искусственный спутник земля октябрь год уже ноябрь тот год быть осуществлять первый орбитальный биологический эксперимент собака лайка борт второй искусственный спутник 
21481	 через месяц полететь спутник собака лайка который становиться первый живой существо 
21481	 совсем другой дело сибирский лайка который ходить хозяин 
21481	 исправлять свой оплошность лайка снова рвануть след 
21481	 маманя грузить вроде как приходить мент собака свой собака редкий смесь волк сибирский лайка тот подраться сын искусывать 
21481	 здесь мой собака лайка еда так по-разному 
21481	 выходить орбита когда там побывать уже второй советский исз первый мир биологический спутник собака лайка весить более полтонны 
21481	 занятие скучать глядеть окно который отцовский верховой конь мальчик гоняться село лайка кличка белка 
21481	 вдруг набегать собака лайка целый стая 
21481	 американский коккер спаниель сеттер боксер бультерьер ротвейлер московский сторожевой американский стаффорд французский бульдог карликовый пинчер болонка пудель шпиц колли цвергшнауцер миттельшнауцер ризеншнауцер доберман бордоский дог немецкий овчарка среднеазиатский овчарка западный сибирский лайка фландрский бувья метис скотчтерьер фокстерьер 
21481	 западный сибирский лайка шанель лад киселев 
21481	 хороший собака группа западный сибирский лайка зайка серов 
21481	 продажа животное без родословный такса кобель год щенок лайка американский коккер кобель 
21481	 щенок немецкий бельгийский голландский французский овчарка карликовый пинчер лайка также большой выбор крупный 
21481	 среднеазиатский овчарка кобель мес щенок бельгийский овчарка лайка тело 
21481	 щенок метис лайка дворняжка мес 
21481	 собака помесь дворняжка лайка кобель мес 
21481	 американский коккер спаниель сеттер боксер бультерьер ротвейлер московский сторожевой американский стаффорд французский бульдог карликовый пинчер болонка пудель шпиц колли цвергшнауцер миттельшнауцер ризеншнауцер доберман бордоский дог немецкий овчарка среднеазиатский овчарка западный сибирский лайка фландрский бувья метис скотчтерьер фокстерьер 
21481	 основной сибирский лайка они очень выносливый 
21481	 вот услышать космос голос первый четвероногий космонавт собака лайка 
21481	 тут еще практически следом запускать второй живой собака лайка внутри 
21481	 хотя кино приходиться падать крыша лошадь валяться снег ездить упряжка чукотский собака лайка перевертываться море вместе 
30243	 во-первых конечно перчатка белоснежный тонкий лайка часто затейливый отделывать тиснение сборочка 
30243	 обычно каждый бал покупаться новый перчатка редкий пара выдерживать более один два чистка лайка становиться жесткий сседаться поэтому 
21481	 умный сибирский лайка уже начинать привыкать такой 
21481	 чтобы действовать наверняка начинать что поехать урал покупать чистокровный сибирский лайка 
21481	 видно писание стих после приобретение сибирский лайка окончательно добивать его жена 
21481	 знать что чувствовать сибирский лайка который если верить газета поедать 
30243	 сшивать какой-то тонкий кожа наподобие лайка 
30243	 что только быть здесь спутывать разноцветный мотка мулине пакетик швейный иголка веер слоновый кость наперсток грибок для штопка китовый корсет драный перчатка лайка серебряный пудреница алмазный монограмма 
21481	 все быть обычно как все самый банальный сумасшествие так называть семейный жизнь уже созревать душа мой решимость понимать наконец как должный поступать купить себя щенок сибирский лайка 
30243	 перчатка носить вязаный фильдекос более теплый время лайка замша 
30243	 жена перчатка лайковый зеленый сумка лайка сапог хром каблук 
21481	 баба приходить нос поводить нос она что сибирский лайка бельчатница верхом брать 
21481	 большой черный пес сибирский лайка рваться цепь жаждать познакомиться 
21481	 потом оказываться что иногда она улица выходить босиком например чтобы давать корм кузя тот самый сибирский лайка что сидеть цепь 
21481	 такса удивлять борька лайка расстраивать защемлять сердце 
21481	 защемлять сердце когда увидеть белый пушистый веселый собака острый ухо кренделек хвост спина очень напоминать лайка пропадать тяп 
21481	 медведь убивать охотник московский общество стрельников помощь лайка звонкий дружный под новгород 
21481	 пустой клетка быть надпись здесь жить лайка 
21481	 зверовой сибирский лайка любить сидеть дома 
30243	 полдень обычно шаутбенахт менять перчатка правый рука тонкий лайка выдерживать шаутбенахт бить человек 
21481	 антон павлович очень любить зима снег скучать они как сибирский лайка 
30243	 труп жить смерть этот смерть просачиваться сквозь лайка перчатка 
30243	 можно сам приготавливать себя чехол такой случай хорошо все сделать легкий шелковый материя или лайка длинный дамский перчатка 
21481	 корм для они быть служить белок который быть стрелять дорога сибирский лайка неприхотливый довольствоваться немногие 
30243	 стягивать мертвый рука желтоватый какой-то пыльца перчатка медленно торопиться напяливать каменный палец белый лайка 
30243	 весь этот ворох военщина даже какой-то полицейский эстетика приставать какой-нибудь сынок корпусный командир соответствующий семейный традиция очень плохо вязаться кухонный чад средне мещанский квартира отцовский кабинет пропахнуть кожа лайка опойка еврейский деловой 
30243	 сей пора казаться запах ярмо труд проникать всюду запах дубленый кожа лапчатый шкурка лайка раскидывать пол живой 
30243	 белый лайка злополучный перчатка теперь ярко выступать 
30243	 сжимать белый перчатка кулак так что лайка один палец лопнуть 
21481	 самый интересный этот выставка являться предстоящий испытание сибирский лайка медведь 
21481	 себя квартира показывать штабс-капитан свой библиотека коллекция старинный фарфор редкий гравюра два породистый сибирский лайка 
21481	 видеть рябчик тетеревиный выводка дичь пугать взять сашка пестрый собачонка лыский типичный сибирский лайка 
30243	 весь продукт получать место окончательный обработка лен вывозиться вид полотно семя образ олеин кожа поступать чемодан лаковый пояс собачий шкура выделываться лайка тимофеев трава вывозиться вид 
30243	 электричество который так переполнять мой сердце который желать передавать доходить ваш сердце через перчатка лайка дурной проводник целовать рука несколько 
30243	 тут начинаться разговор перчатка лайка мастер 
30243	 такой случай нередко подкрашивать она или распятнывать образец тигр барс или какой другой зверь кожа делать лайка 
21481	 институт стратегический анализ например подсчитывать что год лайка дружеский переписка обходиться экономика 
21481	 пес небольшой средний лайка ушко острый хвост загибать 
21481	 помощь статистический модель ученый проанализировать лайка сравнивать результат данные 
21481	 если формулировать точно наверное тогда быть мода придурь сейчас много цениться глупость крайний мера если судить лайка фейсбук 
21481	 привязывать патронташ лайка кличка джон начинать 
21481	 владелец лайка знать почему отпускать 
21481	 точно свой останки такой охапка мятый лайка уже маяться что 
21481	 полтора год становиться она крупный мощный загривок крепкий передний лапа лайка 
21481	 бурят уже маска лайка бегать зал подсаживаться 
21481	 впрочем привыкать быстро первый этап изготовление лайка именоваться шакшевание для приготовление шакша 
21481	 федеральный служба государственный статистика работа совещание участвовать заместитель руководитель лайка заместитель начальник управление финансовый 
21481	 завершать этап пробный сельхозперепись кодирование переписной лист область побывать заместитель руководитель федеральный служба государственный статистика лайка 
21481	 верочка ирис обсуждать ожидаться под гора домик садовник событие должный быть ощениться всеобщий любимица лайка тагажма таг решать быть 
21481	 слышать опытный заслуживать всяческий доверие путешественник будто себя родина разводить крепконогий лайка чтобы они таскать снег 
21481	 возле дверь увидеть сидеть снег пожилой белый пес помесь лайка дворняжка 
21481	 щенок метис карело-финский лайка овчарка мес 
21481	 проем мелькнуть полосатый брючина крепкий мужской кисть затягивать желтый лайка 
21481	 милый лайка мученица наука торжественно декламировать 
21481	 короче говорить однажды очень сильно попросить колупаев купить лайка 
21481	 если лайка сворачиваться клубок оставаться 
30243	 библия быть древний деревянный переплет обтягивать тонкий лайка 
21481	 комната племянник обнаруживать никакой имущество даже тот обносок что привозить прошлый год тетя тома перво-наперво поводить нос как лайка бельчатница брать тайга поверху 
21481	 его борт кроме аппаратура размещать беспородный дворняга лайка 
21481	 симпатичный безотказный лайка проживать орбита пока 
21481	 правда николай пинегин быть седов этот экспедиция писать потом что купить архангельск лайка оказываться непригодный дворняжка поставлять 
21481	 если создание еще можно быть оправдывать что сделать только для чтобы высовываться вперед для чтобы убеждаться первый очередь сам что создавать технический средство выведение орбита спутник земля проверять ракета носитель полет изготовление запуск бедный лайка борт который заведомо должный 
21481	 она рыдать над они зачем зарезать собачка лайка 
21481	 обычный дельфин лайка местный название отличаться помимо сухопутный 
21481	 быть космос подход бесполезный катать щедро лайка амеба нелетучий монголия 
21481	 филя похлопать задница запнуть под банка где его приниматься сосредоточенно молча обнюхивать эскимосский лайка взять берег для 
21481	 существовать сегодня полтора десяток аборигенный чисто российский порода собака южнорусский овчарка русский гончая русский спаниель четыре порода лайка особенно цениться западносибирский 
21481	 валера приседать холка подымать звереныш смешной лайка лиска вчера отец дядька 
21481	 по-видимому это быть помесь немецкий овчарка лайка 
21481	 третий день как обещать виталий приходить зато рано утро четвертый прибегать лайка 
21481	 лайка рвануть вперед рычать оскаливать клык 
21481	 хорек доставать нож лайка униматься отскакивать лес 
21481	 вопреки лесной правило оставлять лайка улица пускать дом 
21481	 помесь лайка овчарка величина теленок 
21481	 так укрывать кожаный нос меховой хвост спать длинный зимний ночь лайка они сниться мороженый рыба 
21481	 собственно весь собака лайка основной быть там бродячий 
21481	 знакомиться поймать мой взгляд сказать начальник полет товарищ лайка первый советский космонавт 
21481	 мужик прежде задолго жатва ильин день ставить сено место мочь сосед быть луг лайка сибирский разумный собака никогда 
21481	 переплывать через река лодка станок пола ходить изба изба вслушиваться внюхиваться как хорошо натаскивать собака лайка стараться взять след родитель 
21481	 лайка они ответ хвост закивать 
21481	 питать страсть гончий пес благородный сеттер ирландский гордон уважать дратхаар преклоняться перед западносибирский лайка 
21481	 собирать свой пожитки покидать наш край уезжать работать сибирь родина свой лайка 
21481	 наконец снова зажигаться прожектор оркестр заиграть полька лайка клоун провозглашать 
21481	 только после это быть производить запуск искусственный спутник иметь борт собака лайка который последовать ряд блистательный 
21481	 степка живой здоровый иногда удивлять карельский лайка свой умение ходить передний 
21481	 уже приобретать охотничий собака породистый западносибирский лайка крепкий клык усердно 
21481	 двенадцатый декабрь ровно половина четвертый вдоль эстакада проходить удивленный бригадир притыкин иван михайлович толстый овчинный полушубок самокатаный валенок пышный шарф козий шерсть шапка молодой лайка 
21481	 пиджак шикарный лайка четыреста рубль 
21481	 его сука редкость рабочий лайка попадать особый немилость приходиться 
21481	 цель этот эксперимент исследовать три год запуск первый спутник второй лайка как зверек переносить космический полет 
21481	 представитель высокий руководство сулейман лайка поддерживать идея комкор предлагать 
21481	 состав правительство входить ватанджар рафия кадыр сулейман лайка 
21481	 сегодня приезжать ответственный зона восток ндпа сулейман лайка 
21481	 сулейман лайка президент дра представитель 
21481	 председатель спускать сероглазый точно лайка лось 
21481	 пятнадцать возвращаться саныч привозить щенок чукотский лайка выклянчивать местный девочка 
21481	 это объясняться строгий достоинство невеста что новоиспеченный лейтенант еще привыкать свой необминаться офицерский китель предстоять они скорый разлука разный конец земля разлетаться старый товарищ только что передавать радио сообщение полет второй спутник собака лайка борт 
21481	 собака увековечивать памятник колтуш лайка белка стрелка тысяча 
21481	 жаль вот лайка пятнашки быть приболеть 
21481	 осока озеро медведь сохатый край близкий берег мерцать порхать световой отблеск перед стена тьма дышать студеный холодок земля лежать два лайка смотреть умный спокойный желтый глаз 
21481	 вдруг разом вскакивать оба лайка каменно застыть глядеть чаща 
21481	 второй собака по-видимому молодой еще который давать понюхать добыча выгибать остроносый свой морда все-таки слизывать кровь морда старый собака лайка успокаиваться вновь ложиться матвей лукич 
21481	 допускать инженер баклаков оленегонный лайка умичка 
21481	 мочь быть этот видение невесть откуда взяться глухой тайник его память доставаться предок степной волкодав зверовой лайка лохматый овчарка горный долина который 
21481	 попросить документ обтягивать лайка ладонь протягиваться андрей 
21481	 тут момент второй промах волчица тот секунда протискиваться дупло выставлять зуб зарычать неистово становиться лаять так как никогда жизнь лаять как гончая след как лайка берлога без передых 
21481	 женька уже быть свой собака зырянский лайка звать пон что здешний 
21481	 демонстрироваться собака западносибирский лайка русский русский пегий 
21481	 малый золотой медаль присуждать западносибирский лайка байкал максименко пойнтер дар печникова 
21481	 чемпион год порода являться английский сеттер джипси белушкин пойнтер дивар герасимов русский европейский лайка амур волнушкин 
21481	 намечать межобластной состязание лайка легавый межобластной выставка северо-западный 
21481	 особый внимание уделять вопрос развитие северный собаководство разработка стандарт производственный группа лайка 
21481	 рядом ньюфаундленд белолобый лежать лайка молодой овчарка 
21481	 внимательно оглядывать собака спрашивать анискин овчарка лайка грызться 
21481	 когда участковый открывать дверь крыльцо бесшумно выпрыгивать два собака лайка овчарка 
21481	 уезжать очередной экспедиция решать привозить лайка 
21481	 любить завывание ездовой лайка который еще нужный для спасательный 
21481	 июль год город осака поставлять мраморный памятник пятнадцать лайка погибать голод антарктида 
21481	 лайка идти тогда наверх девушка 
21481	 лайка посторониться давать дорога девушка 
21481	 кривонос лайка медведь пассажир сходить 
21481	 торжественно вести заранее облюбовывать полянка куда след скоро устремляться лайка 
21481	 улица бродить корова собака лайка который зима запрягать нарты 
21481	 лайка уже давно обрастать зимний непроницаемый 
21481	 второй спутник взлетать пассажир собака лайка 
21481	 вот вдали показываться темный точка дымчато-серый собака лайка везти почтальон ночь 
21481	 якутский лайка ойюран пушистый черный пес 
21481	 чонка большой пес якутский лайка род река чон приток 
21481	 разделять сытный трапеза лайка ночь убегать обратно панолик 
21481	 наш охотничий собака лайка приезжать берег 
21481	 близкий сипягин крестьянин его крепостной дворня встопорщиваться как пред медведь лайка бесноваться они наскакивать 
21481	 лес глухой заваливать снег охотник идти лайка след куница 
21481	 лайка останавливаться поставлять ухо рожок 
21481	 мочь рассказывать злой нартовый собака лайка австралийский собака 
21481	 существующий питомник промысловый лайка полуй третий пятилетка 
21481	 лайка бежать впереди наш собака 
21481	 павел васильевич ослабевать тревога садиться лайка 
21481	 сговариваться приезжать первый пароход купить лошадь два лайка такой чтобы рябчик 
21481	 палуба громоздиться зырянин востроносый лайка урал охота 
21481	 подходить рыжий лайка нюхнуть калач 
21481	 завидеть утка пробрести талый снег охотничий лайка взвизгивать осторожно обнюхивать подтаивать берег 
30243	 пойти приставать мадам какой-то помпадур николай аполлоно вич николай аполлонович узнавать мадам помпадур нехотя подавать она рука взглядывать еле видный усмешка свой красный кавалер особо жестокий движ нием кверху вздергивать маска мадам помпадур протягивать рука вперед безвластный она ложиться рука домино другой рука биться она веер затягивать лайка мадам помпадур подбирать подол 
21481	 белок бить начинать октябрь когда она успевать сменить свой красноватый летний мех серый зимний охота она продолжаться глубокий снег производиться при непременный участие местный охотничий собака карельский лайка который выслеживать зверек держать 
21481	 выдра выслеживать лайка глубокий снег лыжа 
21481	 пес смотреть смотреть наконец заинтересовываться едва увлекаться слишком отдаляться дом как волк отрезать отступление уволакивать визжать щенок лес нередко глаз хозяин мечтать воспитывать щенок лайка медведь 
21481	 конец зима зверь подымать логово помощь собака лайка бить ружье причем 
21481	 остроухий шершавый собачонка лайка провожать ребенок зевнуть свернуться 
21481	 арендатор гордеев выписывать сибирь партия лайка олень организовывать они 
21481	 вот хоть взять собака лайка этот самый нешто она 
21481	 лайка называть таки прямо бессовестный 
21481	 лайка босоножка видеть что они 
21481	 весна сучка наплодить опять целый куча щенок который выбирать два ребенок выкармливать этот щенок слава прозывать один полкан другой лайка 
21481	 схватывать лайка полкан завалина под 
21481	 когда сообщать сын горестный потеря полкан лайка выкормленник как 
21481	 здесь считаться месяц год это справедливый здесь уяснять себя месяц что уяснять быть мочь целый год вращаться полированный паркет пышный зал маршировать утрамбовывать равнина плац-парад пожимать обтягивать лайка рука вор грабитель 
21481	 мочь утверждать что это наш заслуга подозревать что наш общий лайка соцсеть перепоста 
21481	 пионерка космос становиться симпатичный собачка лайка спустя неделя отдавать жизнь 
21481	 помимо жучок козявка быть птичка быть носатый мой любимый бездомный котенок который наш двор убивать забегать соседский лайка быть соседский кошка муся пострадать 
21481	 нет шарик лайка шарик шарик быть 
21481	 весь они быть лишь немного крупный лайка только повадка ледяной 
21481	 папа несколько иной версия говорить мент наш волко лайка выстреливать вот она сын 
21481	 привыкать так надеяться только себя лайка карабин верный снегоход буран 
21481	 знать где проходить путь ассоциация почудиться что это голос наш лайка 
21481	 унт борода ружье верный лайка хвост кольцо символизировать для 
21481	 специально набирать номер девочка медведь работать лайка это очень сложный сочетание 
21481	 растопыривать ухо она хватить большой лайка рост она быть мало 
21481	 вот скажем лайка обладать идеальный нюх иметь хорошо 
21481	 через месяц превращаться пушистый обожать рыжий шар имя филимон порода карельский лайка 
21481	 замечать пальто быть явно натуральный лайка быть эрнст быть 
21481	 сразу становиться похожий лайка простоватый обманчивый внешность дружелюбный хвост 
21481	 сегодня дежурство трое новый сторож иван ермилов его собачонка чернышко помесь лайка фокстерьер 
21481	 тот-то штука что ничто издавать отвечать сандро держать нос ветер как лайка хороший верхний нюх 
21481	 при это непременно нужно наблюдать чтобы козлиный барашковый шкурка быть тонкорунный порода так как чем грубо шерсть животный шкура его иметь более преимущество при выделка лайка 
21481	 шкурка хотя очень небольшой рог мочь идти выделка лайка потому что это служить явный 
21481	 величина шкурка идти лайка как козловый так бараний 
21481	 пора спать как говорить ласкаться собака охотничий лайка имя рекс 
21481	 эскимосский лайка показывать себя как добрый боевой 
21481	 они считать что раз существовать постоянный набор ген помесь волк собака волк скрещивать относительно мирный лайка маламут откровенно агрессивный 
21481	 входить такой пьяный пьяный смешной такой молодой наверно глаз мой становиться горячий охота два лайка как наш разгуливать туман 
21481	 сугроб истошный брех вылетать два лайка приниматься носиться вокруг 
21481	 спасаться мир как шпынять терпеть рядом работать лайка так вскоре становиться обращаться 
21481	 мимо бежать два крохотный пудель черный белый следом поводок идти юноша девушка одевать одинаковый куртка серый лайка джинсы заграничный кроссовок 
21481	 это быть очень старый лайка совершенно красный глаз 
21481	 весь иксодовый клещ говорить мариковский лайка передний нога располагать давно описывать 
21481	 менять лошадь собака засорять завозить город чудище благородный порода охотничий лайка наш окрестный село 
21481	 даже собака повырождаться вместо благородный труженица лайка бродить улица переулок 
21481	 поймать улица дворняжка черный белый ухо лайка называть ракета запирать 
21481	 она быть собака лайка который как раз недавно объедаться 
21481	 лайка который видеть наш визитер вести 
21481	 привозить этот лайка носиться она как 
21481	 насколько знать лайка она отвечать тот 
21481	 конечно отдавать насовсем они собираться это быть большой грех лесник еще жить лайка сказать что один собака 
21481	 вот ночлег лайка будка спать что 
21481	 заползать будка лайка там жаться она 
21481	 десять одиннадцать утро государь прогулка наш чин стоять весь аллея уголок если проходить мимо наследник вытягиваться струнка перед перед шотландский лайка 
21481	 центральный фигура быть член ревсовет комкор халиль министр президент академия наука дра сулейман лайка 
21481	 держать там гарнизон столько сколько можно это подчеркивать генерал шкидченко ответственный зона сулейман лайка сказать что ничто 
21481	 еще добавлять что один сумасшедший быть рассказ который вестись лицо собака боксер звать боксер аполлон что такой имя подходить только для интеллигентский собака для чистокровный чукотский лайка 
21481	 еще один случай знать когда настоящий северный азиатский лайка оказываться совместимый европа 
21481	 под это она подразумевать беспрекословный исполнение разный мелкий прихоть еще палочка эскимо еще стакан газировка сироп сигарета лайка 
21481	 понимать человек посылать космос пассажир как собачка лайка 
21481	 разве думать что утро лайка балалайка схватываться этот хряк 
21481	 когда качество пассажир один первый спутник советский ученый отправлять космос лайка заранее знать что она 
21481	 тот мгновение будто ничто быть более прекрасный вечный истинный чем глухой ночь искра дым лететь созвездие крик гусь пустынность небо лайка смотреть умный глаз бормотание 
21481	 немного погодя матвей лукич подходить костер держать задний нога убивать белок давать понюхать один лайка слизнуть кровь 
21481	 матвей лукич подходить собака полагать перед вскакивать старый лайка это розоватый беспомощный тельце только 
21481	 она есть без жадность точно выказывать при это ленивый осторожный брезгливость молодой лайка покоситься равномерный звук хруст 
21481	 этот раз давать понюхать молодой лайка старый нехотя подниматься зевнуть 
21481	 это быть настоящий лесной человек жить свой кот хомка черный как воронье крыло лайка соболька 
21481	 как только приближаться калитка земля лениво подниматься два здоровенный лайка верный угадывать позевывать 
21481	 так например всероссийский состязание лайка привлекаться общество участвовать 
21481	 порода русский северный лайка что повиноваться действительно 
21481	 для лайка нужный другой флюс например хлористый 
21481	 тот пора как себя помнить помнить изящный ирландец темпераментный пойнтер задумчивый гордон сумрачный русский гончий веселый искристый лайка словом самый разнообразный представитель собачий 
21481	 осень услышать знакомый условный звонок открывать дверь впускать густой рыжий борода хозяин чемодан заплечный мешок крупный лайка волчий окрас 
21481	 волк волк серый пушистый хвост как весь восточный лайка бублик распускать глаз 
21481	 навстречу вертолет приветливо махать хвост бежать два лайка 
21481	 это сразу понимать пятьдесят лайка оказываться без дело лишь иногда 
21481	 стадо приближаться тесно плотно согнать пастух уметь управлять стадо быть маленький оленегонный лайка хорошо знать свой дело 
21481	 хороший щенок северный лайка рано все говорить трудно доставать 
21481	 мурзилка это всего-навсего молодой пес вроде крупный лайка помесь несколько порода 
21481	 давидыч привозить себя опять тот чок ходить либо вчетвером чок либо местный лайка 
21481	 сегодня быть сделать один выстрел московский охотничий общество проводить испытание лайка медведь 
21481	 быть собака рыжий лайка еврейский имя роза который 
21481	 уже несколько день оттепель центральный улица чудесный оживление мальчишка конек привязывать валенок веревочка прикручивать огрызок карандаш девушка стандартный боты прическа лайка зимний грязный шуба хребтастый 
21481	 здесь вольер павильон собаководство напротив босар жить маленький светлый охотничий лайка тузик она привозить далекий 
21481	 невольно горечь еще раз вспомнить наш собака якутский лайка чонка который только вчера пропадать 
21481	 этот лайка начинать облаивать для дичь 
21481	 сворка впереди бежать беленький остроносенький лайка незаменимый пес для сибирский охотник 
21481	 быть лайка нетти умненький собачка 
21481	 собака лежать все вместе хвост скручивать спина кольцо настоящий лайка 
21481	 лайка два наш собака побежать 
21481	 все дело быть джек молодой лайка станочник ковалев 
21481	 становиться парижский дама увлекаться фокстерьер бульвар тотчас появляться крошечный фокс лайка плюш фланель даже бархат 
21481	 купец один белье лежать кровать охать креститься человечек сбросить платок отчего ухо его оттопыриваться как лайка сидеть по-татарски пол 
21481	 вид это быть пес довольно неопределенный порода помесь лайка сеттер 
21481	 хорошо помнить собака который приходиться охотиться особенно нравиться охотничий русский лайка весь собака это пожалуй 
21481	 знавать северный ездовой лайка собака который дальний 
21481	 затем оставаться ничто другой как сидеть ждать лайка этот ожидание несчастие 
21481	 медвежий охота выходить два три охотник собака медвежатник помесь лайка дворняжка бить зверь 
21481	 один главный условие успех это приучать медвежий охота собака лайка который вертеться кругом зверь хватать 
21481	 это быть типичный промысловый лайка небольшой крепкий стоять 
21481	 когда лайка только что просыпаться подниматься 
21481	 пассажирка милый приветливость протягивать свой маленький ручка черный лайка крепко по-английски пожимать все 
21481	 власов тряхнуть его раз два замечание малый толикий движение давать поставлять опять место притыкать сбоку дорожный розовый лайка кисет свой который изображать 
21481	 присылать иностранец который это вести себя довольно спокойно простой ставить лайка под мой фотография иногда 
21481	 владимир генин муж лайка далеко себя уезжать 
21481	 она походить гигантский лайка хаска этот порода так 
21481	 быть инициатор просматривать весь предыдущий заявка ставить лайка нужный место прежде чем 
21481	 еще время тургенев известно называть собачка муму так она непременно утопать называть лайка героически погибать космос тигрица 
21481	 вроде играть лайка растравливать она чувствительно шлепать 
21481	 знать насчет грязь аромат стоять тот еще без всякий дикоденство особенно когда выделывать лайка 
21481	 полный серьез устремляться другой конец стол так отчаянный лайка бросаться кабан 
21481	 крыльцо стоять снегоход буран возле который крутиться тронуть парша лайка 
21481	 решетов уже трепать холка один лайка 
21481	 закрывать глаз сжинать губа лайка сделать глубокий вдох как 
21481	 вроде ничего отбивать маленько кто курить этот лайка хоть убивать помнить 
21481	 токмо один проблема быть однако лайка хотеть мерседес таскать знать 
21481	 тот день купить запас двадцать пачка сигарета лайка быть такой сигарета милая 
21481	 орел первый помнить орел второй помнить хорошо храниться фотография гончая лайка белый пепельный окрас потом быть 
21481	 конечно неизменный симпатия вызывать собака огромный ездовой эскимосский лайка маламут 
21481	 аллочка обрадоваться борис михайлович сказать это лайка девочка убегать себя 
21481	 чудиться отовсюду подстерегать глаз только сонный разлениваться лайка вселять зыбкий уверенность примерещиться 
21481	 михаил есеновский лайка давно этот история приключаться 
21481	 лайка перепугаться сначала потом осваиваться даже 
21481	 инопланетянин лайкин ракета магнит притягивать откупоривать лайка себя комод затащить 
21481	 вылитый мурка что птицеферма только шерсть покраснеть допровертываться соображать лайка вместо мозги один фарш оставаться 
21481	 может она это сделать пользоваться отсутствие лайка мочь она ненавидеть 
21481	 гриша считать она лайка хотя 
21481	 увидеть сырой вымерзать зима откос яркий синева бревно вкопать земля глубина двор дом собака крыльцо злобный ездовой лайка захолонуть страх сердце 
21481	 думать взять северный два сотня яйцо ящик помидор конечно лайка еще 
21481	 где мой забота котик лайка застегнуть темный рысь серый 
21481	 сейчас вскакивать молодой лайка повертываться морда часто забеливать 
21481	 порода северный лайка белый серый точно 
21481	 сначала кроме рая никто ничто понимать потом андрюшка качаться вставать из-за стол прошагать немножко двор мешок повалиться земля приниматься так хохотать что оба лайка верный угадывать торопливо подходить 
21481	 непосредственно росохотрыболовсоюз тот период проводить всероссийский состязание лайка гончий легавый который 
21481	 два девочка один хозяйка подьяческий улица сонька лайка одевать как сестра блуждать 
21481	 десять послушный собака опоясывать ремень похожий маленький парашютист кружиться люлька слушать шум сидеть тесный клетка терпеть всякий неприятность радоваться словом переживать весь что выпадать потом доля кусачки другой наш знакомый десять выбирать один лайка почему она так звать никто 
21481	 змея выползать наташа лайка она схватываться 
21481	 два подруга один хозяйка подъяческий улица сонька лайка одевать как сестра гулять 
21481	 через десять минута задмясь бакенбарда выходить передняя черный цилиндр затягивать черный сюртук задымить манилла зуб натягивать черный лайка палец становиться чернолапый 
21481	 ходуном ходить бумажный мехи подклеивать красный лайка гармоника как живой человек 
21481	 усаживаться стол откинуть лайка себя колено смотреть 
21481	 археолог историк даже современный наблюдатель утрачивать мерило для оценка явление современный русский беллетристика кисейный героиня обтянутый лайка весь душа 
21481	 его большой лайка буран уже труд 
21481	 один поддерживать мой боевой дух белый собачий морда пачка колупаев помогать вскрывать лайка кто она курить 
21481	 чтоб как-то женщина подмазываться узнавать тайный замысел сделать упор крупская вслед лайка запускать она космос подсаживать 
21481	 рассказывать пожалуйста как ваш ракета внутри устраивать просто легкий объяснять лайка маленький ракета однокомнатный 
21481	 совместный усилие промсвязь проектно-конструкторский бюро появляться модифицированный вариант амурец затем новый снегоход лайка 
21481	 наташа дочь поэт сочинять такой стихотворение лайка 
21481	 событие для родитель становиться покупка щенок лайка школьный учитель труд 
21481	 никита мироныч прибегать собачий загон понюхать уголок собачий носок лицо самый дело походить немного лайка почесать лапка ухо 
21481	 удивительно похожий лайка внешне как бывать похожий новый 
21481	 бояться лайка кусать человек предупреждать решетов 
21481	 нравиться только один сорт сигарета лайка 
21481	 мастерская поставлять его картина мольберт лицо стена охотник рыжий лайка теперь маячить 
21481	 хорошо сказать лайка балалайка недотягивать тут петр житов 
21481	 стенка весь этот время неторопливо деликатно грызть кость умичка крохотный оленегонный лайка 
21481	 тот время резко возрастать поголовье лайка гончий они широко распространять 
21481	 недавно изучать каталог летний наряд что позволять выбирать вид знаток разный миленький вещь спортивный обувь тапочек туфелька мятый лайка для мятый девочка прочее 
21481	 поэтому ходить все-таки под чок давидыч какой-нибудь местный лайка весь они быть чистопородный 
21481	 подносить ладонь губа поцеловать стягивать лайка душистый кружок ладонь 
21481	 первый встреча гольдский лайка наш собака носить враждебный 
21481	 обедать день игорь жить собака зырянский лайка 
21481	 небось теперь этот самый лайка кухня подходить 
21481	 этот раз сам себя один тряпка лайка мудрено обходиться 
21481	 лайка урчать над кость одинаково сладострастный 
21481	 собака держать только лайка человек 
21481	 большой часть так думать насовать тряпка лайка обтягивать платье прикрывать 
