21860	целый наука бабочка проходить свой жизнь три этап преодоление смерть собственно бабочка куколка гусеница то самый доказывать мысль 
21860	этот макрообъектив можно поймать портрет куколка гусеница самый бабочка жук 
21860	кто-то бабочка начинать гусеница интересно робот см мой отчет 
21860	наверно многий девочка полезно быть бабочка повозиться гусеница прочий ползучесть спокойно относиться 
21860	весна гусеница подбирать выкармливать можно 
21860	наш гусеница находить приносить домой овощ 
21860	наш гусеница есть лист яблоко 
21860	высыхать может воздух она слишком сухой быть еще гусеница паразит нападать всякое бывать 
19345	стол сержант красоваться стильный могучий машинка плоский почти полметра длина открытый гусеница опоясывать сплошной лента приземистый корпус 
21860	мир хотеться выглядеть взрослый конечно еще бабочка гусеница уже готовый выпускать себя 
21860	тот время прочий наказ взрослый собирать бабочка трехлитровый банк кишеть упругий ладонь трепыхание дымиться горлышко стряхивать пыльца я заниматься куда более гуманный уничтожение поколение гусеница ежегодно грозить сирень 
21860	откладывать яичко стебель лист гусеница удовольствие уплетать жгучий зелень 
21860	их гусеница развиваться крушина питаться она 
21860	потомство ее гадкий утенок гусеница черный темный волосок 
21860	дождевой червь гусеница личинка майский жук слепень 
21860	тот время прочий наказ взрослый собирать бабочка трехлитровый банк кишеть упругий ладонь трепыхание дымиться горлышко стряхивать пыльца я заниматься куда более гуманный уничтожение поколение гусеница ежегодно грозить сирень 
21860	тот время прочий наказ взрослый собирать бабочка трехлитровый банк кишеть упругий ладонь трепыхание дымиться горлышко стряхивать пыльца я заниматься куда более гуманный уничтожение поколение гусеница ежегодно грозить сирень 
21860	японский червь личинка тайский сверчок гусеница выставлять 
21860	оборотень гусеница оборачиваться бабочка личинка стрекоза стрекоза 
19345	фитч построить уорминстер подобный судно борт который быть устраивать бесконечный лента плица нечто гусеница 
21860	повышенный влажность температура особенно помещение редко проветриваться крупа мука заводиться различный вредитель амбарный долгоносик хлебный точильщик мучной хрущак гусеница личинка амбарный зерновой 
19345	его база разрабатывать болотоходный б расширять гусеница он мочь работать пониженный 
19345	саничев писать аэросани снегоход гусеница это очень хорошо довольно 
19345	он предлагать размещать его носовой часть пара колесо шип гусеница 
19345	во-вторых разбивать лед забиваться колесо каток гусеница быстро выводить они строй 
19345	в-третьих какой должный быть колесо гусеница выдерживать многотысячетонный вес корабль 
19345	один они нос ледокол снабжать зубчатый гусеница то играть роль 
19345	почему нелишний упоминать своеобразный попытка уменьшать этот потеря год ф мишкорудников предлагать устанавливать оба борт ледокол бесконечный лента нечто гусеница располагать вертикально авторский свидетельство 
21860	разбрасывать пруд мертвый гусеница заражать личинка глист удаваться уничтожать 
19345	он сильно толкнуть плечо следующий секунда он увидеть танк разматывать длинный лента гусеница завертеться место 
19345	танк все вращаться место распускать плоский лента гусеница 
19345	ловчий пояс старинный испытанный средство яблонный плодожорка гусеница забираться лента мешковина 
21860	хороший помощник садовод птица уничтожать яйцо вредитель личинка гусеница 
19345	трактор снова начинать свой несложный работа бесконечный грязный лента потечь вверх гусеница задрожать трос 
19345	наконец один снаряд чиркнуть покатый башня другой тут ударять борт танк вдруг полный ход лязг круто развертываться расстилать трава широкий тяжелый пласт гусеница 
19345	танк дернуться еще сильно проглатывать что-то его загреметь замелькать гусеница полететь воздух ком 
19345	танк встряхивать окутывать дым он взвывать еще сильно рвануться вперед скрежет пролагать левый гусеница окоп андрей потом 
19345	пробежать несколько метр юргин разгибаться весь сила бросать связка гранат гусеница танк сам обессиленный ткнуться 
19345	секунда он подымать голова увидеть танк погрязать правый гусеница окоп косо утыкаться 
19345	скрежетать ослабевать спадать гусеница танк круто повертываться полезть 
19345	оглушать вой мотор скрежет танк уже лезть бруствер дворик задирать вверх гусеница 
19345	он уже видеть танк левый гусеница накрывать пушка артиллерист 
19345	наш танк мочь здесь прорваться скирманово гусеница уничтожать овраг вражеский блиндаж 
19345	совсем близко оглушать реветь мотор танк скрежетать гусеница рвать воздух пушка вокруг греметь 
19345	подминать кустарник взвихривой снежный сугроб танк т выходить канава распластывать она широкий гусеница 
