40335	например выколотка сферический элемент можно начинать стальной кольцо крупный подшипник 
40335	зеленый лук следовать промывать холодный проточный вода выкладывать досочка нарезать тонкий кольцо 
40335	нарезать кольцо зеленый лук ломтик картофель 
40335	быть мочь ясновидение способность считывать данный неприметный другой что-то умение женщина змея сгибаться кольцо способность некоторый шахматист давать 
40335	стальной шарик проходить стальной кольцо нагревать он застревать 
40335	один точка внешний сторона кольцо стальной проволока быть приставлять 
40335	один точка внешний сторона кольцо стальной проволока быть приставлять 
40335	читать они предел садовый кольцо абсолютный большинство этот обмораживать газета 
40335	этот кольцо прикрывать металлический защитный шайба толщина 
40335	чуть изогнутый форма стальной кольцо браслет часы прилегать 
28664	фильм властелин кольцо первый часть единый целое 
28664	как странный сша европа детский сказка властелин кольцо ребенок год попадать 
28664	может член жюри книга читать оно кольцо всевластие злобный орк ринуться 
28664	фотография саша надевать обручальный кольцо палец молодой невеста 
40335	подобный интеллигентность частность монако являться полновесный член оон даром площадь княжество маленький территория москва граница садовый кольцо 
40335	окружной кутузовский бульварный кольцо спокойно развертываться один пробка 
40335	это где-то метр триста садовый кольцо 
40335	кальмар отваривать морковь репчатый лук лавровый лист охлаждать нарезать кольцо 
13759	неожиданно пять очко подряд набирать пухленький левша сюзи баткович удачно выходить скамейка ветеран сэнди бронделло мишель брогать вдруг становиться переигрывать кольцо чемпионка нба лиза лесли 
40335	вообще такой передача диссидентка генеральный курс упрямо напоминать мы то россия кончаться предел садовый кольцо она 
13963	решение закрытие съезд принимать связь проведение работа строительство го транспортный кольцо 
13759	этот хождение школа пыльный автозаводский двор узкий кожуховский улица преследование хорошенький одноклассница элечка саберова инга ермолина жить кинотеатр свобода улица трофимов азартный игра американка прятки надолго запоминаться простуда поездка поликлиника другой конец район пролетать неделя месяц колюня переходить класс класс переживать смена школьный форма который носить снимать она хаживать день рождение одноклассник он знать весь закоулок киоск футбольный площадка баскетбольный кольцо голубятня автобусный маршрут лазить 
40335	располагаться неподалеку пересечение тверской садовый кольцо молодой лейтенант колебаться 
40335	я сразу вспомнить александр кисса он первый жонглировать десять кольцо выполнять запредельный сложность трюк 
40335	счастие это оказываться так я буквально два месяц получать квартира садовый кольцо зубовский бульвар 
40335	андрей николаевич выбираться переулок домой попадать скоро застревать садовый кольцо выслушивать брань торопиться автолюбитель 
40335	итог она быть иметь какой-то смысл граница садовый кольцо 
40335	однажды зимний вечер подыматься садовый кольцо я увидеть пьяный человек лежать 
40335	вниз садовый кольцо время время задувать ледяной 
40335	год сын рая зыбина быть жить москва дом садовый кольцо красный ворота 
40335	знойный день все продолжаться продолжаться переходить вечер потом душный ночь зарница мы ходить москва ее садовый кольцо который тот время быть 
13759	тут можно баскетбольный кольцо повесить восклицать он 
13759	баскетбольный площадка он часто все бросать кольцо любой положение 
28664	все они как-то наоборот быть внешность командир человек простой крестьянский сын комиссар перчатка носить кольцо палец 
20733	я армия должный согласованно манштейн прорвать кольцо окружение юго-западный направление образовывать 
28664	шофер видеть окно прокисший человек развертывать крошечный узелок адольф задер рассматривать щуриться дым сигара камень перстень надевать два кольцо палец бросать пачка деньги 
13963	весь они основное располагать третий транспортный кольцо мкад 
13963	говорить премиальный продукт монарх располагать угол ленинградский проспект третий транспортный кольцо человек жить работать 
13963	другой клуб предполагаться открывать предел третий транспортный кольцо снижать расход 
13759	то надо быть забросить баскетбольный кольцо мяч помощь клюшка 
40335	главный блюдо десяток жирный свиной отбивной томиться кольцо лук ожидать готовка 
40335	выкладывать она диетический куриный грудка добавлять нарезать кольцо лук морковь включать газ 
13963	фантазия рисовать страшный картина замерзание глухой степь третий транспортный кольцо 
13963	вдали она перегораживать стена огонь звенигородский шоссе сверху глухо перекрывать черный небо громоздкий совсем неуместный третий транспортный кольцо раскрывать старомодный зонт 
13963	он подныривать эстакада развязка свертывать третий транспортный кольцо перекатываться мост москва-река 
13963	лексус глеб подныривать эстакада третий транспортный кольцо выкатиться бережковский набережная 
13759	этот кольцо нужно быть забросить мяч 
13759	требоваться огромный ловкость передавать мяч колено бедро цель забросить он кольцо 
28664	она быть муж законный кольцо палец золотой 
28664	таня улыбаться крутить палец кольцо 
13963	навигация почему-то ненавидеть третий транспортный кольцо злонамеренный хотеть выводить 
20733	я ударный армия генерал-полковник кузнецов уже взять рейхстаг самый практически замыкать кольцо окружение цитадель фашизм 
13963	неделя снегопад бесконечный возлияние некоторый соскучиться драйв гонщик молодецкий беспечность доказывать друг друг собственный состоятельность скользкий третий транспортный кольцо 
13963	поэтому москва советский первый очередь нелепый сталинка венецианский лоджия кутузовский проспект престижный столь безликий ленинский проспект устрашать свой наплевательский отношение человек среда километр массовый застройка начинаться третий транспортный кольцо 
13963	как видно исследование проводить много все типовой жилье сосредотачивать москва мкад ближний подмосковье порядок общий число новостройка также среднее подмосковье тот время столица третий транспортный кольцо мкад панель 
13759	америка идти как-то тропинка смотреть куст валяться мяч рядом щит кольцо 
28664	долгий поиск его обнаруживать помощь металлоискатель вернуть хозяйка весь последующий матч девушка тщательно заклеивать кольцо палец клейка лента 
28664	кольцо палец это разумеется змейка 
13963	например километр четвертый транспортный кольцо москва быть стоить 
20733	короткий кровопролитный сражение падеборн апрель кольцо окружение немецкий группировка 
20733	они впервые выезжать предел блокадный кольцо они изможденный серый 
28664	ее безымянный палец почти зарастать кожа желтеть обручальный кольцо 
28664	она опознавать обручальный кольцо палец 
40335	кто-то перегрызать стальной кольцо колючий проволока кусачки заранее припасать 
40335	природа такой кристалл нет новинка представлять себя куб пластика который периодически располагаться металлический шарик кольцо определять емкость индуктивность кристаллический 
13759	баранаускас понимать улыбка давать они немного поиграть потом становиться легкость перехватывать их передача блокировать их бросок кольцо отбрасывать мяч свой 
28664	погрозить она он толстый палец врастать обручальный кольцо 
28664	нана увидеть золотой кольцо крупный аметист 
28664	спрашивать он продолжать держать кольцо раскрытый ладонь 
13759	побаиваться крыса он составлять парта крепко один другой навзничь спать верхотура лицо баскетбольный кольцо который свисать щекотать нос 
13963	последний четыре год специалист дмитровский полигон испытывать несколько десяток тип ограждение они конструкция устанавливать мкад третий транспортный кольцо москва федеральный автомобильный 
28664	финал героиня книжка надо полагать альтер эго автор находить свой счастие лицо богатеюшка беспредельный прелесть атлетический красавец очки ноутбук размещать свой денежный актив граница пятикаратный обручальный кольцо длинный палец 
28664	обручальный кольцо серебряный ложка вещь сирота вещь 
13963	качество пример можно приводить шумозащитный экран третий транспортный кольцо ряд магистраль федеральный значение 
28664	загорелый рука бондарчук я замечать след обручальный кольцо так он выполнять негласный уговор 
20733	то мы так привыкать реветь пушка пушка быть рассредоточивать весь кольцо окружение гром казаться такой 
13759	главный приобретение армеец наш взгляд американец лэнгдон испанский уникахи который уже межсезонье продемонстрировать великолепный умение поражать кольцо соперник 
28664	каждый четвертый мужчина надевать обручальный кольцо потому так принимать так 
20733	апрель они соединяться танкист го белорусский фронт замыкать кольцо окружение берлин после 
28664	приходиться вставлять кадр женский палец надевать обручальный кольцо это секс 
13963	любой здравомыслящий человек приводить изумление мкад третий транспортный кольцо несмотря их астрономический стоимость 
28664	он поводить я ювелирный мастерская сдавать ювелир этот серебряный изделие договариваться он тот сделать два золотой обручальный кольцо 
28664	потом люся поехать свой подруга узнавать где жить тот чужой шестилетний девочка который она хотеть подарить обручальный кольцо 
40335	широкий стальной кольцо голова напоминать нимб 
40335	расчет показывать выполнение этот условие мм поперечный сечение ярмо кольцо должно становиться практически кругом т 
13963	заявлять главный архитектор москва александр кузьмин г появляться небоскреб основной третий проектировать четвертый транспортный кольцо 
13963	его слово большинство они быть размещать район четвертый транспортный кольцо первый очередь север 
20733	чеченец становиться давить то окружать десантник тройной кольцо окружение 
13963	сейчас мы рассматривать один такой проект строительство деловой центр класс предел третий транспортный кольцо 
40335	разрабатывать технология изготавливать высокоресурсный узел элемент авиационный поршневой двигатель апд тот число жидкоштампованный поршень комплект стальной кольцо интерметаллидный выпускной клапан позволять 
20733	команда снайпер выдвигаться вперед смыкать кольцо окружение 
20733	самый обидный быть попадать огонь свой снайпер внешний кольцо перестрелять бежать миленький 
13963	мы делать это всегда строительство мкад третий транспортный кольцо гараж попадать зона 
13963	завершать прошлый год третий транспортный кольцо уже давать положительный эффект 
13963	сейчас начинаться строительство четвертый транспортный кольцо постоянно проводиться модернизация существующий магистраль 
13963	строительство четвертый транспортный кольцо москва протяженность км начинаться 
20733	блокирование гора бандгруппа наш подразделение стремиться сжимать кольцо окружение перекрывать весь путь 
13963	инвестор особенно заинтересовывать сокращение промышленный предприятие район третий транспортный кольцо тк этот зона иметь 
40335	строиться весь это опять основной садовый кольцо 
40335	стебель бамбук нарезать кольцо разный диаметр затем закреплять они 
20733	логичный предполагать посол владимир титоренко решать ехать западный направление потому там еще замыкаться кольцо окружение тогда дорога 
20733	ноябрь красный армия захватить город калач замыкать кольцо окружение армия генерал паулюс 
20733	ноябрь год часть красный армия замыкать кольцо окружение прорыв становиться 
20733	сказать баадер почему армия сразу первый день прорвать еще слабый кольцо окружение пробиваться 
20733	советский зенитчик летчик истребитель все туго стягивать кольцо воздушный блокада 
40335	затем всыпать гречневый крупа добавлять нарезать кольцо репчатый лук посолить варить 
13759	известно также высоко прикреплять стена кольцо который пропускаться мяч 
