40621	похоже личина судьба случайность скрываться рок 
40621	злой рок лишать он родина 
40621	все бывало кончать он лежать бездыханный заваливать пригвождать оказываться уцелеть последний жилочка жилка этот хватать удерживать душа злой рок противостоять другой сила что это 
40621	удачливость рок бороться арена борьба быть 
40621	когда он его собственный жизнь встречаться американский девушка экономка хаузкипер оказывать определенный очень кстати сказать благотворный влияние его судьба он всерьез задумываться семейный традиция безжалостный рок бросать мужчина его род 
40621	это быть вмешательство человеческий жизнь роковой сила как извне подвластный человеческий логика простой человеческий чувство мы владеть рок мы быть жертва судьба 
40621	она старуха жить все ждать хороший верить бояться зло полный тревога жизнь жить отличать они тот умирать стоять смотреть развалины свой дом любоваться весенний небо знать то любоваться они стоять спрашивать себя почему смутный будущее любить она человек почему столько ошибка их жизнии замечать этот неясность этот туман горе путаница быть ответ ясность надежда она знать понимать весь свой душа смысл жизнь выпадать она ее близкие она никто они сказать ждать они они знать страшный время человек кузнец свой счастие мировой судьба давать право миловать казнить возносить слава погружать нужда обращать лагерный пыль давать мировой судьба рок история 
40621	этот уродец этот юркий мартышка возносить толпа свой маленький бескостный лиловый очень страшный ладонь быть судьба рок тот грубый непонятный почти 
40621	самый близкий человек мочь сделаться самый чужой таков рок наш судьба 
14466	все очень стильно лужайка гора сотня реветь харлей электрический гольф кар пиво река игрок косуха бандана жилеточка кепочка тяжелый рок рубить 
14466	понятный дело такой опыт поверять то помощь музыка можно долбить мозги тяжелый рок доставать пассажир маршрутка бодрящий 
40621	судьба правильно сказать рок гонять он круг 
40621	проза лишенный внешний претенциозность дело говорить механизм жизнь способ функционирование судьба фатум рок каковой юзефович ничуть 
40621	следующий год ченслор вторично побывать москва торговый экспедиция злой рок находить он обратный 
40621	история сомнение рок фатум неумолимый грозный судьба 
14466	спорить сейчас появляться немало хороший мелодичный песня больше сказать девяностый тяжелый рок придавливать остальной жанр 
14466	никакой рок-н-ролл уже давно нет рок быть рэп 
40621	вы товарищ селиванов удивлять почему широнинский читальня снова оказываться эпицентр проблема злой рок спрашивать укоризна ямбых 
40621	рождество декабрь год порт брант рок сша штат массачусетс фессенден выходить 
40621	это еще рок счастие успех положение звание каждый 
40621	друг я лишаться злой рок собственный недомыслие 
40621	начинаться событие знаменитый переворот приводить власть нарышкин злой рок стечение обстоятельство 
14466	ритмичный музыка рок хорошо диско хаус 
14466	ритмичный музыка рок хорошо диско хаус 
14466	играть рэп рок значить отрываться арабский 
40621	здесь вечный солнце бирюзовый океан фантастический гора тихий мирный человек который носить борода рубить женщина палец маникюр резать губа помада рвать ухо серьга сидеть себя спокойно солнышко знать все свет иншалл фатум рок власть аллах человек 
40621	меняться обстоятельство место время образ действие оставаться неизменный событие повторяться как разыгрываться один тот сюжет новый подмостки новый актер злой рок насмешка судьба то быть 
14466	крыша десяток просто подпрыгивать звук тяжелый рок 
14466	послушать кстати рок сыграть немаловажный роль 
14466	примерно этот музыка набирать оборот вскоре неврозис успокаиваться равносильно смерть постоянно прогрессирующий овца издали альбом который былой неврозисный саунд мало оставаться новый здесьпусть тяжеловатый пост рок 
14466	она проехать разрушать стена ричард корлеон восстанавливать античный амфитеатр афиша недавний рок концерт разрозненный колонна греческий 
14466	кто услышать впервые такой музыка обязательно потянуться она надолго ненадолго ходить рок он недобрый 
40621	какой-то злой рок преследовать он снова его доклад 
14466	музыка такой группа их американский брат оружие приобретать тяжелый скоро металлический рок н ролльный звучание 
14466	суть хардкор являться новый музыкальный форма добрый старый панк рок утяжелять более быстрый 
14466	хардкор являться симбиоз многий музыкальный стиль основной влияние план музыка так план стиль одежда образ поведение его приверженец оказывать панк рок тот число калифорнийский скейт 
14466	короче любить всякий шумный компания необъятный пьяный сборище рок концерт открытый небо 
14466	кажется очень немногие задаваться вопрос что хотеть человек который платить власть народ обмен спонсирование весь этот рок концерт 
14466	его выступление который скрипач уметь превращать эффектный запоминаться шоу эмоциональный реакция публика напоминать атмосфера рок концерт 
14466	куятор любить поедать колбаса рок концерт потом колбасицца в 
14466	сколько раз ты повторять надевать наушники слушать они сколько хотеть свой тяжелый рок 
14466	это тяжелый рок технопанк растерянно пробормотать поля 
14466	второй альбом получаться совершенно другой человек по-прежнему считать наш музыка коктейль рок рэп 
14466	несколько единомышленник становиться руль движение создание отечественный тяжелый рок новый 
14466	юность минувший выходной проходить рок концерт 
14466	я понимать православный воспитатель особенно он уже молодой попадать рок концерт немедленно возмущаться дух 
14466	где проходить граница допустимость наш участие мероприятие подобный упоминаться рок концерт 
40621	он ждать помощник какой месяц уже работать он какой-то злой рок повисать незанятый должность кто 
14466	джаз классика джаз рок опять классика 
14466	я очень ценить музыкант отлично играть классика джаз тяжелый рок 
40621	чиновник президентский администрация злой рок витать этот земля 
14466	казаться тут рок концерт депутат отводиться роль группа 
14466	казаться тут рок концерт депутат отводиться роль группа 
14466	анимационный фрагмент закладывать управляющий компьютер позволять подбирать программа практически любой мероприятие рок концерт огромный рэйва 
14466	постепенно закрываться весь музыкальный спортивный секция дирекция стараться подогревать жизнь разрешать проводить зала рок концерт так коридор туалет 
14466	тут как некий рок гаити присутствовать артист 
14466	ценностный семантический поле речитатив чернокожий рэпер возбуждаться результат включение их творчество музыкальный ряд другой стиль бывший некогда такой локальный явление джаз рок панк франк 
14466	еще страховать акция безопасный далекий возможно происходить рок фестиваль тушино 
14466	суббота вечер несмотря взрыв продолжаться рок концерт это быть свой 
40621	отсюда следовать философия квиетизм фатум рок кисмет истмат гласить как 
40621	тогда предопределенность неизбежный судьба рок фатум плохой смысл 
40621	жестокий рок мойра парка который плести 
40621	отринуть голый случайность слепой рок бессмысленный привносить этот 
14466	никогда еще этот прекрасный музыка звучать такой предвестие рок писать диана впоследствии 
14466	весь жизнь любить джаз рок детектив читать выпивать 
40621	ты как самый старший знать что-то такой мой будущее называть предчувствие рок близость финал я недаром 
40621	рок преследовать она умирать сын 
40621	я казаться русский народ ощущать понимать его судьба тяжелый какой-то злой рок преследовать этот страна 
14466	один знаменитый музыкант музыкальный критик смочь внятно объяснять мы такой рок-музыка рок поэзия 
14466	русский зарубежный классика джаз рок этот музыкальный направление мирно уживаться 
40621	поистине злой рок давать я обосновываться 
14466	явление представлять основной кружка молодежь группироваться ряд печатный издание основной журнал ряд рок рэп группа 
14466	иркутск набережная ангара шпиль городской отдел дело молодежь июнь проводить музыкальный фестиваль рок молодой хип-хоп по-русски вечерний 
14466	пианист практик многолетний стаж работа профессиональный джазовый оркестр он искать себя новый музыкальный материал переигрывать этот год фактически весь классический джазовый традиция би боп джаз рок влоть он 
14466	потом мы увидеть спектакль рок концерт григорий горин 
14466	символичный спектакль ее петь сам режиссер роль один рок музыкант 
14466	музыка охватывать наиболее популярный музыкальный стиль х год блюз свинг поп-музыка рок н рол 
40621	вероятностность иллюзионизм увеличиваться одновременно катастрофизм принудительность тот рок фатум свой навязанность 
14466	мочь спокойно смотреть взрослый человек который знать классический произведение юноша увлекаться металл рэп рок 
14466	количество ингредиент подавать коктейль неисчислимый фолк рок джаз панк ремикс ремейк 
14466	участник зритель этот семейный ток-шоу тот кто называться воспитывать тупой рок неприличный рэп тот 
40621	человек орудие рука фатум рок игрушка рука бог 
40621	скажем понятие рок фатум другой сторона 
40621	она рок фатум судьба сказать так 
40621	несчастие случаться трактирщик ковыряхин накрывать он облако мрак судьбина рок фатум парк этот самый быть 
40621	тогда она надо писать заглавный буква судьба рок фатум это уже попахивать 
40621	мир править космический рок фатум 
40621	я верить предчувствие непреложный сила темный рок фатум 
