13900	володька прислонять ирина дерево нажимать ее тонкий девичий стан становиться впечатывать свой губа 
13900	похожий слово определять герой лермонтов он быть средний рост стройный тонкий стан он широкий плечо доказывать 
40379	что вызывать некоторый ликование стан американец мадлен олбрайт называть 
13900	его путь молодой заключенный такой синий комбинезон держаться франтовски его матерчатый синий пояс быть затягивать пряжка тонкий стан грудь распах 
13900	сосед квартира инженер драгин начальник цех злой насмешка смотреть ее морщинистый лицо девственный стройный иссушать стан ее пенсне висеть 
0	это быть производственный совещание такой какой собираться завод полевой стан 
0	утро узнавать она я хотеть сфотографировать кто-нибудь старинный ткацкий стан такой еще стоять два 
13900	он заполнять красивый женщина убивать прелюбодеяние мочь быть один кокетство главный образ прелюбодеяние кокетство то толстой молодость мочь видеть женский стан обтянутый джерси 
13900	он быть средний рост стройный тонкий стан он широкий плечо доказывать 
13900	право быть жаль его стройный стан никогда стягивать военный мундир 
0	несмотря географический близость липецк вотчина сырье завод поступать магнитка северсталь там быть прокат стан удовлетворять требование завод 
0	в они попадать специальный печь где металл раскаляться оттуда красный высокий температура заготовка вылетать прокатный стан где начинать свой путь 
40379	разбирать целое военный событие год необходимо отмечать ряд противоположный процесс протекать стан воевать сторона 
13900	стан стройный поступь величавый волос 
0	его имя быть издаваться указ который никто посметь ослушиваться оно становиться вращать турбина электростанция тянуть рельс поезд двигать прокатный стан элеватор освещать цех завод 
1	два переход корпус атаман могутов достигать ханский стан малый орда 
13900	то ты занятный юный дева тонкий стан пара пара олег баран 
13900	мой взор невольно останавливаться она ее ясный выразительный глаз необыкновенно стройный стан особенный род прелесть 
0	нижнетагильский завод мастер егор кузнецов предлагать заменять профильный машина шталмер листопрокатный стан свой конструкция егор кузнецова 
0	параллельно этот начинать реконструкция сталеплавильный стан чусовской металлургический завод 
0	более тыс т современный оборудование поставлять оао северсталь россия реконструкция толстолистовой стан санкт-петербург 
0	мастерица сей пора работать ткацкий стан бабушка 
0	ткацкий стан сохраняться некоторый дом 
0	акуловый делать сруб гаврать прялка ткацкий стан 
0	оборудование стан ангц включать единый 
0	последний год изготавливать отгружать оборудование широкополосный стан толстолистовой 
0	северсталь успешно работать универсальный листоправильный машина сдавать эксплуатация год стан монтироваться ножницы поперечный резка 
0	стан холодный горячий прокатка осваивать 
0	то соответствие программа технический развитие развивать собственный машиностроительный база разработка изготовление сборка новый волочильный стан узел канатный машина размоточный намоточный 
0	например свой сила изготавливать устанавливать цех волочильный стан предусматриваться изготовление прямоточный 
0	реконструкция сортовой стан позволять улучшать качество поверхность металл 
0	рисунок получаться счет применение широкий бердо ткацкий стан 
0	другой сторона последний год промышленный развитый страна намечаться четкий тенденция сокращение наиболее ресурсоемкий экологически грязный передел металлургический цикл горнорудный коксодоменный мартеновский плавки прокатка обжимный стан блюминг слябинг 
0	поэтому программа развитие комбинат первоочередный задача являться обновление строительство новый менее энергоемкий кислородный блок реконструкция технический перевооружение аглодоменный производство печь новый поколение строительство агрегат печь ковш вакууматор реконструкция действовать создание новый прокатный стан 
0	основной производство плоский непрерывнолитой заготовка сляб осуществляться рамка классический технологический схема доменный печь конвертер внепечной обработка непрерывный разливка прокатный стан 
0	использование непрерывный разливка становиться получение фасонный заготовка позволять сокращать удельный расход металл исключать обжатие обжимный стан существенно снижать себестоимость готовый 
0	наиболее эффективный оказываться технологический построение который машина литье балочный заготовка непосредственно совмещать прокатный стан 
0	быть также вводить эксплуатация трубный стан база ижорский завод проект 
0	она включать себя ввод новый линия лужение модернизация стан холодный прокатка строительство завод 
0	черный металлургия год ликвидировать мартеновский печь общий мощность т прокатный стан почти т 
0	проект реализоваться совместно новый краматорский машиностроительный завод где немецкий проект изготавливаться пресса прокатный стан делать германия параллельно строиться 
0	металлург начинать строить сварной стан 
0	полный модернизация выпуск бесшовный труба необходимо создавать собственный производство качественный заготовка устанавливать современный непрерывный стан 
0	то настоящий время проводиться модернизация прокатный стан холодный прокатка изделие большой 
40379	он фашистский суд отличие сказать бестактный программа познер который жириновский мочь противостоять нахрапистость антидемократ американский разлив никто перебивать ставить дурацкий положение надо учиться действовать реальный обстоятельство готовиться публичный схватка разговор внимать единомышленник запасаться наработка результат исследование убийственный цитата стан противник 
40379	непризнание право национальный меньшинство рано поздно толкнуть они стан недруг израиль 
40379	противник открыто пускать друг друг стрела тот больший злорадство они отправлять стан враг свой агент 
0	год планироваться проводить реконструкция стан установка проволочный 
0	донецкий металлопрокатный завод год осуществлять реконструкция сортовый стан 
13900	стройный тонкогубый пластичный аристократический оправа нос он смотреться совершенный нарцисс стан толстомясый нувориш свой ухватка 
40379	она захотеться скрещивать грудь рука хищно перебирать пальчик инквизиторский постукивать они ткань пиджак цвет морской волна также отставлять правый нога вправо немного вперед это делать то пушкин чтение стих кто-то полководец стан враг 
40379	известный факт белый расстреливать пленять сын генерал брусилов алеша то его отец оказываться стан противник 
40379	находиться его территория мусульманский отряд периодически совершать вылазка стан противник 
40379	некоторый слон приучать особый действовать хобот хобот привязывать огромный меч размахивать они слон просто опустошать стан враг 
0	определение итальянский фирма современный мини-завод все означать определенный технология использование электропечь агрегат внепечной обработка становиться прокатный стан производство определенный сортамент металлопродукция 
0	такой классификация учитываться ряд завод ограничиваться производство товарный заготовка применять заключительный стадия прокатный стан иной агрегат обработка 
0	сегодня мини-завод россия можно некоторый оговорка относить электросталь располагать единственный мир сортовой литейный прокатный агрегат планетарный стан получение труднодеформируемый сплав 
13900	их длинный черный хламида давать никакой возможность увидеть кусочек обнаженный тело сам изгиб женский стан быть настолько волнительный весь 
40379	желание вносить разброд стан противник получать разведывательный информация 
40379	второй день мы сидеть стан враг себя 
40379	я конечно понимать разведчик забросить длительный пребывание стан враг этот отношение закалять 
40379	платить нормально цру разведчик переходить так часто стан враг 
40379	генерал дурак мокрый сразу стан противник прощупывать сильный 
0	быть принимать решение правительство устанавливать он завод город белый калитва ростовский область туда пойти первый железнодорожный эшелон деталь стан 
40379	превосходить подвиг макковей он там рим стан враг воздвигать новый главный храм 
40379	такой счастие мы ехать сухуми забирать он я оставаться один стан враг мочь точно сказать что 
40379	когда андрей ребята попросить петр так звать младший сержант отпускать они деревня он они так закричать как они хотеть переходить стан противник продавать знамя дивизия 
40379	я быть мокрый подштанники потому стан враг случаться небольшой 
40379	три день он чувствовать себя мауглить джунгли разведчик стан враг 
40379	отзываться людской море первый потеря стан враг 
40379	ужас я едва рассмеяться неведомый что глупость конечно хватить ум соображать смех мой этот ситуация прозвучать смех стан враг пролетариат 
40379	он думать свой уход надо быть как-то объяснять то этот уход вызывать паника стан враг который решать председатель 
40379	учитывать весь обстоятельство алчный желание слава р поделиться корреспондент враждебный орган свой незрелый мысль теперь любой недоброжелатель уже один факт данный интервью получать возможность представлять артист р изменник перебежчик стан враг 
40379	лишний источник информация стан противник никогда еще никто 
40379	то встречаться джульетта ромео надо преодолевать нечто серьезно увлечение розалина вообще розалина этот спектакль очередной пример нелепость веронский жизнь встречаться джульетта ромео нужно любовь мир входить стан враг пойти неслыханный 
