36673	молодой сейчас гораздо более зубастый они рано начинать знать себя цена вывешивать такса прайс-лист 
36673	стоимость билет сеул весь такса сбор составлять 
35039	она след брать такса уставляться черный пуговка вилять хвост 
35039	я ты хватать штанина хозяин такса собака вилять хвост 
35039	представлять кто-то вдруг решаться такой эксперимент выпускать какой-нибудь необитаемый остров где нет наземный хищник такой остров еще оставаться два сильно различаться размер порода собака скажем бульдог такса 
36673	единственный путь установление цена конкуренция существовать такса твердый цена прима 
36673	стоить дорого ты мочь обслуживать льготный такса 
36673	петр павлович улыбаться девочка знать себя цена иметь такса вокзальный проститутка 
35039	я тут свой такса обычно утро выгуливать 
36673	теперь генерал зуев следователь ясно понимать свой свобода я готовый платить такса одерживать первый маленький победа я 
36673	право останавливать платить такса я говорить я 
36673	вообще ты готовый платить такса говорить следовать лапидарно 
35039	мой такса кобель мес улица 
35039	он испытывать смутный желание выбрасывать собака окно припоминать какой этаж жить очень засомневаться способность такса полет 
36673	дореволюционный россия практика определение корневой стоимость древесина лесной такса базироваться четкий рекомендация лесной 
36673	общий рентообразующий фактор подсчет корневой стоимость ствол являться древесный порода качество ствол деловой пол деловой дровяной диаметр высота м разряд высота разряд такса выдел удаленность транзитный 
36673	общий рентообразующий фактор определение корневой стоимость ликвидный запас древесина выдел делянка распределение ствол порода качество ступень толщина разряд высота каждый порода разряд такса рельеф несущий способность грунт 
36673	сейчас мы этот пошлина привязывать мировой цена сам черный золото они высокий много этот экспортный такса цена баррель 
36673	этот период он закладывать основа нормирование цена лесоматериал лесной такса научный направление рациональный раскряжевка 
36673	г он разрабатывать теория государственный цена лес корень г законодательно утверждать первый страна лесной такса 
35039	щенок такса гладкошерстный зарегистрировать нокос 
35039	щенок такса гладкошерстный зарегистрировать нокос 
35039	щенок такса зарегистрировать нокос ричард 
35039	бордоский дог сука г такса кобель г щенок восточный 
35039	этот порода оля впервые мексика увидеть теперь ее любимый собака все они она три быть еще такса риджбек 
35039	продажа животное родословная такса кобель год щенок лайка 
35039	находить такса кобель центр сормово тело 
35039	галина константиновна щенок такса зарегистрировать нокос гена 
35039	щенок такса гладкошерстный зарегистрировать нокос 
35039	щенок такса зарегистрировать нокос ричард 
35039	собака сука черный волнистый шерсть похожий такса лапа короткий передний кривой белый 
35039	щенок такса гладкошерстный зарегистрировать нокос 
35039	щенок такса гладкошерстный зарегистрировать нокос 
35039	сотрудник спецслужба вечер возвращаться домой жена ребенок смотреть телевизор выгуливать любимый такса проверять дневник сын балбес ругаться 
35039	потом проходить много год я расходиться жена долго жить один потом жениться второй раз мой новый жена уже быть собака такса джолик 
35039	где-то внизу хлопнуть дверь залаять такса мальчик собака вернуться 
35039	рынок я намекать точка зрение физиология такса этот сука 
36673	много он платить такса я знать тот девчонка 
35039	как назло вокруг душа один интеллигентный вид юноша который выгуливать неподалеку такса 
35039	я брат такой собака никогда видеть смотреть она недоуменно вспоминать наш великан цезарь такса деликатно обнюхивать мы 
35039	там забор собака любимый четыре такса слева дворняжка напротив 
35039	соседушка звонить калитка рык дог переходить затем сдавленный визг проходить пять минута он уже висеть повод рука почти клодтовский вдова что ответ дикий ближний лай четверня такса также заливистый ответ дворняжка рекс 
35039	сожаление этот набор требование животное вряд получаться совершенный заказчик указывать собака должный быть так мало щенок такса 
35039	она ревновать собака скоро ты постель улечься этот такса 
35039	единственно что я беспокоиться как заражать собака такса имя гунар победитель еж 
36673	параллель южный стоимость высоко северный умный человек всегда знать такса деньги старик брянцев быть 
35039	менее нежный дружба связывать два девочка такса огромный дог 
35039	набережная мой спина прогуливать экзотический собака неведомый мы россиянин афганец пиренеец пятнистый долматинец пугающе вытянутый червь крохотный такса 
35039	поступать зоопарк сведение животное рыжий красный окраска длинный пушистый хвост морда такса вероятный все лисица обнаруживать 
35039	достаточно подрезать ножка стол разрезать этажерка кусок обменять любимый дог такса нормальный жизнь быть восстанавливать 
35039	магда держать колено собака левандовский толстый желтый такса седина морда 
35039	снова сков размахиваться солнце разбивать дождь уже летать отдельный огненный капля лилова синева отливать асфальт становиться вдруг так светло жарко драйер ход скидывать макинтош то несколько потемнеть дождь сразу оживляться подымать хвост труба пойти поход рыжий такса 
36673	решать возбуждать ходатайство соответствующий ведомство возмещение стоимость этот заказ отсрочка введение такса обувь отсрочка введение 
36673	восемь легковой извозчик подавать любопытный заявление городской управа иметь честь покорнейше просить управа снимать мы карать статья неподача фаэтон г доктор м а о вид то он соглашаться платить такса утверждать дума начальник область 
35039	гласный щенок подавать вчера дума заявление установление москва такса извозчик 
35039	г щенок проектировать самый такса день первый верста 
35039	поэтический идиллия радовать чехов чувствовать себя лорд тот платить квартира жить собственный имение живой инвентарь его быть причислять два щенок мюр мерилиз два такса бром хина это быть 
36673	основание какой такой показательный прецедент основывать такой благодушный уверенность аллопатический аптека становиться понижать такса стоимость гомеопатический лекарство еще 
36673	различный пункт анатолий армянин отказываться платить установленный такса освобождение воинский повинность 
35039	сбегать такса рыжий кобель ошейник значка 
35039	хорошо быть мелихов гость делаться душа весело уже тот момент вы порог встречать лай два такса который звать один бром исаевич 
35039	собака такса ты она доставлять 
35039	вид утешение приобретать щенок такса сучица 
36673	быть пачпорт ты такса вынимать четвертак пачпорт платить 
36673	иерусалимский такса сколько что платить 
36673	увечье быть платить такса смерть смотря человек 
36673	жена мой содержать гласный касса ссуда продолжать то благородный отец убеждаться никто присутствующий намерен платить такса самый легкий оплеуха 
36673	прекрасный земля он раздаваться больший частый найм соседний крестьянин который немилосердный она выпахивать небольшой количество собственный скот таскаться где попадать заставлять хозяин время установление такса потрава нередко платить 
36673	белый хлеб который мы прежде платить копа монета полицейский такса месяц уже перелагать 
36673	прочий требование платить такса подписывать сам царь 
36673	простой народ также пристрастный сей пагубный порок теперь остров воага куда более весь прочий приходить суд некоторый съестной припасы платить такса горячий напиток например большой 
