17916	 утица испытывать огромный нагрузка поэтому чтобы они отрывать струна утица надо крепко приклеивать дека для прочность закреплять винт саморез 
39939	 при это мощность развивать двигатель число оборот винт изменяться 
39939	 двигатель мощность течение мина вращать лопасть винт внутри калориметр который находиться 
39939	 вследствие трение вода лопасть винт вода нагреваться 
17916	 если этот кольцо прикрывать металлический защитный шайба толщина рис закреплять винт или 
39939	 красноперов заглядывать иллюминатор лопасть винт образовывать мерцать круг трава пригибаться 
16398	 зато игра коммерческий преферанс винт играть превосходно смело находчивый 
16398	 говорить что знать этот игра что вообще признавать азарт даже шутка что любить сравнительно хорошо играть только винт 
16398	 четыре человек играть винт играть лето зима весна 
39939	 так штат калифорния среднее столкновение лопасть ветрогенсратор гибнуть один хищный птица месяц это при что там сей пора устанавливать генератор малый диаметр винт высокий частота вращение 
39939	 новый мускулатура уже закручиваться экспериментальный микромиксер длина лопасть раз большой диаметр волокно масса винт превышать масса мускул 
39939	 количество лопасть несущий винт рулевой 
39939	 проект носить название построить одновинтовой схема шарнирный крепление лопасть несущий винт 
39939	 даже обычный пассажирский самолет летать очень быстро лопасть вертолетный винт при вращение достигать почти скорость 
39939	 кстати совмещать центр масса центр жесткость аэродинамический фокус точка где прикладывать равнодействующий аэродинамический сила удаваться лопасть вертолетный винт они никогда испытывать 
39939	 когда челюскин входить чукотский море состояние его корпус быть весьма плачевный большинство шпангоут повреждать или лопнуть многий заклепка шов срезать лед один лопасть винт отламывать что еще более снижать 
39939	 разбрасывать обломок искореживать крыло согнутый лопасть винт подымать небо хвост 
39939	 глиссер принимать называть быстроходный маломерный судно воздушный тяга движущий сила являться обычный гребной винт вода лопасть авиамотор 
39939	 земля внутри аэродромный ограждение находить след лопасть винт метр семьдесят примерно самолет ковырять 
39939	 тот период вместо деревянный винт начинать использовать лопасть алюминиевый 
39939	 рыжий рабочий лошадка раскидывать ухо как лопасть винт вертолет послушно трогать 
39939	 миля устанавливать лопасть нести рулевой винт цельноклееный конструкция 
17916	 звено соединять друг друг обрезка стальной труба длина закреплять распорный винт 
17916	 стакан закреплять горловина бак винт дно сделать дырчатый 
16398	 пожалуйста винт переставать играть ведь 
32507	 контора народ оживленно обмениваться рецепт изготовление спиртное домашний условие сведение где давать водка без талон обмен только бутылка винт где талон 
39939	 лопасть обвисать винт колено падать капля 
39939	 сам жить дом мой окно выходить технический палисад секретный завод рассвет где взрывной метод отливать титан лопасть авиационный турбина винт атомный подлодка 
39939	 игорь иванович изобретать другой важный новинка устройство позволять менять угол наклон лопасть винт при его вращение что обеспечивать 
39939	 самый главный мой взгляд реальный вероятность схлестывание лопасть верхний нижний винт как следствие неминуемый катастрофа 
39939	 дело что конец лопасть винт мчаться навстречу друг друг 
16398	 кто-то считать что автор достигать прямо-таки толстовский высота сила кто-то обвинять произведение невысокий качество недоумевать настоящий драма меж герой мочь быть речь попытка нагружать они социальный значение производить комический впечатление посмотреть кто этот человек лаевский пить пиво играть винт сожительница его поминутно падать 
17916	 говорить этот час нельзя подделывать механизм заключать корпус при помощь особый винт закреплять некий секретный инструмент 
16398	 дома играть винт бородатый мужик молодой мой два 
32507	 бутылка выпивать прямо горло винт потом немного подумать 
32507	 бутылка водка московский винт давно забывать зеленый наклейка 
32507	 перебирать потом кухня реликтовый продукт пускать слюнки икра краб сервелат столичный водка винт 
17916	 гелевый ручка который купить возле метро без усилие вставать паз закреплять она винт 
32507	 пусть быть самый хороший водка хороший винт 
32507	 разумеется она тут опорожнять горло винт 
16398	 пожилой играть сад винт преферанс 
16398	 карта любить играть только винт 
17916	 раскрывать находиться тут футляр лукин вытаскивать привинчивать казенный часть ружье толстый заканчиваться упор стержень навернуть дуло круглый коробка глушитель закреплять винт оптический прицел 
32507	 когда входить кабинет стол стоять бутылка столичный между прочее винт там примерно еще треть быть 
16398	 это вместо чтобы безмятежно играть винт 
16398	 едва каждый вечер они играть винт больший часть николай степанович 
32507	 стиляга при это расставлять каменный спина стопка открывать извлекать из-под подушка бутылка столичный винт резать финский колбаса 
16398	 кто-нибудь обед вдруг сие оскорблять все неожиданный осуждение старый порядок обычай дама держать свора собачка вечер играть винт полицмейстер никто 
17916	 там чертовый бабушка третий остров упрямый трескоед находить охотничий избушка избушка кусок стальной проволока заменять шпонка расклепывать она какой-то чудо закреплять винт свой ход вернуться 
17916	 выглядеть добровольный испытатель странно грудь его быть закреплять винт размер добрый тарелка 
17916	 предварительно закреплять она данный расстояние винт ножницы перемещать такой образ чтобы 
17916	 корпус редуктор помощь клей два винт крепиться переходник закреплять 
17916	 приставка можно закреплять винт под любой угол 
17916	 центр мембрана при помощь гайка закреплять шточка иметь сквозной отверстие который находиться регулировать винт соприкасаться гайка конусный клапан 
17916	 вставлять пластина через прорезь крышка закреплять они винт 
17916	 состоять два алюминиевый щека толщина четыре накладка плексиглас толщина вкладыш пенопласт устанавливать между щека закреплять винт головка 
17916	 устанавливать верхний шептать спусковой крючок плата закреплять винт после что соединять нижний шептать 
17916	 пропускать валик через соответствующий отверстие плата надевать внутренний сторона предохранитель закреплять винт полукруглый головка 
17916	 устанавливать флажок предохранитель закреплять винт 
17916	 она крепиться ствол помощь два винт 
17916	 там проток полно лодка большой маленький хозяин подлетать какой-то лезть она чуть вывертываться падать корма успевать момент падение попадать зажим мотор кормовой доска закреплять мотор откидываться упираться нога дергать мотор жужжать дымить корма бурлить лодка лезть берег хозяин яростно довольный стукать мотор морда кулак потом глушить дергать опять кипение винт опять стукать потом 
17916	 шептала два винт закреплять пластинчатый пружина поддерживать 
16398	 после обед четверг французский михайловский театр суббота цирк воскресение балет остальной день шувалов или барятинский партия винт 
16398	 собираться поочередно друг друг вечер играть винт умеренно пить много петь 
16398	 винт играть только интеллигенция преобладать преферанс 
16398	 однажды вечер лев николаевич приходить чтобы играть папа винт оказываться что хватать 
16398	 дома воскресение играть херсонский вист преферанс классический винт отец мать марья павловна 
16398	 быть тот время радио кино публичный лекция путь россия сейчас все это быть играть бридж презренный искажение старый благородный винт 
16398	 передняя культура пыльный играть преферанс винт прикупка гвоздь 
16398	 винт играть полный вздох сказать таня 
16398	 главнокомандующий деникин каждый пятница вечер играть винт екатерина алексеевна квашнина свой 
16398	 давно уже бросать играть пятница винт быть слабый как все 
17916	 надумывать подтаскивать самолет ледяной ропак закреплять амортизатор ледяной глыба так добиваться сильный натяжка амортизатор быстрота проворачивание винт 
16398	 присылать депеша что конница красный тыл язвить душа расшифровка откладывать утро винт садиться играть 
16398	 как поехать штаб крапчиков сукин кот винт посадить играть малый червы 
16398	 лопасть винт закреплять неподвижно угол атака 
16398	 клуб играть винт исключительно чиновник тут-то 
16398	 прекрасно играть винт преферанс интересоваться спорт изучать 
16398	 среда кроме летний месяц собираться играть винт 
16398	 садиться играть карта винт число присутствующий быть местный 
16398	 заслуживать город слава азартный игрок винт самгин вспомнить как 
16398	 один помощник который приходить играть винт отвечать его приглашение сухой 
16398	 поблагодарить теперь играть только преферанс винт маленький 
16398	 дама интересоваться граф расспрашивать про его наружность господин играть винт седобородый они беседовать про изобретать 
17916	 такой случай страгивать гайка отсоединять щит тормозной цилиндр отворачивать два винт ключ 
17916	 генератор крепиться помощь прилагать кронштейн правый перо передний вилка должный быть располагать позади перо контактный винт для создание надежный электроконтакт должный 
17916	 световозвращатель освобождать винт гайка помещаться между спица 
17916	 когда спица проходить отверстие ушко последний вставляться винт закрепляться гайка 
39939	 глыбин лежать вода бок плашмя вода возле они ходить винт 
16398	 уже сводить скула становиться все жарко все неудобно вот торопливо словно уходить дурнота повертывать винт еще следующий деление 
16398	 уверенный рука смерть ложиться один игрок самый интересный момент игра ужас просветлять миг глаз человек который состояние нравственный гипноз предаваться винт лето зима весна 
16398	 узенький недлинный лестница винт идти передняя обвешить старинный 
39939	 берег мыло отбойный вода работать винт буксир 
39939	 пока монтевидео чистить винт вода серебряный река опускаться 
39939	 общий принцип действие ветрогенератор простой энергия ветер вращать лопасть винт генератор преобразовывать энергия ветер 
39939	 современный высоко располагать винт большой диаметр вращаться скорость 
39939	 архимедов винт использоваться для подача питьевой вода 
39939	 винт даже водомет прогонять вода 
39939	 оснащать два двигатель отличие суперкобра снабжать четырехлопастный несущий винт значительно повышать летный характеристика 
39939	 для создание подъемный сила быть использовать жесткий бесшарнирный несущий винт новый принцип управление 
39939	 этот аппарат продольный схема два несущий винт располагать один другой вдоль 
39939	 магнитный подвес передача винт гайк различный конструкция например 
17916	 мужчина знак крепиться винт женщина булавка 
17916	 крышка слетать держатель пол посыпаться винт 
17916	 помощь удаваться разбирать резьбовой соединение прикипать винт гайка 
39939	 стая кефаль слетаться бросать вода головка жареный ставридка рыба кишеть линзочек световой рябь множить сверкание проворно повертываться винт 
16398	 кто спорить издатель автор книга джейсон эпштейн против вице-президент компания винт серф 
17916	 установка винт пинцет сделать удержание захватывать 
39939	 едва зачерпывать вода винт снова взмыть чтобы снова 
16398	 кто-то советовать использовать для передвижение автомобиль речной фарватер оборудовать машина корабельный винт 
39939	 дверь кракнуть срываться весь винт засов вода заливать 
17916	 тогда подымать задний сидение отворачивать два винт снимать лючок 
17916	 помощь винт зажимать султан подвижный боковой 
32507	 гром винт вздрагивать древний стена московский кремль 
39939	 иметь мировой аналог соосный схема несущий винт обеспечивать отличный маневренность 
39939	 один армия мир нет добавлять предвидеться боевой вертолет соосный схема расположение несущий винт 
39939	 время боевой действие чечня стрелковый оружие земля вертолет поражаться центральный часть фюзеляж случай несущий рулевой винт случай лишь 
39939	 лопасть несущий винт двухконтурный лонжерон электрический 
39939	 назначать срок служба лопасть несущий винт 
39939	 отсутствие рулевой винт сказать карен 
17916	 щечка рукоятка изготавливать пластика крепиться рамка два винт каждый сторона 
17916	 это достигаться при помощь два регулировочный винт проходить сквозь резиновый втулка 
39939	 экипаж вертолет камчатский авиакомпания изменять плановый маршрут перелет просьба лицо сопровождение губернатор что заканчиваться вход низкий облачность снижение под она резкий маневр для отворот вершина дерево приводить удар лопасть несущий винт хвостовой балка 
17916	 под свист винт тренироваться разведчик старлей выкрикивать индивидуальный 
39939	 минимум необходимый посадочный площадка определять малый диаметр несущий винт 
39939	 возможность доступ транспортный модуль сторона задний часть кабина без остановка несущий винт 
39939	 внутри малышка который легко умещаться ладонь находиться проц мега память винт 
39939	 контракт предусматриваться текущий ремонт вертолет замена трансмиссионный система несущий винт поставка запасной часть агрегат 
39939	 вертолет выполнять одновинтовой схема рулевой винт один газотурбинный двигатель лыжный 
39939	 несущий винт пятилопастный бесшарнирный крепление лопасть 
39939	 для уменьшение уровень шум мочь устанавливаться четырехлопастный рулевой винт меньший скорость вращение лопасть 
39939	 воздухозаборник располагать передний часть обтекатель несущий винт 
39939	 составной вал привод рулевой винт выполнять алюминиевый сплав 
39939	 разрабатываться прицел устанавливать над втулка несущий винт 
39939	 быть устанавливать мощность квт пятилопастный несущий винт образный оперение машина 
39939	 один резкий движение несущий винт обрубать хвостовой балка 
39939	 рассматривать различный система спасение экипаж милевец отказываться катапультирование отстрел лопасть несущий винт устанавливать 
39939	 сначала отстреливаться лопасть винт консоль крыло дверь оба 
39939	 при задействование система борт выполняться ряд последовательный операция отстрел лопасть несущий винт открытие створка кабина срабатывание вытягивать 
17916	 движение вода осуществляться помощь два четырехлопастный винт общий тяговый усилие 
39939	 обнаруживать рулевой винт трещина потенциально мочь приводить 
39939	 последний раз этот мера быть вызывать обнаружение трещина втулка рулевой винт 
39939	 вертолет чинук создавать база транспортный представлять себя переоборудовать иметь складываться несущий винт мочь использоваться корабль 
16398	 кто уносить течение разрубать винт буксир кто истекать кровь 
17916	 гибкий она должный быть длинный любой сторона рамка состоять два металлический пластина толщина скреплять винт 
17916	 затем вставлять заготовка гибка равнять прочерчивать линия край фаска затягивать винт фото 
17916	 вставлять заготовка гибка равнять прочерчивать линия край фаска затягивать винт 
17916	 вставлять заготовка гибка равнять прочерчивать линия край фаска затягивать винт 
39939	 ткнуть кнопка пускатель дизель затарахтеть винт перелопачивать грязный вода подниматься хлопотливый 
39939	 работа использовать содержать метамфетамин препарат винт получать эфедрин ханка 
17916	 такой образ инфекционный вирус может сохраняться раствор ханка винт после попадание большой объем 
39939	 парентеральный около наркоман использовать винт около ханка данные 
39939	 работа использовать жидкий препарат винт содержать 
16398	 менее российский винт крестообразный шлиц что называться разовый 
16398	 вспомнить как дописывать свой курсовой отправляться легендарный лектор редактор литературный журнал светлячок винт 
16398	 винт громко сказать дождаться сигнал 
39939	 бушевать грохот винт опрокидывать падать 
39939	 помнить долго брести вода мелкий место пойти саша заглушать мотор чтоб сломать винт спрыгивать вода 
17916	 сын она глаз пробовать винт который замок крепиться 
39939	 рулевой управление тип винт гайк требовать активный работа даже 
16398	 любезный ласковый все приятный игрок винт веселый рассказчик охотник клубный 
16398	 уже скрючивать быть получаться весь винт 
17916	 она неохватный ствол винт скручиваться комель 
17916	 сначала ослаблять винт муфта помощь крестообразный 
39939	 при вращение руль крутиться винт гайк перемещаться вдоль 
39939	 пароход толкать винт рассекать вода как плуг пашня 
39939	 через минута паровой шлюп досмотровый служба хищный горгулья счетверять пулемет нос взрыть вода винт прямой устремляться 
39939	 шум винт изменяться машина пойти снижение 
16398	 левый сторона каска меховой околыш закрепляться латунный держатель султан как правило вид цветок тюльпан зажимный винт быть металлический посеребренный пышный султан 
39939	 двигатель стихать винт устало доматывать последний оборот 
39939	 вода вскипать под винт кильватерный струя клокотать стихать 
16398	 что касаться курск помимо первый мощный удар обрушиваться многотонный удар винт иностранный корабль 
16398	 ведь торпеда наводиться источник шум быть винт значит удар приходиться 
17916	 накал три накал три голубь орать штурман стараться перекрывать голос шум мотор винт 
39939	 при удар опора несущий винт пять цельнометаллический лопасть отрываться 
39939	 флер взваливать винт плечо нести 
39939	 пальто пробасить идти липа снайперский винт конец связь 
16398	 соскакивать немедля винт может потому что въедливый 
39939	 давление подымать отбрасывать винт люк оконце выглядывать 
17916	 через минута сползать стена повалиться бок скрючивать винт смежать веко брусчатка 
39939	 плавбаза кронштадт начинать подрабатывать винт разворачиваться правый борт 
39939	 докуривать давидофф швырнуть окурок корма вспенивать мощный винт теплоход вода 
39939	 дело скривиться дато затягивать винт 
39939	 привязывать весло восьмерка подтягивать винт подымать якорь парус 
39939	 шаг шаг встреча встреча ввинчиваться наш улица как ввинчиваться винт ощущать оборот оборот несвобода 
39939	 бок вертолет снимать сам мочь поломать лопасть винт вертолет без 
17916	 вскоре зашуметь машина забурлить волна под винт карас трал убирать 
39939	 тропа помечать белый дракон кличка винт начинаться центр москва 
17916	 отличие психостимулятор кокаин винт или седатик опиоид препарат этот 
39939	 соосный схема несущий винт являться своеобразный визитный карточка фирма 
39939	 преимущество боевой живучесть обеспечиваться отсутствие рулевой винт его привод поражение который 
39939	 при работа несущий винт неизбежно возникать реактивный сила который 
16398	 маленький старушка чулок винт вечный пальто намертво вылинять 
17916	 конец пробег снести шасси сломать два винт 
32507	 однако все происходить гладко лопнуть винт потом запасный 
32507	 вот например передозировка наркотик первитин именовать простонародье винт прямо накануне госэкзамен уголовный 
39939	 выполнять машина традиционный для камовец соосный схема быть иметь два несущий винт один ось вращаться 
39939	 лопасть несущий хвостовой винт выполнять полностью композиционный материал 
39939	 коридор наверх подниматься завиваться винт узкий деревянный лестница 
39939	 хвост продолжать крутиться винт отделяться закружиться вокруг 
39939	 быть оснащать двигатель мощность винт изменять шаг убираться 
39939	 возрастание мощность авиационный двигатель особенность увеличение высотность при существовать конструктивный ограничение диаметр воздушный винт приводить необходимость увеличение число 
16398	 исследование далеко единственный двухлопастный соосный винт быть проводить лаборатория стенфордский 
39939	 георгий александрович заниматься дальнейший исследование область теория воздушный винт начинать россия 
39939	 говорить громко стараться перекрикивать шум винт вертолет 
39939	 винт вертолет превращаться прозрачный круг 
39939	 пойти корма увидеть там винт абсолютно черный вода длинный 
17916	 медвежий лог рубить винт ледяной крошево весь пары 
16398	 борис григорьевич полагать ладонь процессорный блок свой эйтишок такой как саша только винт восемьдесят мегабайт закрывать 
39939	 этот водомерка три двигатель общий мощность способный крутить четырехметровый винт 
17916	 вставлять они тюбик легко повертывать винт выходить порция паста 
16398	 общий быть все равный куда лишь далеко пилот закричать винт желтый кругляк солнце видно уже 
16398	 вспотеть напряжение палач отвечать туго затягивать костедробильный винт 
39939	 катер подымать винт бурый муть медленно ползти 
39939	 расстояние уменьшаться каждый оборот винт верещагин видеть ужас 
16398	 уже знать что этот посудина устойчивый что волна парус иметь преимущество перед винт что море обнаруживать такой 
17916	 для этот цель хорошо использовать винт полукруглый головка 
16398	 что списывать подбирать свалка что иван ильич заказывать точить винт москва 
17916	 помощь особый винт короб можно считать секунда 
39939	 женя николаев отставлять чай полезть наверх редуктор несущий винт осматриваться 
39939	 например пражский завод моторлет авиа создавать новый турбовинтовой двигатель мощность квт более экономичный пятилопастный винт 
17916	 сюда подниматься люсин стальной ступень ажурный лестница узкий винт обвивать белый труба 
39939	 лопасть крайний четвертый винт оставаться рабочий положение вминаться 
17916	 восьмилопастный винт умолкать мотор вращаться авторотация 
39939	 хорошо различать кильватерный след славутич дорожка взбивать крейсерский винт вода теряться серый завеса 
16398	 барабаш злость ввертывать винт только что просверливать дрель 
39939	 короткий время четырежды отличаться спасать потерять сознание вода женщина забираться глубокий место уметь плавать молодой девушка мальчик захлестнуть волна винт пробегать мимо моторка подвыпить мужчина 
16398	 шум винт едва слышный фон налетать 
39939	 как впечатлять успех цаги намного превышать все официально зарегистрировать рекорд высота конструктор убеждаться машина недостаточно устойчивый что органически присущий аппарат жестко прикреплять втулка лопасть несущий винт 
39939	 поначалу крепление большой лопасть несущий винт снабжать лишь горизонтальный шарнир позволять 
39939	 трансмиссия система управление так связывать несущий рулевой винт что доля потреблять они мощность 
39939	 сложный задача создание рулевой винт большой диапазон изменение шаг 
39939	 оседать подымать деревянный винт пыль след пятый 
16398	 несколько человек играть винт остальной слушать музыка квартет или 
17916	 благодаря винт свободно маневрировать помощь 
17916	 помощь муфта регулировочный винт конечный положение рука 
39939	 окно медпункт быть видно как механика спешно сдирать чехол винт вертолет красный 
39939	 проводить разведка вертолет мятежник обстреливать вертолет пуля попадать хвостовой винт вертолет после это вертолет уничтожать 
39939	 состояние машина втулка рулевой винт задний редуктор разрушать 
39939	 неисправный нет ресурс требовать ремонт замена редуктор втулка несущий винт правый двигатель 
39939	 быть обстреливать стрелковый оружие кунарский ущелие район нагиу повреждать лонжерон лопасть несущий винт 
39939	 ничто получаться закручивать винт разбрасывать далеко вот 
17916	 взревывать гудеть кашлять мотор слепящий покачиваться винт болтаться прозрачный дверь вокзал 
16398	 отдышаться оглядеться увидеть что оба мотобот отдавать буксир медленно подрабатывать винт 
16398	 они сказать что один дизель сходить фундамент это они беспокоить кто-то украсть винт стоянка 
16398	 чувствовать наш сегодняшний разговор производить глубокий впечатление весь сидеть кое-кто наматывать винт 
17916	 очень приятный занятие следовать густой туман ледокол чей огромный винт выворачивать ледяной глыба каждый 
39939	 поток вода его винт когда атомоход начинать разбег вперед 
39939	 винт просто отталкивать вода это 
17916	 тот картина случай если оснащать поворотный винт или система отклонение реактивный струя 
17916	 доноситься как полагаться ослаблять расстояние винт 
39939	 как пропеллер бороздить воздух винт пароход вода резец металл 
39939	 быстро место разгонять машина взлетный скорость столь быстро тормозить приземляться самолет диск винт играть роль эффективный воздушный тормоз 
17916	 корпус тормоз представлять себя рамка крепиться винт лыжа иметь подвижный 
17916	 сменный четыре пятигранный пластинчатый резец присоединяться плита два сторона штифт винт 
16398	 каково оперение когда резко меняться скорость полет угол атака крыло наконец оборот мотор винт стремиться превращать без 
17916	 андрей винт под парус облако 
16398	 как все делать совмещать ноль лимб ноль алидада направлять труба базисный линия вешка после откреплять алидада винт 
39939	 рвануть клок воздух винт прижиматься ветер трава 
16398	 мелькнуть тень показываться даже что сверкающий винт дохнуть ветер 
16398	 бить винт тихонько сказать максим ощущать 
39939	 передний ход вода отбрасываться винт руль результат что 
39939	 график помещать разворот слева вверху показывать зависимость использование полный мощность двигатель также буксировочный мощность процент винтовой буксир винт фиксированный шаг морской трактор 
39939	 смесь вода цемент несколько раз прогоняться камера винт 
17916	 предварительный положение определяться передвижение гайка винт 
17916	 предварительный положение определяться передвижение гайка винт для тонкий регулировка служить дифференциальный 
39939	 вес самолет при это мощность поршневый двигатель винт регулируемый шаг квт 
39939	 вовка слушать как магнитофонный лента трещать винт вертолет набрасывать нота 
16398	 андрей винт багги спорт творчество рвануть 
39939	 конструкция байдарка представлять себя три отдельный монокок стыковать винт 
39939	 шум зарабатывать вертолетный винт резко вздыбиться пронестись 
17916	 ледокол развертываться осторожно приближаться торос становиться молотить они винт 
32507	 приставлять она косяк наживлять десяток винт потом пневматический машинка гайковерт сам 
39939	 вздыматься столб взрывать вода клубиться водоворот под винт расстилать пенистый дорожка 
39939	 ровно неустанно трудиться мотор винт будоражить мелко перемалывать вода 
39939	 корабельный вертолет отличаться компактность для полет зависание воздух снабжать два соосный несущий винт складываться как веер лопасть 
39939	 главный конструктивный особенность вертолет базироваться москва ленинград соосный схема несущий винт 
39939	 лопасть несущий винт хвостовой балка складываться 
17916	 крепиться катушка кронштейн при помощь винт латунный диск 
39939	 самолет строиться основное цилиндро вымь двигатель воздушный охлаждение казей мощность четырехлопастный винт 
39939	 вода выступать лопасть винт самый ступица 
32507	 из-под винт спираль подниматься поверхность белый 
39939	 смеяться винт вертеться вода так что 
17916	 взреветь мотор вздыбиться корма струя винт судно двигаться 
17916	 гранка набор вдвигаться рама укрепляться она туго помощь винт 
39939	 перед начало погружение глубиномер тросик опускать вода для уравнивание его температура температура вода затем вынимать глубиномер вода для выравнивание давление внутренний полость глубиномер давление окружающий воздух отвинчивать винт прокладка снова плотно 
39939	 через несколько минута вынимать глубиномер вода затягивать плотно винт прибор готовый действие 
16398	 выпивать закусывать поздравлять новорожденный царство небесный садиться играть винт сдавать лев толстой каждый 
32507	 винт пробурлить выпускать из-под нос катер 
39939	 пальто черчилль развеваться ветер подымать мощный винт 
16398	 кожа рожа чулок вокруг тощий конечность винт размалевывать сказать страшно тогда 
39939	 решать рубануть оно винт хвост 
17916	 машина встрясать весь палуба дребезг винт под корма всхрапнуть взбурлить черный 
39939	 алик сходить корма поглядеть там вода винт греться 
39939	 это называться кавитация вредный штука разрушать винт когда число оборот превосходить критический 
17916	 при отсутствие давление система редуктор регулировать винт вместе мембрана шточек 
39939	 вода быть необычайно прозрачный хорошо виднеться винт корабль находиться 
17916	 второй конец трубопровод присоединять накидной гайка место пробка легочный автомат закрывать регулировочный винт пружина клапан второй ступень автомат 
17916	 лузитания два винт сложный сплав цена примерно 
16398	 сначала увидеть как переставать крутиться один винт медленно пойти 
17916	 два винт крепиться упор который упираться 
39939	 двигатель гудеть винт взбивать корма вода 
17916	 причем через пенопластовый вкладыш соответствующий место делаться сквозной отверстие который пропускать стягивать винт проходить левый накладка 
39939	 двигатель стих винт становиться вращаться медленный останавливаться 
17916	 шкала лежать буртик корпус упор который она крепиться винт 
39939	 вал гребной винт изготавливать нержавеющий сталь 
17916	 дозатор включать себя поршень регулировать гайка настроечный винт запирать конус уплотнение отсекать поршень 
39939	 еще один важный преимущество соосный схема несущий винт воздушный поток 
39939	 пожалуй самый важный вклад химия лопасть оба несущий винт 
39939	 значительный интерес представлять подводный стереофотографирование для исследование явление перемещаться под вода предмет работать винт 
39939	 заодно капитан просить осматривать вал винт нет наматываться конец 
16398	 молоток пила гвоздь винт рубанок всякий колесико рейка планка 
39939	 наш летчик поселок аэродром американец возить вертолет при посадка соскакивать винт вертолет шлепнуться 
16398	 бурый ржавчина водоросль покрывать хвостовик стальной сигара застыть неподвижно винт погнуться руль вериться 
39939	 винт вертолет вращаться горизонтальный плоскость 
16398	 переставать говорить легонько отстранять агатов наклоняться объектив повертеть регулировочный винт 
39939	 пробираться корма глубина подо вращаться винт вода корма белеть крутиться 
39939	 этот самый минута море север неукротимый идти огромный корабль топтаться зевать мостик рубка вахтенный гореть нактоузной топовый огонь гудеть турбина дизель шуметь разваливать вода глубоко под вода пузырь завихрение вращаться безостановочно гребной винт каждый капитан думать 
17916	 каждый втулка крепиться рукоятка два винт 
17916	 ствол крепиться только задний втулка при помощь два винт который через боковой 
17916	 оба конец пружинка делаться петля для скрепление спусковой крючок винт нижний часть рукоятка 
17916	 центр хвостовик нарезать резьбовой отверстие для скрепление хвостовик хвостовой заглушка при помощь винт 
17916	 задний стенка бокс съемный она устанавливать кронштейн который крепиться киноаппарат помощь винт соединять обычно аппарат футляр 
17916	 рама стяжной устройство крышка корпус крепиться два винт бок крышка 
17916	 шкала два винт крепиться верхний плата механизм 
17916	 это достигаться сжатие сильфон при помощь регулировочный винт гайка 
16398	 короче лишаться всего только винт руль 
39939	 здесь слышный дышать судовой машина или это лопасть винт вращаться холодный морской вода 
17916	 снова винт наматываться водоросль мотор глушить моторист 
16398	 почему-то должный быть выступать день тот клуб где отец ежедневно играть винт 
39939	 смерч подымать могучий винт сорвать шляпа 
17916	 волна волна жгут свивать винт под белый гребешок через двутавровый 
32507	 свет горячий ветер косо скользить чайка ровный шум винт взбивать зеленый пена создавать ощущение 
17916	 под отверстие для регулировочный винт припаивать гайка 
39939	 винт все часто выскакивать вода 
17916	 вешка отмечать место ряса который намертво обвиваться вокруг винт мотор 
39939	 прыгать вода держаться один рука борт освобождать винт неизвестно откуда взяться конец 
16398	 кто сам ось винт смазчик кто рвать 
16398	 рассказчик быть отличный любить вино женщина карта винт даже маленький 
16398	 довольно ловко владеть бильярдный кий охотничий ружье удочка спортсмен рыболов преферанс винт считаться профессор 
32507	 указ революционный временный правительство власть переходить председатель губернский управа князь кугушево хороший знакомый постоянный партнер губернатор винт 
39939	 левый конец шпиндель нарезать несколько короткий винт разный шаг 
32507	 сафонов потрогать палец винт потом заглядывать кабина 
16398	 жалко быть винт оставлять тятька все 
39939	 корабль загреметь шпилевой машина выкатывать якорь винт взрыть вода корма корабль 
39939	 кок винт первый врезаться листва крыло 
17916	 сэр винт модель сделать точно 
17916	 через несколько секунда подводной лодка опять останавливать мотор шум винт смолкать ткачев уже знать 
17916	 котлас потерять руль винт под угроза затопление топка стравлять 
39939	 для всякий представлять себя гибель судно лишь картинка обычно рисоваться уходить нос вода корабль вертеться воздух винт развеваться корма флаг 
17916	 кричать робеть безрукий сдерживать твой винт крыльцо ледяной вес прикидывать 
16398	 аэродром здесь трудно бояться что винт фотограф убивать пойти 
16398	 трофей подбирать немецкий труп захватить орудие пто автомат полуавтомат разный машина мотоцикл автокухня винт патрон много телефонный кабель 
39939	 передвигать еще несколько деление рычажок увеличивать число оборот винт они уже совершенно горизонтальный 
39939	 полтора четверть хвост голова винт идти еле выволакивать 
39939	 труба шхуна кольцо лететь дым винт свирепо рвать вода весь 
39939	 пение винт шум ветер крыло тонкий 
39939	 приезжать тогда константинополь греция ехать бурный февральский ночь каботажный катер через мраморный море катер подбрасывать медленный волна корм его высоко подниматься тогда освобождать вода винт вращаться воздух глухой 
39939	 оголять винт медленно хлестать вода видимо 
17916	 сачков сменить смазка осматривать винт выслушивать мотор помощь 
17916	 стрелять мотор сердито реветь винт корабль идти вверх крутиться 
16398	 всегда удивлять какой степень брюсов прекрасный игрок преферанс винт становиться беспомощный бездарный лишь 
17916	 час минута при помощь баллон сжатый воздух запускаться мотор трехлопастный винт шум рассекать воздух 
17916	 для уменьшение шум последний источник соединение мотор самолет сделать упругий чтобы оно возможность смягчать толчок дрожание мотор винт 
32507	 услышать рокот винт потом увидеть самый 
39939	 наконец вода винт угомоняться затихать корабль 
17916	 вырастать расти гул рокот мотор винт 
39939	 сложный гидротехнич сооружение напр архимедов винт требование военный техника метательный машина 
16398	 этот юрист быть главный винт дело потому что заявитель 
32507	 хап сразу пойти сторона из-под винт настраивать спутниковый телефон 
17916	 сквозь сапфировый стекло задний крышка видный механизм розовый золото проба естественный замирать секунда вписывать секундный шкала прикреплять винт мост механизм 
39939	 мотор гудеть винт крутиться кубрик кофе еще 
16398	 шум винт малый ход слышный быть 
39939	 новый конструкция мало трение соответственно маленький износ деталь чем скользящий передача винт гайк тот время 
16398	 еще лестница винт крутой больно красивый вроде 
39939	 дополнительный емкость просто прикручивать родной поддон винт 
39939	 вертолет сикорский быть одновинтовой маленький вспомогательный винт хвост сегодня этот 
39939	 давать попробовать спокойно разбираться что реально давать соосный схема несущий винт точка зрение летчик 
39939	 еще один недостаток площадь основной винт два раз 
39939	 взять хотя рулевой механизм тип винт шариковый гайк гидроусилитель похожий 
39939	 силовой установка включать два турбовинтовой двигатель рот компания пратта энд уиттни пятилопастный винт изменять шаг 
17916	 оборачивать щечка рукоятка крепиться винт каждый сторона рамка 
39939	 новый легкий многофункциональный вертолет выполнять фирменный камовский схема соосный винт два двигатель октябрь 
39939	 четырехлопастный реверсивный воздушный винт изменять шаг диаметр 
39939	 робот проверять размер толщина стекло собирать закручивать винт 
17916	 щечка пистолет пластмассовый основное поперечный насечка хотя встречаться образец ромбовидный насечка щечка крепиться один винт левый сторона рукоятка почти 
39939	 вертолет иметь складываться хвостовой балка лопасть винт что позволять перевозить 
39939	 иметь складываться хвостовой балка лопасть винт 
39939	 мол глава рао еэс вопреки давний инструкция приказывать повесить лампочка провод лэп который винт зацепляться вертолет 
17916	 щечка рукоятка схема фото изготавливать пластмасса разный период различный сорт карболит бакелит крепиться рукоятка один винт схема 
39939	 активность вич нейтрализовать препарат винт существенно меняться после 
39939	 определение цитотоксический активность препарат винт ханка 
39939	 при исследование препарат винт использовать как свежеприготовленный препарат 
17916	 отдельный пластиковый коммерческий экземпляр или деревянный военный щечка рукоятка крепиться винт каждый сторона рамка 
16398	 легендарный профессор мой научный руководитель совместительство главный редактор студенческий литературный журнал светлячок винт бездарь бездаревич бездарев иметь огромный 
39939	 брести бродень мелкий вода проталкивать вперед лодка снаряжение заглушать мотор чтоб сломать винт 
39939	 грохот винт пригибать они многие склоняться вперед 
39939	 демин алексей винт пять главный событие неделя 
17916	 пара год это она пробовать винт она как сказать 
17916	 потрясать стремянка для проверка устойчивость вздыхать становиться завинчивать ослаблять винт 
39939	 говорить берия узнавать проделка головко политзаключенный гнев завиваться винт 
39939	 при удар хвостовой винт бибигонов вертолет быть вырывать основный 
39939	 толкать винт погубить баринов быть заменять тянуть 
39939	 усовершенствовать версия червячный механизм рулевой управление тип винт шариковый гайк 
39939	 надрывать связка пытаться перекрикивать грохот винт орать знакомый пилот 
39939	 грохот винт усиливаться вертолет начинать набирать высота 
39939	 забултыхаться пойти винт оставаться наверху 
39939	 винт сердце прострелить комиссар жидкий 
39939	 вызывать доверие зажимной винт резьба который легко сворачиваться 
39939	 кормовой часть сразу машинный отделение гребной винт снова начинаться каюта пассажир 
16398	 после столкновение курск обрушиваться многотонный удар винт иностранный корабль 
16398	 хитрый жопа быть винт кыся 
16398	 только сомневаться что успевать зацеплять винт москва 
39939	 капитан майор мой ксива видеть так что мочь учудить майор винт 
16398	 знать что каждый хитрый оборона быть нападение винт 
39939	 закрытый кабина убираться шасси винт изменять полет шаг 
39939	 что преимущество соосный схема который оказываться зуб никто кроме камовец перед заполонять мир вертолет хвостов винт 
39939	 камовский вертолет хвостовой винт нужный следовательно 
39939	 длина вертолет вращаться винт вооружение 
39939	 винт этот геликоптер быть около 
39939	 его работа теория устойчивость летательный аппарат теория воздушный винт также его авиаконструкторский деятельность 
39939	 исследование ботезат теория воздушный винт кроме уже отмечать публикация 
39939	 основа проект быть полагать разрабатывать ботезат теория воздушный винт 
39939	 только помощь коптевский рынок сотворить ничто архимедов винт 
39939	 при работа винт самолет топливо тратиться 
17916	 при помощь винт укреплять крышка стрелка 
17916	 полк устанавливать четыре длинный винт два каждый сторона 
39939	 без прибор быть видно как светлый нимб вращаться винт мелькать темный стробоскопический полоса сбоивал 
39939	 винт получать прокатка винтовой калибр 
39939	 вертикальный режим львиный доля мощность забирать несущий система малый винт расходовать мощность лишь парирование 
39939	 воентехник распрямляться держаться один рука винт 
39939	 девятка сгибать винт зарыться пыль двухголовый баран 
16398	 сблочить манжета или бояться что винт нарезать 
39939	 полковник иванцов кандагар калат садиться вертолет отбивать хвостовой винт полковник саврасенко посадка совершать 
16398	 поэтому заносить они сказать что уже сам украсть винт крейсер очень большой 
32507	 бояться огромный крепкий ядреный льдина который иногда взлетать из-под винт посредине канал 
17916	 для этот цель очень подходить воздушный винт они устанавливать после приземление 
17916	 доноситься как полагаться ослаблять расстояние винт быть 
39939	 стержень шайба образовывать известный механический конструкция пара ходовой винт гайк 
39939	 появляться аэросани воздушный винт изготавливать металл 
39939	 светчик оснащать двигатель сцепление что позволять разобщать мотор винт 
39939	 ферма смонтировать силовой установка сильный двигатель винт изменять шаг крыло позаимствовать 
39939	 так что один лишь беглый перечисление таинственный винт гвоздь шляпка мало 
39939	 каждый винт сделать нержавеющий сталь все 
39939	 корма дело задираться кверху оголять винт бешено вращаться воздух 
39939	 советский танкер поставлять гребной винт максимальный диаметр 
39939	 оставаться вкручивать винт давить шпилька 
39939	 порядок пользование такой глубиномер следующий отворачивать оборот запорный винт опускать глубиномер вода 
39939	 передний панель соединяться задний кожух стальной стяжной лента один центральный винт нержавеющий сталь 
39939	 взвизгивать цензор так что ржавый винт снова вонзаться андрей затылок 
39939	 время испытание декабрь год аэропоезд толкать винт развивать кмчас 
17916	 при это мембрана под давление воздух снизу подниматься вверх вместе регулировать винт сжимать главный пружина тот 
17916	 при увеличение расход воздух редуктор через выходной штуцер давление под мембрана несколько уменьшаться вследствие что мембрана вместе регулировать винт под воздействие пружина перемещаться вниз 
17916	 при полный прекращение расход воздух редуктор давление под мембрана повышаться настолько что регулировать винт переставать давить клапан который 
39939	 завертеться винт прозрачный ромб один другой 
17916	 лопасть винт мотор сидение все как полагаться 
39939	 когда грохот винт затихать машина выходить следователь 
39939	 все так светить иллюминатор солнце только свет его быть желтеть ярко все так взбивать корма вода винт 
39939	 ветер подымать винт трава идти широкий волна 
39939	 скутер использовать сальник особый конструкция создавать прочный герметизация вал гребной винт 
39939	 гребной винт сделать алюминий марка 
17916	 усилие нажим через букса поршень настроечный винт передаваться шток уплотнительный конус 
39939	 как его предшественник вертолет выполнять соосный схема иметь два несущий винт располагать друг над друг который 
39939	 самоделкин спрятать кораблик мотор настилать палуба поставлять мачта укреплять винт сказать 
39939	 она молча повертывать один другой винт микроскоп 
17916	 устройство состоять сильфон регулировочный винт нижний центр гайка 
17916	 покуда писать весь это обращать внимание треск мотор остановка когда винт наматываться трава моторист засучивать 
17916	 нижний стенка корпус просверливать отверстие для крепление электромагнит верхний стенка для регулировочный винт 
39939	 она подаваться вперед архимедов винт равномерно разноситься весь площадь 
39939	 тележка робот движимый гусеница архимедов винт бесшумно скользнуть вниз 
39939	 фюзеляж отверстие передний часть без привычный воздушный винт 
39939	 три могучий винт подгребать кусок лед пенить 
16398	 следовать также переменять винт потому что это 
39939	 ветер подымать винт взвиваться красный клетчатый юбка болгарка 
39939	 дотопать ард стоять дуглас винт вертеться туда 
39939	 модель усиживать что диаметр винт быть непомерно целик так что 
17916	 разве испугаться этот труд опасность сибиряковец который под парус вывести потерять винт ледокол берингов море 
39939	 подниматься тысяча полтора изменять шаг винт смотреть 
32507	 взвывать мотор снежный буран метнуться из-под винт машина побежать подымать хвост 
39939	 этот винт начинаться еще девяностый год 
16398	 мкс рядовой всего чело лошадь винт пул 
39939	 лось замечать что кроме шум винт посвистывание ветер крыло 
39939	 передний махать эсминец платок задний становиться цыпочки влезать лебедка винт плечо сосед 
17916	 случаться однажды так привозить выдача сахар песок как полагаться тут винт набиваться магазин очередь 
39939	 чтобы летательный аппарат мочь подниматься вертикаль необходимо снабжать подъемный винт вращаться горизонтальный плоскость 
17916	 застучать стрелять мотор закручиваться винт этот время гонимый метель 
39939	 сотня подзорный труба рассматривать металлический гондола прозрачный круг винт борт дирижабль буква 
39939	 бешено гудеть винт аризона корм обнажаться судно 
16398	 кто пущать быть так бить винт 
16398	 каждый хитрый кровосос как известно быть свой космический справедливость винт 
16398	 хитрый жопа быть хрен винт семихватский уже прикидывать что делать 
16398	 некоторый студент гордиться знание такой блатной слово как клифт костюм винт нарезать убегать 
39939	 деталь передача изготавливать так что диаметр выступ гайка больше диаметр выступ винт между 
39939	 беда что они гораздо много основной винт 
39939	 недавний время существовать два вариант рулевой механизм встроенный гидроусилитель реечный винт шариковый гайк сектор 
39939	 вертолет выполнять соосный схема два трехлопастный винт 
39939	 состав кроме перечисленный входить оао корпорация воздушный винт оао нпо сатурн оао топливорегулирующий 
16398	 комплект сопеть винт малый пламень поставляться требование 
16398	 похлопать себя поджарый ягодица быть винт 
39939	 замачивать миллионер преступник имя гарри сноу давать винт конвой шестицилиндровый паккард 
39939	 мгновенно разъяряться витька винт взвиваться свой этаж 
39939	 это рулевой механизм винт шариковый гайк также шестерня 
39939	 некоторый современный автомобиль продольно расположенный двигатель винт шариковый гайк все еще использоваться 
16398	 как знать каждый хитрый задница свой винт находиться потом старик трегубец 
16398	 водить это добавлять такой святой убежденность что несмотря тревожность ситуация нависать над опасность тут живо представлять себе как мочь выглядеть хитрый жопа винт 
16398	 каждый хитрый жопа быть член винт 
39939	 во-первых где искать майор винтить кликуха винт 
17916	 она продавать разбавлять винт школьник ахматовский гимназия 
16398	 малый ход чтоб шуметь чересчур винт обнаруживать свой присутствие 
39939	 капитан показывать также машинный отделение где полный темнота восемь тысяча отборный велосипедист сидеть специальный станок педаль приводить движение гребной винт 
17916	 она рубить винт она набиваться масляный 
17916	 один раз когда хоронить дрессировщик юрий дурова обращать внимание что гроб винт 
39939	 снова хрустеть ребро винт тело подпрыгивать еще раз 
39939	 высота диаметр нести винт длина вертолет 
39939	 выполнять схема уток оснащать двигатель толкать винт также его вариант 
39939	 это надо добавлять что отличие большинство теоретический работа начало век авиация вывод исследование ботезат воздушный винт иметь прикладной характер быть 
39939	 во-первых помощь коптевский рынок сотворить ничто архимедов винт быть можно иначе рынок 
39939	 сорт топливо масло диаметр шаг статический тяга воздушный винт особенность силовой установка доработка двигатель 
39939	 затягивать винт наводка резкость анна ахматова 
39939	 проплывать мимо они волна подымать винт разбиваться гранит ступенька обрызгивать 
39939	 вот аэродром шум ветер подымать винт самолет который прежде чем останавливаться 
39939	 крутиться винт стул маленький скамеечка под 
39939	 после это весь длина соединитель ввинчиваться металлический винт резьба который прорезать изоляция провод 
39939	 стремительно завращаться винт самолет плавно тронуться подымать 
39939	 передняя панель надо накрывать кожух герметизация нужно осуществлять один центральный винт между камера передняя панель 
17916	 латунный хромированный корпус размещать стойка который винт укреплять платформа 
39939	 хмурый цветков ваня телегин помогать володя взбираться кузов как выражаться бабийчук винт самолет вновь завыть завихриться 
39939	 как распределяться время работа внутренний напряжение воздушный винт самолет 
39939	 пар идти блин винт смотреть дверь как 
39939	 применение винт сделать они надежный строитель паровой 
17916	 юлия винт она нет фас зад 
39939	 время когда задираться корм быть слышно как оголять винт рвать воздух 
39939	 жироплан брегэ снабжать два горизонтальный винт вращаться противоположный направление 
39939	 этот день шхуна повреждать винт получать небольшой пробоина 
39939	 этот день экспедиция поступать сообщение эбелях что проходчик шныри попадать под винт вертолет получать смертельный травма 
39939	 диаметр нести винт длина фюзеляж 
39939	 основной тактико-технический характеристика бла размах крыло площадь крыло длина высота диаметр винт масса пустой 
39939	 основной тактико-технический характеристика длина диаметр нести винт практический потолок 
16398	 тепловой мощность горелка квт номинальный вид газ номинальный давление газ диаметр отверстие сопло винт малый пламень кран 
16398	 перевод плита другой вид газ осуществляться замена сопеть винт малый пламень газовый служба 
16398	 перед установка плита проверять соответствие сопеть винт малый пламень пробка кран 
16398	 ввод эксплуатация проверка работа наладка замена сопеть винт малый пламень при перевод плита 
39939	 элементарный соображение наталкивать конструктор мысль преимущество винт вращаться противоположный направление 
39939	 паяльный стержень шина провод соединитель онц соединитель онц винт заземлять провод 
16398	 акустика докладывать слышный шум винт большой корабль 
39939	 замысел автор идея ипать братухин представлять комбинация два трехлопастный винт посадить один ось большой 
16398	 винт как известно свой первый 
39939	 пока крутиться винт планер достигать опушка лес 
17916	 она завертываться винт озабоченно разглядывать зад свой 
39939	 снабжать два вертикальный винт противоположный вращение 
39939	 второй способ предлагать макаров предусматривать применение винт паровой катер особый труба 
16398	 винт как крыло стрекоза слагать 
39939	 этот самолет оснащаться большой воздушный винт противоположный вращение система управление 
39939	 окружать взрыв дыра фюзеляж качаться выключая винт 
16398	 завивать винт как рог белый антилопа 
16398	 как известно первый период развитие телевидение применяться механический метод разложение изображение помощь так называть диск нипков многогранный зеркало барабан вейлер зеркальный винт подобный 
16398	 оказываться снимать свой козлотур наглухо приклепывать рог вставлять его голова два железный трубка нарезать внутри резьба рог козлотур как рог олень снабжать соответствующий винт одинаковый диаметр 
