40487	 холодный зимний ночь увидеть опушка лес большой толпа человек поклонник 
40487	 тот бежать опушка после неудачный охота быть раздосадовать 
40487	 через красотка лиса быть распространять приказ немедленно весь зверь переселяться вольер опушка лес 
40487	 медвежонок сидеть опушка лес пенек задирать голова 
40487	 они уснуть лесной опушка этот время волк 
40487	 уснуть под елка десять шаг лесной опушка 
40487	 вечер опушка лес луна освещать темноватый снег 
40487	 покончить гетто немец бросаться погоня беглец человек уже приближаться лес оба заслон сниматься свой засада присоединяться главный сила занимать оборона опушка лес 
40487	 беглец быть много четыреста человек боец оставаться опушка лес остальной выдерживать 
40487	 между бой опушка лес продолжаться 
40487	 когда загораться старый ферма опушка лес искра головешка 
16750	 пышно разрастаться болотное трава высокий дудка белый воздушный зонтик они настой отравлять сократ широкий разлапистый лист оранжерейный нежный тропически зеленый сердитый голубой осока далеко там где тростинка зеленый уже просто чернота державный строй стоять вокруг какой-то окно или особо опасный топь камыш коричневый меховой опушка 
40487	 прямо опушка лес увидеть тот трое 
40487	 опушка лес наполовину уже погружать 
40487	 однажды ночь увидеть как она проходить опушка лес 
40487	 викторов идти обратно аэродром свертывать сторона лесной опушка 
40487	 лесной опушка деревенский забор мелькать белый 
40487	 вечер грузовик приходить деревушка лепиться между опушка лес край болото 
40487	 ковер пол цветок ваза стена картина опушка лес красный черепичный крыша крестьянский 
40487	 вечер согнать баба велеть рыть яма опушка лес 
40487	 дальний лесной опушка застревать грузовик боеприпасы 
40487	 начерчивать карта бугорков флажок опушка какой-то другой лес километр 
40487	 карта бугорков показывать расположение немецкий оборона проходить как раз опушка тот лес где бугорков собираться 
40487	 западный опушка этот лес возле дом лесник 
16750	 царь или князь приличествовать шуба шапка опушка или венец воин плащ латы 
16750	 идти ратник медный латы высокий шелом голова медленно двигаться духовенство золотой риза скорый шаг проходить паж московский царь рында белый серебро одежда белый шапка меховой опушка 
16750	 великий князь московский иван даниилович калита когда принимать иноземный посол одеваться свой самый нарядный одежда немой длинный шелковый золото ферязь алый мантия горностаевый опушка голова вышивать золото шапка 
16750	 высокий старик отличаться остальной венгр лишь нарядный суконный шапка опушка бобровый мех спрашивать по-венгерски 
16750	 въезд воротный башня сидеть белый жеребец молодой ярл филипп красный русский шапка меховой опушка голубой плащ падать 
16750	 этот яркий наряд парчовый шапка бобровый опушка надевать слегка правый ухо 
16750	 шапочка бобровый опушка лежать стол 
16750	 такой носить корзно парчовый шапка бобровый опушка 
16750	 когда молодой супруга выезжать зима лов или какой-нибудь далекий путь она носить розовый шубка горностаевый опушка шапка серебряный парча 
16750	 голова лазарь епископский шапка малиновый шелковый ткань золотой херувим белый меховой опушка 
16750	 мономах носить еще бараний тулупчик старенький шапка потускнеть парча бобровый опушка 
16750	 марья никитишный дядюшкин называть дочка сирота родственник сгорать вместе изба белый город летний пожар весь зардеться поклониться даже сильвестр петрович приносить сухой дядюшкин платье турский кафтан меховой опушка сафьяновый шитый туфля загнутый 
16750	 идти шапка воротник опушка костюм 
16750	 его простой одежда лишать как видно текст соболий опушка его башмак нет розетка 
16750	 пронестись улан гусар нарядный доломан ментик меховой опушка 
16750	 непременный принадлежность княжеский костюм быть специально княжеский шапка круглый форма меховой опушка 
16750	 потом ветвь старый заснеженный ель раздвигаться поляна выходить два высокий старик январь месяц белый шуба шапка декабрь месяц белый шуба черный полоса белый шапка черный опушка 
16750	 два старик белый длинный шуба мохнатый белый шапка третий белый шуба черный полоса шапка черный опушка 
16750	 этот время один солдат расчищать дорога сбрасывать себя плащ куртка меховой опушка 
16750	 прохор тлеть бровь меховой опушка шлем 
16750	 нога князь коврик сидеть мальчик год цветной шелковый халат меховой опушка его смазливый личико иметь вполне 
16750	 проходить конный гренадер меховой опушка каска алый жадный язык 
16750	 пань останавливаться замешательство теребить меховой опушка рукав продолжать 
16750	 ходить халат меховой опушка тут звезда 
16750	 входить тайный советник гете красный халат меховой опушка 
16750	 влияние полонизм сей пора царить модный тема меховой опушка шляпа конфедератка мелькать всюду джентльмен 
16750	 звенеть серебряный бубенцы вороной конь серебро золото гореть чепрак еще ярко гореть шитье черный бархат кафтан залихватский быть сдвигать набекрень шапочка бобровый опушка только необычный украшение казаться болтаться 
16750	 затем потан быть надевать обыкновенный душегрейка палевый цвет значительно полинять оторачивать также позумент воротник борт кроме узкий меховой опушка место впрочем повылезать только 
40487	 после дождь наступать жара опушка полно гриб 
40487	 после таяние снег зацветать ландыш лекарственный крестовник широколистный образовывать обширный заросль опушка возвышаться желтоцветковый телекий если 
40487	 над домик лесник золотиться посреди опушка виться легкий дымок 
16750	 человек яблоко карман редко раскладывать костер опушка или река 
40487	 автор жить приводиться осыпаться траншея полный вода хоронить друг опушка осенний лес 
40487	 лес умываться думать ежик умываться елка пенек опушка птица лететь теперь 
16750	 опушка перед высокий сосна ежик останавливаться 
40487	 березка опушка давно уже сдаваться без 
16750	 попытаться вспомнить опушка мелькнуть исчезать дорога 
40487	 сразу исчезать запах лесной прель охрана смеяться ругаться зажимать нос шарфюрер плевать отходить опушка 
40487	 держаться рука мама дитя она никуда уходить сколько фигура кричать опушка шарфюрер девятнадцать тихо про 
40487	 свет ракета травкин разглядеть немецкий бруствер какой-то бревно навалить поблизости опушка лес второй траншея 
40487	 так они ползать притворяться спать немец снова ползать выбираться лес опушка они заставать этот туманный рассвет 
40487	 однако очутиться западный опушка роща разведчик сразу увидеть 
40487	 так пожелтеть старый снимок изображать аристарх платонович опушка лес 
40487	 опушка чахлый лес раскидываться под куст 
40487	 опушка лес при лунный свет три 
40487	 ребенок первый замечать однажды вечер они играть мяч около лес вдруг являться опушка среди дерево подымать голова 
40487	 недалеко опушка лес куда приводить свой 
40487	 через полчаса прощаться опушка лес 
40487	 прийти май наступать условленный день снова быть ждать опушка лес 
40487	 опушка радужный пенный лес перед она 
40487	 лес приближаться опушка дуть холодный ветер сгущаться сумерки 
40487	 тракт проходить самый опушка лес здесь часто бывать путник 
40487	 тут как заказ поворот прямо опушка лес обнаруживаться уютный поляна где 
40487	 сарай словно пенек опушка торчать бетонный будка 
40487	 один пожарный дом отдых рассказывать что однажды видеть лесной опушка спускаться аппарат инопланетянин 
40487	 выскочить опушка увидеть четверо человек они 
40487	 сбор трава они заставать гроза опушка лес она убивать молния 
40487	 конец лесной аэродром опушка лес сохраняться просторный землянка давно 
40487	 скоро опушка лес увидеть снег неглубокий 
40487	 опушка увидеть первый бурундук красивый 
40487	 поле опушка лес отыскивать обычный завтрак 
40487	 неширокий ручей что протекать вдоль опушка лес называться фет ручей 
40487	 они подходить опушка роща который прятаться кладбище 
40487	 кабинка касаться земля лесной опушка сразу выскочить наружу 
40487	 примерно через полчаса доезжать опушка лес где сделать остановка 
40487	 сзади двадцать шаг опушка прислушиваться наш разговор совсем 
40487	 стена три декоративный объект фотогалерея руководитель мвд советский союз российский федерация ковер вид герб вышивать надпись калининградский уголовный розыск картина изображать русский пейзаж речка лесной опушка кровавый закат 
40487	 там жить опушка лес звук странный доноситься 
40487	 сам имение обносить высокий забор располагаться опушка лес 
40487	 чтобы сидеть без дело построить хлев для ревунов который водиться опушка лес сооружать кормушка для ночной 
40487	 дом опушка камин поле пусть 
40487	 баба маруся отводить старый шарик опушка тот самый лес где сегодня 
40487	 семь рейс опушка тот самый украинский лиственный лес 
40487	 мирный украинский старушка эсэсовец устраивать опушка красивый лиственный лес подобие бабий 
16750	 кто подкидывать такой собака который приходиться выгуливать опушка компания дидова ружжать 
40487	 разноситься водохранилище поле опушка лес никто отвечать радостный 
16750	 женя носить женский тапок меховой опушка 
40487	 опушка ближний лес бродить расфуфыренный дикий 
40487	 веселый птичий гомон заполнять лес опушка колибри вновь жужжать кормушка 
40487	 именно привыкать собирать опушка лес 
40487	 располагаться она под дерево опушка лес взгорок который 
40487	 видеть стоять опушка типичный волк 
40487	 приключаться молодой человек ничто дурной проклятый дом опушка темный государственный лес 
40487	 она утро обожать роса песня что петь лягушка близкий опушка пруд все вид 
40487	 день предвещать никакой неожиданность солнце светить весь исходить перехоженный опушка лес благоухать разбрасывать куст цвести 
16750	 опять держать рука большой чернобелый снимок изображение дива балетный пачка лиф лебяжий перо укрывать грудь перьевой белый убор так сильно контрастировать иссиня-черный волос черный бровь темный глаз опушка длинный ресница 
16750	 один снимок который уже описывать ранее тамара туманова быть одетта лебединый озеро белый пачка лиф лебяжий белый перо укрывать грудь перьевой белый шлем так сильно контрастировать иссиня-черный волос темный глаз опушка длинный ресница 
40487	 ягода можно собирать морошка полно прямо опушка 
40487	 здорово если представлять как стоять опушка лес взгорок внизу 
40487	 как отговаривать оба катя доводить опушка лес 
40487	 лесной опушка невидимый погоня скрываться 
40487	 ехать опять опушка лес поворот штурман 
40487	 берего почвозащитный участок лес вдоль берег водный объект склон овраг балка опушка лес граница безлесный 
40487	 однажды тарарах привязывать пегас опушка лес 
40487	 лесной опушка поляна можно высаживать растение 
40487	 большинство коттедж площадь участок сотка располагать лесной опушка 
16750	 меховой опушка платок матрешка тоже 
40487	 уже несколько минута спустя опушка лес появляться наш отступать солдат 
40487	 этот время опушка лес зеленый фронтовой джип 
40487	 несколько день спустя ранний утро опушка лес армейский джип подъезжать 
40487	 старик проводить костя лес повторять что уже говорить хата ступать опушка лес река примерно километр 
40487	 опушка лес добираться благополучно хотя 
40487	 приходить бабушка опушка лес видеть ветер дуть 
40487	 этот время выбегать девочка опушка поиграть 
40487	 горный лесистый местность рекомендоваться располагать наблюдательный пост опушка лес она подвергаться обстрел 
40487	 ночь гора ориентир служить отдельный высота скала силуэт который хорошо выделяться фон ночной небо также опушка лес так называть линейный 
16750	 разведка лес начинаться осмотр его опушка издали 
16750	 растительный материал листва хвоя отбирать течение август различный часть крона несколько дерево данный порода при это измерять метеорологический параметр центральный часть каждый опытный участок опушка или поляна прилегать исследовать 
16750	 водоснабжение питание привой влиять подвывать другой условие произрастание освещение север или внутри насаждение или опушка 
40487	 наверное неслучайно человек селиться опушка лес берег море река около 
40487	 характерно что это луг опушка лес где только мочь 
40487	 голос послышаться растерянность кадровый военный мирно собирать лес гриб вдруг очутиться опушка где разгораться жестокий бой 
40487	 она солоно хлебать вернуться садиться прежний лысоватый место который можно быть называть опушка этот помойный лес при 
40487	 через небольшой время они уже стоять опушка 
40487	 миша оно задумчиво посмотреть сторона начинаться опушка чаща который быть дупло 
40487	 головной дозор азимут тридцать пять ориентир опушка лес 
40487	 приказывать занимать оборона опушка лес 
40487	 волкодав вернуться опушка лес полсотни шаг 
40487	 как-то пока для генерал лесной опушка балканский обычай жарить бык 
40487	 пойти опушка лес экипаж следовать 
40487	 степан иванович вдруг выронить пистолет закачивать голова схватываться рука висок повертываться пойти опушка лес туда где оставлять 
16750	 там любой дело основательный волжанин делать немного погодя кинуть опушка ватник травка лежать набираться 
40487	 утро подъем после завтрак добровольно шефский помощь наш патентоведка кухня потом правление указание обычно тот опушка наш коллега сортировщик 
40487	 воркование мелодичный журчать туррр туррр часто все можно услышать опушка лес соседство поле 
40487	 хоронить вдоль этап овраг лесной опушка кто рядом 
40487	 солнце уже близиться закат когда телега грузить котомка ребята миновать лесной опушка оказываться горбатый мостик перекидывать 
40487	 если повезти она можно находить травянистый склон среди кустарник опушка лиственный смешанный лес 
40487	 километр через двадцать заглушаться оглядеться опушка лес солнце заходить вдали чернеть 
40487	 вооруженный человек впервые показываться опушка лес вблизи загородный усадьба 
40487	 опушка тот тот самый куст 
40487	 почему-то оказываться окраина свой детский мир опушка лес который все тот 
40487	 достаточно быть влюбленный посмотреть свой возлюбленная бежать они вдвоем опушка прекрасно проводить там время 
40487	 так она нравиться опушка валяться местный абориген 
40487	 наконец показываться опушка лес кончаться словно 
40487	 наконец показываться опушка лес кончаться словно 
40487	 жить почти опушка лес комаровский настоящий 
16750	 сей пора обладатель пряжка браслет носиться друг друг романный чащоба опушка прогалина истреблять друг друг 
40487	 вместо лесной опушка устраивать изумрудный газон сглаживать переход 
40487	 забывать еще целый корзинка одурять аромат поутру источать луговой растение чей название дорваться природа средний горожанин знать никогда узнавать непривычка перебирать чистый воздух бессильно сваливаться лесной опушка передозировка запах 
40487	 снизу светлый вверху бездонный синий вот подходить опушка лес встречать прохлада 
16750	 меховой деталь пальто костюм воротник манжет меховой опушка там где захотеться также 
40487	 располагаться опушка лес выпивать упокой 
40487	 настоящий боровой сосна опушка другой порода сосна дерево 
40487	 кладбище располагаться прямо опушка красиво земля сухой 
40487	 сам преступник быть вскоре задерживать опушка лес 
40487	 стоять она тот пора пока начинать скрипеть луг коростель покрикивать опушка лес козодой тревожиться чаща 
40487	 потом уже узнавать что они разбирать граната находить опушка лес чтобы доставать как они 
16750	 например если рукав широкий очень длинный хороший взять перчатка удлиненный плотно прилегать запястье если рукав оторачивать мех стоить покупать перчатка меховой опушка 
40487	 поезд рывок выскочить лес без опушка бежать теперь равнина 
40487	 тут приходить опушка впереди лес лес болото 
40487	 тянуться сачок умолять незримый лесной божок владеть африканский опушка повелевать бабочка антилопа птица чтобы 
40487	 бывший наш соотечественник ныне сотрудник русскоязычный служба канадский радио евгений серафимович соколов гулять семья опушка канадский лес набредать скопление 
40487	 здесь опушка сырой лес сто метр 
40487	 вскоре после как смоктуновский становиться вася катанян встречаться опушка лес георгий степанович жженов 
16750	 опушка калпак останавливаться указывать вперед 
40487	 перебираться через бурелом бежать опушка перепрыгивать бочажина путаться нога 
40487	 словно бестелесный дух побежать лагерь это метель разгоняться раскручиваться лед начинать бурлить опушка наткнуться стена лес 
40487	 сотня костер верста протягиваться крутой вдоль опушка лес 
16750	 опушка перелесок гореть огонь бродить стреноживать 
40487	 поль сгруппироваться легко перепрыгивать опушка разделять они парень 
40487	 река видимо опушка лес странно вопить какой-то ночной 
40487	 так вот бородино однажды какой-то привал опушка влезать пенек 
40487	 перед они опушка лес мокнуть жалкий фигура дезертир 
40487	 тимонин становиться выходить открытый место пойти опушка лес край поле 
40487	 потом увидеть как снести ветер опушка медленно закручивать круг вверх 
16750	 или фет заливать обязательно солнечный свет шелестеть тайный изнанка опушка 
40487	 наш облако висеть прямо над локхайм стоять опушка близ замок бесс 
16750	 опушка или где-нибудь прогалина иногда 
40487	 еще как попадать хутор бродить окрестности зона однажды опушка лес выходить автобусный остановка 
40487	 тот дело оглядываться солдат быстро шагать лесной опушка 
40487	 она придумывать обходить опушка лесополоса вернуться школа 
40487	 едва нацепить колин очки как магазин отпрыгивать десяток метр сам коля держаться дерево показываться далекий путник опушка лес 
40487	 опушка поставлять как точка она 
40487	 вскоре после как смоктуновский становиться встречаться опушка лес георгий жженов 
40487	 наконец вглядываться увидеть недалеко опушка лес оказываться все-таки низенький лесок 
16750	 получать официальный письмо баварский департамент лесной хозяйство предоставлять опушка его распоряжение договор 
40487	 навсегда запоминать ржавый каркас автобус косо врастать земля опушка подмосковный лес 
40487	 прямо опушка лес около кладбище быть расставлять 
16750	 пугаться собственный голос опушка заикать маленький сычик тут 
40487	 каждый утро лула поле луг опушка гонять туда под 
16750	 зеркальный резина касаться опушка алый стрелецкий макси тулуп черный 
40487	 опушка поставлять как точка она 
40487	 райский дерево опушка лес усыпать перезрелый ягода боярышник 
40487	 там как обычно никто ничто собирать посидеть опушка лес прекрасный солнечный осенний 
40487	 граница между они отчетливый опушка лес иногда река битва 
40487	 лошадь они труд находить полкилометра холм тот спокойно пастись опушка словно ничто происходить 
40487	 лес поредеть вместо опушка устилать игла тропа приводить 
40487	 артюр наддавать понестись подскакивать рессора вдоль лесной опушка 
40487	 наблюдательный пункт артиллерийский дивизион взвод управление который сменить ранение несколько военный профессия воевать связист передний край располагаться опушка довольно-таки дремучий дикий для 
40487	 наш часть окапываться под гора опушка лес речка метр 
40487	 всадник георгий герб столица скакать граница между этаж опушка московский лес 
40487	 зарычать машина захлопать дверь тут опушка зазвучать громкий музыка какой-то радостный 
40487	 достигать опушка догадываться оглянуться увидеть что 
40487	 говорить после очередной отличный стрельба вдруг часть исчезать только следующий день быть обнаруживать опушка 
40487	 лес указывать группа мочь быть выделять особо защитный участок лес ограниченный режим лесопользование берего почвозащитный участок лес вдоль берег водный объект склон овраг балка опушка лес граница безлесный 
40487	 когда впереди березовый ствол зарябить опушка лес немец спохватываться открывать огонь 
40487	 впереди заметно светлеть осторожный шаг миновать заливать солнце подлесок выезжать опушка прямо перед себя увидеть 
40487	 опушка под тень просыпаться дуб 
40487	 лазутчик хальвард упоминать приметный камень возле который сигурд впервые увидеть урмень вятич нести мешок сигурд колебаться двинуться вперед течение придерживаться опушка 
40487	 уже доезжать опушка лес дорога ведущая 
40487	 лесной осенний опушка каждый дерево становиться сам 
40487	 так говорить перед как отправляться опушка лес дощатый строение 
40487	 разгильдяй вор проныра нарушитель военный устав получать наряд вне очередь ежедневно ремонтировать подновлять обитель опушка лес вбивать снег 
40487	 узнавать северянин закаленный брюхо свойство хитрый химический продукт который сутки день ночь штаны успевать застегнуть сокол носиться опушка лес редко вбивать кол 
40487	 после метель отмякать лесочек опушка каждый былочка каждый 
40487	 здесь посреди крапива густой трава куст иной раз опушка лес стоять как древний руины 
16750	 если проходить вперед еще метр сто лес кончаться опушка его ощетиниваться густой ельник 
40487	 она подходить близко чтобы тот догадываться любопытство заниматься приведение порядок свой внешность закреплять заколка разлетаться ветер волос укорачивать тонкий ремешок наплечный сумочка озабоченно осматривать расшатываться каблук затем как путник желать сориентироваться пространство обозревать местность опушка сосновый еловый бор убегать 
40487	 они пересекать большак травяной поле усеивать валун двинуться опушка бор 
40487	 стоять лыжа опушка лес смотреть синий 
40487	 сниться ночь дом родной рябина тихий опушка 
40487	 вдруг словно занавес взвиваться перед его глаз как будто выходить опушка внезапно расступаться лес увидеть 
40487	 они сперва покружиться опушка пятнистый тень маскировочный сеть 
40487	 только что подскакивать взвод вспоминать как опушка лес показываться несколько всадник 
40487	 ехать опушка лес справа тянуться нетоптаный луг 
16750	 обычно ходить опушка вырубок там мелкий ельник 
40487	 тропка лесной быть обблеянин баран обхрюкать свинья мягкий опушка под тенистый крона быть обквакан 
40487	 приборист шестой комплекс располагать левый крыло ангар ставка шестьсот шестьдесят рубль торопиться один стынуть мороз самолет выстраиваться линеечка лесной опушка взлетный полоса 
40487	 нагружать гриб букет выходить опушка тот место где течь 
40487	 выскочить опушка опять вдалеке увидеть цепь 
40487	 трава лес сделаться редко цветок быть много когда выходить окраина лес весь опушка пал гореть захлестнуть жарка 
40487	 спутывать заросль елка осина сосенка снежный опушка лес проступать тень похожий 
40487	 угадываться движение опушка под дерево который 
40487	 ночь продвигаться свежепрорубленный трасса достигать наконец опушка связистский катушка 
40487	 вместе кальченко участвовать этот оперативный совещание проходить опушка лес 
40487	 она лес быть тайник недалеко опушка вовсе неприметный ложбинка 
40487	 они бежать стараться выпускать вид лохматый след петлять впереди вдоль этот бесконечный опушка синий подпалина тень 
40487	 утро опушка лес появляться объявление внимание 
40487	 пять огонек озарять опушка лес мириада искра вспыхивать сонный 
40487	 вот она кира голенастый простоволосый бежать этот поляна пригибать путь ромашка клевер бежать дом дом неподалеку опушка лес 
40487	 иногда казаться она идти опушка дом лесничий возле дом 
40487	 правда особенно разбираться сорт древесина никогда задумываться что находиться далеко опушка лес зато мочь 
40487	 так они идти дорога вдруг опушка лес увидеть вот что 
40487	 вращаться труба металлический ворота врывать земля опушка лес быть привязывать дерево 
16750	 послышаться этот время встревожить голос один солдат весь глаз обращаться опушка дальний лес 
40487	 однажды его жена увидеть опушка лес приближаться дом человекообразный 
40487	 дождаться темнота разжигать костер близ лесной опушка печь картошка 
40487	 передний край оказываться опушка заболоченный лес кое-где отделять 
40487	 опушка какой-то леска выдавать водка 
40487	 какой-то наш пехота блокировать опушка лес тот самый что другой 
40487	 еще наш сад жить пчела улей стоять слева тропинка задний стенка она леток крылечко вишенье образовывать тут густой заросль количество пчела двадцать дедушкин улей хватать только наш сад другой сад старый липа вокруг церковь василек поле первый день весна бело-розовый гречишный поле лесной порубка они иван-чай разноцветие луг каждый цветок какой межа расцветать каждый лесной опушка лесной 
40487	 хотя уже давно полный холодный мертвый равнодушие владеть сердце душа алепинцев что делать земля как портить терзать она еще много соскребать зелень бульдозер размешивать ровный луговина гусеница трактор уродовать склон овраг опушка лес гнилостный картофельный бурт захламлять 
40487	 момент когда рокот барабан призывной звук труба далеко разнестись гора чета петков сосредотачиваться опушка лес 
40487	 стрелять они безуспешно прятаться камень перебегать ползти юрко стремительно они достигать опушка лес 
40487	 бежать мимо опушка ельник разрыв открываться пойма 
40487	 высоко жидкий опушка мелкий лес осенний листва 
40487	 отлично помнить предпоследний совещание бюро опушка лес коровий лог где 
40487	 впереди меж редкий дерево опушка показываться огонек покровский большой светлый 
40487	 только время время перелесок проноситься поезд однажды услышать детский голос доноситься домик смотритель еще однажды опушка лес увидеть пароконный упряжка 
16750	 бурнашов опушка замедлять миг настраивать ухо 
16750	 или редкий добыча красавец черныш застигать врасплох опушка поле прижимать собака 
40487	 композиционный она решаться так опушка лес передний план 
40487	 они сидеть опушка ждать витька 
40487	 они сидеть опушка лес похожий старокопытовский 
40487	 они хорошенько тряхнуть стык два сон опять они опушка лес 
40487	 наш она разговор опушка ситниковский лес где груня пасти 
40487	 запыхаться воробей садиться лесной опушка 
40487	 дождь заставать она над опушка лес первый капля мелькнуть 
16750	 или вытаскивать орудие или пойти два три танк опушка лес 
40487	 ровно быть занимать оборона северный опушка этот лес показывать 
40487	 тамбовцев идти вдоль лесной опушка осторожно неслышно легко перемещать свое 
40487	 застраивать затеснять сминать лес дача отпадать нужда этот воин бывший лесной опушка 
40487	 несколько офицер забираться холм оттуда жадно всматриваться опушка лес нетерпение ожидать появление 
40487	 бесстрашно резвиться опушка лес сразу кювет шоссе 
40487	 жить прямо опушка лес продувной изба 
16750	 однако это там опушка тут деваться она быть 
40487	 она далеко уже отходить камень быть рука подавать лесной опушка вдруг услышать голос из-за 
16750	 степанида замедлять шаг готовый останавливаться останавливаться быстренько подбегать опушка чтобы идти 
40487	 небольшой янкино стадо пастись кустарник возле дуплистый колода повалить опушка дуб 
16750	 входить туда утопать выбираться вовеки девушка поджидать опушка красота ублажать успокаивать 
40487	 зайчик жить лесной опушка головастик пруд 
40487	 берег река лесной опушка поляна вырубка 
16750	 розовый череп его сиять белый опушка волос 
40487	 обход опушка лес нужно быть давать несколько 
40487	 опушка лес крутой песчаный берег 
16750	 выходить кабиас опушка запевать входить избушка 
40487	 при подход чернов где штаб располагать увидеть сашка опушка свежий могилка настоящий закидывать лапник 
40487	 для сугрев захватить себя спиртное который распивать лесной опушка 
40487	 идея совет россия быть широко подготовить тот незаметный практика который носить название очень приблизительный община мир тот сельский общество худо хорошо стараться управлять сообща дело тот микромир который начинаться деревенский церковь простираться ближний берег река недальний холм опушка виднеться околица лес 
40487	 видеться небольшой долина среди прибрежный сопка тот долина опушка лес берег речка стойбище 
40487	 вдруг очень сильно захотеться домой туда где сопка пегий пес долина река опушка лес располагаться старинный становище прибрежный 
40487	 лирический стих написать этот ростинский лето пушкин маяковский сочинять гулять вечер вдоль лесной опушка где-то дачный улица 
40487	 маяковский сочинять стих гулять щенка который бегать как собачонка дачный улица большой луг перед наш дачка опушка лес угол 
40487	 охрана центрально-черноземный заповедник однажды задерживать при опушка волга наполнять ветка цветущий дерево 
40487	 так все изменяться что усомниться находить гремучий колодец родниковый озеро опушка лес 
40487	 чуть далеко опушка лес становиться попадаться кустик черника 
40487	 когда издали окно например вагон смотреть гора лес опушка лес это уже сродни искусство 
40487	 дерево туман оставлять кремниевый иней весь лесной опушка подернуть белый каменный корка 
40487	 триста метр наш дом лесной опушка расти десяток великолепный белый гриб 
40487	 жить гришка сам лебяжка заимка верста четыре крайний изба лесной опушка 
40487	 опушка лес тотчас щелкнуть затвор обрез 
40487	 промежуток между озеро опушка прежде торчать избенка кудеяра без 
40487	 каждый утро после завтрак отводить зорька огород опушка лес 
40487	 это огорчать чтобы возвращаться домой пустой рука рвать опушка поздний полевой цветок составлять 
40487	 опушка лес сейчас как подножие замерзать 
40487	 как только она свертывать луг шоссе освобождение помчаться заметно оставлять позади гореть студебеккер опушка лес горизонтально вылетать оранжевый скачок 
40487	 тут увидеть третий машина непонятно как прорваться лес шоссе машина этот отдаляться отдаляться городок сумасшедший мчаться завеса пыль ровный стрела асфальт невидимый самоходка скрытый опушка лес теперь она 
40487	 скомандовать княжко стремительно соизмеряющий глянуть пылать машина опушка лес там взмыть одинокий сигнальный 
40487	 как только увидеть опушка лес всадник матюхин котовский касаться 
40487	 странный сильный ощущение переживаться опушка лес три человек эго котовский 
16750	 рядом институт теоретический физика торец опушка феллед парк заканчиваться строительство такой 
40487	 мышь затаиваться песец бросать охота побежать опушка лес 
16750	 недалеко протягиваться цепь доходить опушка заглохнуть минутка тут 
40487	 новый большой лесорубный поселок где кино школа магазин телевизор вечер опушка точно запинаться деревня 
16750	 заиндевевший меховой опушка спальный мешок торчать только впалый 
40487	 госпиталь располагаться опушка лес несколько огромный палатка 
40487	 весть опушка чужой тайна зимний полдень 
40487	 долгий время знать как подступаться дятел они селиться только опушка лес никак соглашаться 
40487	 никто сорвать они этот тревожный осень опушка лес возле шоссе костер 
40487	 альма добежать опушка лес там постоять 
40487	 грызлов ворон гунтер саблин чистокровный английский кобыла скакать лесной росный опушка пересекать овраг подниматься косогор 
40487	 трусливый давид мушка взять они ехать шаг лесной опушка проселок метнуться дубовый роща 
40487	 лесной опушка тропка оглашаться паровозный гудок 
40487	 вчера рассвет станислав свирид разыскивать корова вернуться вечер дом увидеть неподалеку опушка шиловичский лес три человек 
16750	 паша решать проследовать направление его движение опушка или даже каменка 
16750	 лежать опушка вблизи строго охранять магистраль наблюдать 
40487	 однако болтать они становиться говорить чтоб вести командир ихний там поговорить тут лесной опушка 
40487	 опять опушка рассыпаться они частый дробь 
40487	 опять вдруг отлетать куда-то будто вон тот опушка заливать солнце оттуда глядеть 
40487	 обходить опушка лес вокруг сельский огород посоветовать 
16750	 вспомнить что назначать резерв становиться залезать вода такой тяжелый ноша пойти вдоль опушка ольшаник 
16750	 прислушиваться вопль невидимый загонщик продолжать медленно двигаться вдоль опушка ольшаник 
40487	 вдруг очередной хоркать звук становиться приближаться останавливаться лицо закат через секунда увидеть как мелко подрагивать крыло вдоль опушка совсем низко вполдерево лететь 
40487	 успевать проходить десять шаг как становиться нагонять еще один опять повертываться все сразу увидеть опять каждый поспешить сваливать первый опять пойти стукаться перекатываться схлестываться опушка трах таха таха таха 
40487	 здесь сказать сержант приближаться опушка лес который увидеть 
40487	 радостный чувство испытывать проезжать вдоль лесной опушка глядеть стоящий глубина 
40487	 короткий остановка опушка лес небольшой хутор 
16750	 ведь такой маленький героический такой тихий напористый что казаться именно испугаться последний заморозок сдаваться выбрасывать ранний заря белый флаг последний иней опушка 
40487	 опушка лес для верность быть обвести 
40487	 огромный лесной опушка парк монтрей заполнять край 
40487	 пахнуть они как сосновый лес опушка 
40487	 опушка лес стоять привязь девять 
40487	 однажды никита располагаться опушка красивый лес так увлекаться 
40487	 самолет становиться снижаться так низко пролететь над опушка что никита увидеть как летчик 
40487	 вскоре начинаться война никита увидеть газета портрет тот самый летчик который встречаться опушка лес 
40487	 шарить бинокль освещать низкий солнце лесной опушка 
16750	 там корма показываться человек черный рокан белый опушка 
40487	 пока крутиться винт планер достигать опушка лес подхватывать восходящий поток 
40487	 старый кукушка летать ребенок свой искать опушка когда они куковать слеза 
16750	 золото дерево зелень озимые опушка 
40487	 динка прыгать платформа торопливо шагать мимо дача мимо железнодорожный переезд останавливаться лесной опушка 
40487	 опушка лес седок останавливать лошадь бережно 
16750	 спешиваться опушка динка тщательно осматривать дорога искать 
40487	 лесной опушка проволока надо быть ползти 
40487	 восход солнце приходить опушка лес 
40487	 опушка лес проволочный заграждение подвешивать 
40487	 встречать она можно май июнь август вдоль дорога луг лесной опушка 
40487	 впереди опушка лесочек неясно возникать какой-то черный 
40487	 недалеко усадьба опушка лес быть выстраивать дом для 
40487	 березка подниматься теплый опушка лес легкий голубоватый поросль 
40487	 время преследование замечать как показываться кто-то командир который снежный тропка быть уже снег уходить опушка лес 
40487	 наблюдательный пункт выкидывать опушка лес торопить 
40487	 увидеть заросль опушка бодяга колючий нахально цвести 
40487	 толпиться трава между лесной опушка высокий амбар толпа 
40487	 разговор табачный дымок наш стук сердце волнение сторона зеленить опушка понижение повышение мохнатенький издали 
40487	 итак лесной опушка правда всякий сосновый 
40487	 вот запахнуть осенний лесной опушка молодой сосенка остужать октябрь почудиться 
40487	 пока что видеть только елово лес говорить что водиться лиственный особенно любить как говорить писать опушка лес молодняк 
40487	 пьер внимательно смотреть вид который открываться перед поле налево опушка лес там среди дерево 
40487	 пьер увидеть как опушка лес выходить тот женщина появление 
40487	 бой повертываться живот ложиться сторожевой поза опушка лес появляться корова это быть 
40487	 быть опушка лес когда проезжать автобус увидеть 
40487	 опушка лес обочина шоссе гнать 
40487	 посмотреть опушка какой сугроб набивать рохлый лыжа 
40487	 увидеть стреноживать лошадь пастись опушка лес 
40487	 простецкий точь-в-точь лесной опушка околица забвенный деревушка 
40487	 одинокий ветла уныло раскачивать голый ветвь щетиниться сухой жнивье из-под снег володя поджидать оля опушка втыкать палка снег 
40487	 опушка лес вспыхивать весь новый огонь 
40487	 фомич чудиться будто это лепетать лесной опушка птичка сплюшка спать 
40487	 опушка бывший лес престарелый сосна иной 
40487	 из-под стена пробиваться самосев отклоняться кирпичный кладка расти свисать крона однобокий как будто деревенский задворка лесной опушка берег речушка вдруг 
40487	 лес видеть какой-то летний постоялец мочь быть солдат скамья жердочка множество консервный банка трава опушка огнище кой-какой городня вроде шалаш 
40487	 утро просыпаться рано все босиком побежать опушка лес синичка там оказываться 
40487	 осень когда похолодать утро река светлый дно лесной опушка просвечивать насквозь когда мокрый 
40487	 между они словно свежий травка опушка лес ярко изумрудный водоросль 
40487	 пленный погнать далеко большой толпа отбирать оставаться стоять опушка лес край вырыть траншея 
40487	 опушка лес туман стоять прищемихин 
40487	 когда уже оставаться рука подавать лесной опушка грузовик затрястись как озноб 
40487	 уже четко различаться голый ветвь лиственница впереди когда петрухин увидеть опушка лес табун 
40487	 они рассаживаться вдоль восточный опушка лес пять скирд 
40487	 рюмин приказывать четвертый взвод выдвигаться опушка лес северный часть садиться 
40487	 весь этот пять или шесть километр что отделять рота место ночной бой она проходить восточный опушка лес темнота 
40487	 быть избивать глубокий скотный тропинка стежка припорашивать снег обочина куст орешник пугать тетенькать синица западный опушка показываться еще издали лес кончаться 
40487	 вещь бросать дальний опушка поляна двинуться наступление 
16750	 жемчужный полоса предрассветный туман вестись покрывало над росистый поляна никнуть стелиться уходить черный глубокий тьма опушка высокоствольный лес 
40487	 девушка вскакивать обдергивать юбка они молча пойти домой полевой дорога вдоль лесной опушка 
40487	 выходной день наезжать сюда опушка автобус грузовик крытый брезент 
40487	 поле опушка лес межа усадьба полевой стан 
40487	 смутный радостный гул короче прошуметь опушка васильковский березовый лес 
16750	 посадка вперемежку яблоня вишня породистый елочка березка причем даже простецкий кустовой какой бывать опушка или открывать лесной луговинка примета 
40487	 тишина лес внезапно нарушать рев мотор опушка выползать танк вид грозный военный 
40487	 особенно вон тот опушка помнить 
40487	 недалеко смоленск опушка лес раскидываться небогатый имение пан 
16750	 король считать такой времяпрепровождение бесполезный рано уходить спать полевой шатер или монастырский келия распятие стена королева оставаться костер где-нибудь река или опушка благоуханный роща 
16750	 быть охотник страстно любить собирать гриб что делать ходить наш опушка 
16750	 бригадир рассказывать что медвежий укладка лежать конец овраг шаг двадцать опушка что медведь можно встречать 
40487	 прежде здесь быть кочковатый выгон расти куст можжевельник реденький березка вперемешку осинка тянуться кривой тропинка опушка лес 
40487	 семен размашистый шаг миновать село свертывать дорога тропка вдоль поле рожь направляться лесной опушка 
40487	 доходить опушка лес вдруг слышать 
40487	 сидеть опушка лес под дерево вызывать 
40487	 зачем терять приходиться просто вспомнить однажды как ландыш рвать белянинский опушка 
40487	 похоронить маленький кладбище опушка лес 
40487	 сторожко проходить опушка лось гордо пронести красивый голова 
40487	 броненосец населять степь пустыня саванна опушка лес южный центральный америка 
40487	 опушка квадратный яма затягивать маскировочный 
40487	 миновать огород перебежать между штабель бревно опушка синцов золотарев приседать чтобы 
40487	 она спускаться глубоченный лесной овраг где сырой лесной прель обдавать из-под темный полог лес где трухляветь разваливаться пень истлевать упасть дерево перегорать сырость прошлогодний слеживаться листва подниматься овраг задеть дорога лесной опушка где припека над цветок 
40487	 вдоль опушка лес красный гора 
40487	 через несколько минута весь опушка лес яростно застучать топор лопата 
40487	 все дым дым огонь теперь подступать уже самый опушка лес 
40487	 опушка лес отвечать тоненький голосок 
16750	 после удар дробинка крылышко лапка еще плохо повиноваться труд долетать опушка тут зинька отыскивать хорошенький 
16750	 лес тут опушка вовсе редкий дерево дерево 
40487	 она вот впереди вдоль опушка свежеотрыть окоп слева спуск 
40487	 молодо зеленеть береза опушка лес низина буйно пробиваться 
40487	 долго скоро пережидание лес один другой дождь так что приходиться даже разводить теплинка чтобы обсушиваться миновать деревня старый двор деревня зайкино деревня куземино подходить опушка лес когда увидеть что навстречу 
40487	 голубой небо озерный туман белый облако над лесной опушка 
40487	 так оставаться необычный сосна красоваться опушка лес 
40487	 они торопиться особенно наслаждаться глухой тишина потаенность подолгу сидеть опушка смотреть как тихо вставать солнце 
40487	 она тянуться опушка лес неясный ночной поле 
40487	 петлюровский пулемет давать опушка лес короткий скучный очередь 
40487	 схема изображать опушка лес где невдалеке тропинка 
40487	 отделение первый бежать опушка кустарник подниматься ежик 
40487	 когда уже выходить последний дух выбираться опушка лес 
40487	 они приезжать опушка большой лес наполовину срезать артиллерийский 
16750	 вася подстилать кожух лежать опушка роща 
40487	 партизанский цепь который застигать огонь доктор залегать рядом телеграфист отряд занимать лесной опушка 
40487	 затем уже идти настоящий лесной слово корабельный роща осинник мелколесье песчаный бор чапыга мшары сухой лесной болото гарь чернолесье пустошь опушка лесной кордон березняк порубка корье 
40487	 лежать этот лесной опушка часто вспоминать стих брюсов 
40487	 шесть километр вверх курейка выше второй порог яростно низвергаться между скала ждать мало внушительный зрелище весь береговой обрыв вода опушка лес быть покрывать черный блестящий 
40487	 опушка лес начинаться равнина синеватый 
40487	 вдоль лесной опушка поле оставлять себя 
16750	 сам стоять впереди вал самый опушка подзывать себя один 
40487	 доверять первый впечатление становиться заходить другой рощица увидеть жертва французский артиллерия полегать опушка цепь германский пехота 
16750	 все молчать такой глушь только опушка весна пьяный глаз 
40487	 оба спутник опушка лес который скрываться пограничник 
40487	 встречный солдат указывать приезжать где стоянка лозневый они растягиваться цепочка двинуться похрустывать валежник западный опушка лес 
16750	 опушка леска перекликаться понестись солдат 
40487	 устраиваться дно окоп друг против друг андрей юргин оживленно разговаривать бомбежка замечать как опушка дальний лес появляться танк 
40487	 ольховец доставаться для расчистка участок опушка лес восток гребень 
40487	 стая тетерев косач весь день непогода просиживать еловый тюремный глухомань сегодня вылетать опушка лес светлый березняк поклевать 
40487	 этот время опушка лес показываться немецкий колонна 
40487	 под гул артподготовка танк гвардейский бригада двинуться рубеж атака южный опушка лес 
16750	 кричать осипший собачий голос стоковецкий метаться черный наган перед цепь опушка выскочить подполковник осипов 
16750	 тут березовый опушка стоковецкий собирать батальон 
40487	 зеленый луг полевой цветок опушка лес это быть тот 
40487	 вдруг который раз выбегать опушка увидеть среди розоветь 
40487	 грабеж насилие заключение тюрьма малый подозрение труп каждый лесной опушка каждый деревня 
40487	 эндрью пока оставаться опушка лошадь потом позвать 
16750	 оставлять антони паттерсон караулить лодка грелли его спутник оружие рука подкрадываться опушка 
40487	 держаться вдоль опушка парламентер педро торопиться они 
40487	 темный кочковатый луг осыпать брусника полоса порыжелый кустарник подступать самый лесной опушка 
40487	 опушка лес отряд негр быть занимать 
40487	 лесник спрятаться елка опушка взводить курок ружье 
40487	 через несколько десяток шаг путник выходить небольшой прогалина между опушка лес живой изгородь 
40487	 посидеть опушка близлежащий лес агент убеждаться 
40487	 квэп застегиваться зашагать опушка который оставаться много 
40487	 бросать короткий взгляд опушка лес корнеманн поспешно полезть 
40487	 тронуться они полный тишина необстрелянный достигать опушка лес 
40487	 туда можно быть хорошо проходить опушка лес лишь сам усадьба 
40487	 веселить сердце бежать весенний ручей прыгать через пень кочка разбрызгивать влага торопиться склон уже пестро цвести пролеска незабудка какой-то другой цветок имя который позабывать хотя знать хорошо детство незаметно выходить опушка широкий горб лежать слева пробуждаться 
40487	 постоять лесной опушка они направляться подвал 
40487	 осень опушка бродить баба ребятишки собирать 
40487	 снова поползти чувствовать как возвращаться сила крутиков находить товарищ лесной опушка быть бурлак 
40487	 они залегать опушка лес готовый продолжать бой 
40487	 ребята тянуть лесной опушка где около рыжий островерхий куча 
40487	 едва перетягивать линия фронт они тяжело приземляться брюхо первый попадаться опушка лес 
40487	 ужин кинг рассказывать наблюдение опушка лес заканчивать слово 
40487	 как красный бусы украшать шея девушка так малина красоваться лесной опушка 
40487	 потому что опушка лес слишком холодно 
40487	 доходить опушка чуть углубляться лес увидеть 
40487	 необозримый стадо антилопа свирепый бык слон жираф тесниться простор степь опушка темный лес 
40487	 близ река опушка лес встречаться развалины древний постройка 
16750	 опушка расти белый дерево корявый 
40487	 капрал джемс муррей ночь идти опушка лес туда где проходить дорога 
40487	 перебежать полянка лесной опушка она оглянуться 
40487	 минеев под лунный свет густой опушка лес закачаться петля 
40487	 блиндаж располагать под стена дом населенный пункт здание скат высота глубина лес опушка блиндаж иметься 
40487	 придавать танк использоваться как неподвижный огневой точка путем вкапывание они земля окраина населенный пункт опушка лес главный образ 
40487	 обязательно наступление следовать проводить ряд конкретный тренировочный учение характер свой аналогичный особенность предстоящий бой тренировка форсирование речной преграда населенный пункт опушка лес 
40487	 огневой точка располагаться глубина опушка лес больший плотность 
40487	 штаб артиллерийский часть соединение недостаточно суммировать анализировать данный весь вид артиллерийский разведка вследствие что система организация оборона отдельный узел сопротивление противник быть вскрывать недостаточно начало наступление роща считаться нейтральный тогда как она иметь гарнизон более взвод неправильный оценка оборона северный опушка роща единица 
40487	 полка вступать лес энтоловый располагаться ночлег высылать вперед восточный опушка лес монделев сильный 
16750	 часто можно слышать такой заявка подавлять пулемет пушка противник высота такой-то или окраина деревня такой-то учитывать что высота опушка роща окраина деревня часто иметь 
40487	 наступление атака пехота танк должный быть стремительный безостановочный короткий остановка исходный для атака рубеж для сбор подтягивание подразделение огневой средство пехота штурмовой группа артиллерийский наблюдатель для постановка задача младший начальник также для перестроение боевой порядок если пехота наступать открытый местность она предстоять атаковать опушка лес далее вести бой 
40487	 командующий артиллерия армия подготовить массированный огонь оборона противник проходить восточный окраина город также иметь подготовить огонь выход пурвциемс юго-западный опушка лес восточнее пурвциемс давать 
40487	 при отсутствие цель воздух возможно необходимо массированный применять для стрельба наземный цель противник опушка лес вышка 
40487	 качество вертикальный маска использоваться забор ограда населенный пункт опушка лес сад 
40487	 разведка подступ противник состояние озеро река болото опушка роща если таковой иметься 
40487	 для это характерный точка местность иметься карта летный состав тригонометрический пункт отдельный высота опушка роща окраина населенный пункт 
40487	 при оборона горный лесистый местность период подход противник бой опушка лес если позволять условие местность 
40487	 кустарник роща опушка лес как правило противник обстреливаться 
40487	 огонь артиллерия миномет авиация подавлять оборона противник опушка лес очищать вершина дерево 
40487	 овладение опушка лес при втягивание лес 
40487	 метр сто опушка спать погружать мертвенный мгла 
40487	 разведывать опушка лес отдельный домик спикировать 
40487	 перед рассвет отшагать ночь десять пятнадцать километр выбирать стоять опушка лес сарай забираться 
40487	 называть этот впервые открытый котловина верхний токкинская пересекать она глубокий снег достигать темнота опушка лес 
40487	 ночь сапер ахмедвалиев коробков сделать проход минный поле утро залегать опушка лес 
40487	 край опушка лен вершок рост 
16750	 косой утренний луч опушка ослепительный белизна береза белый мраморный 
40487	 утро старший сержант борисов поводить новый разведчик опушка лес 
40487	 когда подходить опушка лес савченко показывать вервищенский 
40487	 она пролететь через весь поляна опушка лес 
40487	 выскочить траншея гнать фашист опушка лес 
40487	 первый выскочить траншея гнать немец опушка лес 
40487	 полицейский отрываться бинокль подзывать себя немец тот вставать рядом направлять свой бинокль опушка лес 
40487	 противник оборонять лесной опушка батальон наступать общий правило 
40487	 главный усилие батальон направляться чтобы овладевать выступ лес откуда противник фланкировать опушка проникать лес хотя 
40487	 лес следовать цель наступление батальон являться выход противоположный опушка 
40487	 задача батальон назначать походный охранение при наступательный марш обеспечивать беспрепятственный движение главный сила захватить важный местный предмет высота теснина опушка лес водный рубеж отражать любой 
40487	 бой лес вестись близкий дистанция слагаться бой овладение опушка лес бой внутри лес 
40487	 подавление противник опушка лес огонь артиллерия миномет 
40487	 лесной опушка застреливать они три заяц два 
40487	 ружье двухствольный тяжелый выбегать охотник опушка лес запыхаться земля садиться 
40487	 они сидеть опушка большой лес отдыхать 
40487	 вдоль лесной опушка грохот взлетать воздух 
40487	 выскочить тарантас пойти лесной опушка 
16750	 его опушка предательски притаиться противосамолетный орудие 
40487	 вдали показываться лес тот самый нагой опушка который летчик собираться производить посадка 
40487	 занимать оборона садиться опушка лес юго вост 
40487	 васильевский исход день овладевать садиться опушка лес 
40487	 силеевка антошкин зап опушка лес вост 
40487	 утро укреплять рубеж южа опушка лес 
40487	 силеевка антошкин зап опушка лес 
40487	 предпринимать наступление ночь овладевать совместно прокоповка занимать южн опушка лес 
40487	 бубен бруев каретовка зап опушка лес зап 
16750	 мелькемен далее шоссе вдоль восточный опушка роминтенский пуща останавливаться 
40487	 батальон приказывать быть занимать тыловой позиция опушка лес 
40487	 колонна двигаться очевидно недалеко опушка этот выстрел быть услышать 
40487	 южный опушка лес замыкаться болотистый долина 
40487	 подсерский лясы два три дом опушка лес 
40487	 сан укрепляться высота северный опушка они обеспечивать исходный для наступление 
40487	 тот время наступать восточнее корпус сбивать передовой часть австриец подходить северный опушка таневский лес где наткнуться 
40487	 полевка можно встречать огород кустарник опушка лес глубина лесной массив 
40487	 этот след сильно расширяться при таяние снег после как весь снег вокруг растаивать оледенение огромный оставаться тумбочка весь опушка лес 
40487	 опушка возле старый остроконечный часовня 
16750	 скрип сани вскакивать серый белый подпудник заяц мигать оторачивать черный опушка хвост пойти щелкать целина 
40487	 лошадь повертываться ветер спина искать укрытие возле редкий разбрасывать опушка лес куст боярышник 
40487	 справа над опушка лес чуть видный сквозь пыль 
40487	 совсем плохой летунья малоподвижный небольшой стрекоза стрелка множество встречаться трава недалеко вода нередкий лесной опушка поляна 
16750	 прекрасный летун коромысло час носиться вдоль опушка или лесной дорога хватать 
40487	 впереди сквозь стеклянный прозелень вода начинать проступать как опушка лес смутный очертание кустик 
40487	 опушка оказываться какой-то молодой мужик 
16750	 подъезжать опушка высокий лес тут красноармеец 
40487	 противоположный берег опушка лес мало чем 
40487	 теперь через стекло видный быть весь опушка дерево который скакать 
40487	 они отставать выкатить опушка девять лыжник 
40487	 усср скай часть западный граница опушка ребята играть футбол ловкий 
40487	 опушка между дерево висеть обрыв колючий 
40487	 часть донцов умудряться пробираться меж обоз опушка лес спешиваться выстраиваться 
40487	 весь опушка лес оглашаться вопль стон крик 
40487	 казак решаться ехать большак правиться опушка лес выискивать сверток проселок 
40487	 опушка лес самый край береговой 
40487	 некоторые они производить впечатление однобокий метелка мелкий ветка расти густой пучок образующая опушка непроницаемый чаща 
40487	 желать нарушать покой свой проводник направляться опушка лес где среди тальник расти 
40487	 скоро колхозник петр иванович карзун увидеть опушка лес человек осторожно пробираться сквозь 
16750	 дорога двоиться вправо влево почти вдоль опушка тянуться ухаб санный 
16750	 сосновый еще дикий опушка тянуться без конец вдоль автомобильный 
40487	 жаль мало жить лес мало ловля государь жить все матюшкин плут ловчий близ дорога опушка лес полянка трава она 
40487	 поздно ночь они быть близ волга ночевать опушка лес 
40487	 даль слдовать тот замчательно смшная анекдот который уже приводить автомобиль умышленно оставлять возл опушка исчезать 
40487	 поспшило обратно опушка звать товарищ ужас 
40487	 лесной опушка разбойник опять нагонять 
40487	 ладонь защищать глаз солнце оглядывать окрестность страшный бой опушка лес синьор карабас держать 
40487	 дерево расти опушка бывать искривлять тот который расти 
40487	 вблизи опушка лес прямо земля всхрапывать 
40487	 час через три четыре выходить какой-то опушка 
40487	 если опушка большой образовываться цпочка парагвайский хата 
40487	 устье опушка лес разрушать коши после который 
40487	 затем поражать изумление его спальня превращаться опушка лес какой-то черный кавалер 
16750	 опушка останавливаться становиться присматриваться нет 
40487	 при выезд опушка лес бурун брать вожжа 
40487	 просторно раскидываться ласковый живой небо опушка лес притихать сумерки силуэт 
40487	 уставать думать тайком подниматься окно глядеть глядеть без конец опушка лес 
40487	 однажды неслышно подходить лесной опушка становиться слушать дерево 
16750	 мост широко разъезжать песчаный дорога валить без строй солдат стрелец ненавистный петр колпак лисий опушка изломанный кое-как связывать телега 
40487	 темный неясный тень виднеться опушка лес 
16750	 еще если всматриваться зоркий видеть теперь тонкий опушка березовый лесок насыпь убегать 
16750	 черный опушка парк она сделать крутой прыжок 
16750	 или можно тута внизу внизу опушка 
40487	 похоронить пустынный кладбище опушка лес 
40487	 свертывать шоссе лесной опушка ложиться спать 
16750	 докатить опушка одежа себя долой 
40487	 очаровывать свирель моцарт петь весенний солнце опушка лес 
40487	 мой сердце любить римский корсаков родной свирель опушка лес 
40487	 два убитый бандит чернеть снег возле опушка лес 
40487	 зверолов прекрасно знать что лето медведь палка загнать берлога что медвежий берлога сроду бывать опушка лес зверолов догадываться что над 
40487	 захар севастьянович маркиз муж внутренность большой шатер опушка вековой лес 
40487	 перед мост повертывать вправо пойти над берег яуза опушка лес 
40487	 тонкий острый стрелка тоже повертываться несколько раз качнуться черный конец показывать тот сторона где опушка выситься старый раскидистый сосна 
40487	 опушка лес они слагать весь вещь 
40487	 когда выходить опушка лес солнце уже проходить 
40487	 возле поле опушка притаиться наш пушка 
40487	 слева стоять человек крага стек рука глядеть вдаль опушка лес из-за который через несколько 
40487	 бежать наш лошадка большой дорогой рубеж через полянка около опушка лес 
16750	 совхоз завыть гудок завод плаксивый зовущий выбегать опушка парк гореть кубанский 
16750	 верста медведково мужик махальщик завидеть карета замахать шапка опушка березовый роща отзываться второй 
40487	 зато просыпаться весь ночь быть жалкий писк голод гоняться друг друг весь этот мелкий крупный хищник дремать день телеграфный провод таиться ров лесной опушка 
16750	 тогда завертывать угол побежать направление кладбище опушка перелесок останавливаться передыхать бухнуться 
40487	 быть уже готовый поход поэтому пойти опушка посмотреть распускаться куст черемуха 
40487	 вероятно опушка уже сам понимать что 
40487	 утро они оставлять дом лесной опушка взять направление степной 
40487	 сила солнечный жар сохраняться еще вечерний луч опушка бор обращать запад продолжаться 
40487	 вскоре прилет замечать этот птица лесной сеча опушка 
40487	 конец север заяц последний помет держаться около поле опушка лес 
40487	 конечно дача мой понравиться так как при она быть даже забор стоять она одиноко опушка лес быть вообще неуютно 
16750	 весь комната находиться деревянный лавка опушка многий расписной стол 
40487	 это быть почти опушка большой лес мелкий 
16750	 ранний утро тетерев глухарь быть дерево бекас располагаться внутри куст вальдшнеп опушка ходить мороз 
40487	 пятый картина мраморный колонна надеваться чехол древесный кора превращать они ствол сосна тот лес опушка который происходить дуэль 
40487	 доезжать верста полтора станция опушка сосновый лесок красногвардеец велеть кучер 
16750	 черный серый опушка нагольный полушубок расстегнуть 
40487	 бой деревня волк батальон полковник моравский выпадать доля лоб атаковать опушка лес мешок входить позиция 
40487	 дружный торжествовать ура загреметь опушка лес 
40487	 приносить только один бекас вальдшнеп находить опушка лес возле озимь 
40487	 сидеть целый час под елка потом быстро обходить часть опушка озимь опять забираться под 
40487	 обходить лес вдоль линия посмотреть опушка зубча озимь вернуться 
16750	 вот энт самый шапочка котиковый горностайный опушка серебрецо подавать при деньги 
40487	 однажды утро когда весь мужчина быть охота женщина заниматься растирание корень маниок который они делать опьяняющий напиток каширь проходить окраина селение услышать стон шалаш стоять одиноко самый опушка лес 
40487	 выходить петр кирилович лесной опушка перекрещиваться 
16750	 словно зайти гость назад опушка сквозь еловый гуща потерять дорога 
16750	 светлый над опушка бить месяц река 
40487	 сойдясь все опушка лес лагерь видеть 
40487	 над опушка полный блистать луна поглядеть как 
40487	 там опушка какой-то старый лес машина потерять 
40487	 опушка тот самый лес где несколько 
16750	 тут опять опушка распевать множество птица вихорь 
40487	 когда солнце восходить уже начинать пригревать вылетать лунь становиться охотиться мышь лунь ошибаться земля весь быть покрывать корка лед нечего делать садиться опушка хвойный лес прямо сугроб 
40487	 прямо опушка болотный овраг зарастать кустарник орех 
40487	 русский корпус быть обходить разбивать северо-западный опушка августовский лес 
40487	 потянуть пик старик расстилать халат мирно спать под дерево опушка подкладывать под голова мягкий шапчонка 
40487	 она представлять себя как появляться опушка шагреневый рубаха красивый стройный 
40487	 увидеть маленький часовенка опушка лес сырой болотистый местность 
16750	 следователь шуршать страница пересказывать дело кривой отравлять собака выводить четыре лошадь опушка его увидеть охотник погнаться 
16750	 попрощаться березка дорога опушка роща 
40487	 тот берег возле опушка никольский лес заблестеть тускло огонек 
40487	 через несколько день артамонов младший проезжать застаиваться лошадь увидать опушка лес жандарм нестеренко шведский 
40487	 вдруг опушка лес из-за небольшой бугор показываться 
40487	 проходить мимо они зажимать под мышка свертывать полотенце быстрый шаг направляться опушка лес там частый тонкий 
40487	 махнуть рука охота становиться опушка лес возвращаться домой 
40487	 бежать опушка пересекать поляна два след товарищ 
40487	 холм холм обнюхивать заячий жировка зелень перебегать соловей взлаивать когда замечать что след все свежеть близиться все близиться опушка лес спускаться болото 
40487	 вот теперь надо походить опушка возле зелень высыпать 
40487	 семен закричать загикать хлестнуть лошадь повозка подпрыгивать ухаб понестись мелькнуть опушка лес какой-то придорожный изба лошадь 
40487	 быть похожий загнанный зверь который охотник затравливать угол лесной опушка все еще верить 
40487	 побросать кувшин мальчик девочка бежать поляна многие уже скрываться опушка лес 
40487	 прежде здесь быть пустыня который хотеться отгораживаться теперь красивый луг окаймлять волнистый линия лесной опушка 
40487	 подле небо ликовать пара сарыч несколько раз пролетать опушка лес гуран неистово кричать словно 
40487	 прямо снег семен проходить опушка 
40487	 стоять пенек опушка садиться семен 
16750	 около четыре час день полк останавливаться ночевка тнистый липовый лса спускаться степь глубокий балка линь коновязь лагерь вытягиваться вдоль опушка его десяток четыре казак приниматься 
16750	 самый опушка вид крест лежать 
40487	 приготавливать ружье путешественник осторожно подходить опушка увидеть поляна большой 
40487	 так как возле озеро топливо быть проходить вдоль ручей вытекать опушка лес вблизи который располагаться под 
40487	 вернуться опушка кустарник путешественник направляться вдоль она 
40487	 вдоль опушка они подкрадываться ползком сначала 
40487	 этот время макшеев давно уже наблюдать опушка лес восклицать 
40487	 когда они почти достигать опушка слева они быстро взвиваться 
40487	 случаться так что этот время лес собираться мужичок соседний деревня поворовать дрова бежать впереди встречать мужик опушка мужик сани выкидывать лошадь 
40487	 опять пускать голубка карьер догнать они уже опушка блеснуть сабля очерчивать звенящий круг 
40487	 так спокойный шаг доходить опушка 
40487	 заяц козел вверх как стрела вдоль опушка лес 
40487	 берег гол темный над чернеть сонный лохматый лес мертвящий свет луна трогать голубой взрыхлять сугроб опушка 
40487	 опушка отчаянно застучать пулемет тот 
40487	 доходить опушка лес так как 
40487	 опушка лиственный лес что около болото 
16750	 тут опушка дубовый роща немного отдыхать 
40487	 опушка лес речка нагораживать целый 
40487	 курган открываться плац песок под полуобгорелый ржавый крепость оставаться древний степной царство там знамя серый квадрат батальон зыблиться под ветер как поле опушка изба кольцо тесниться глазеть народ 
16750	 простой вещь дамский суконный ботик кожаный подошва простой заячий опушка вот посмотреть как 
40487	 лесной опушка подле обсаживать ветла дорога пылать 
40487	 так блуждать опушка незаметно приходить 
40487	 идти выползать опушка какой-то обрывок 
40487	 над изжелтый зеленый гладь луг мимо выпуклый вышивка лесной опушка клок разрывать канва проселок 
16750	 забывать нести глаз память дорога угол опушка некоторый ровно расплескивать нести 
40487	 осень дача под петербург опушка лес полянка над овраг воздух 
16750	 рябой маленький старуха ковш святой вода ходить опушка уголек обрызгивать идти 
40487	 тихо плакать опушка просека баба 
40487	 полк зашуметь куст трава лесной опушка рысь становиться выходить 
40487	 патруль доносить господин полковник сказать подходить хоперск что опушка лес лес рассыпать 
40487	 павлик ника пойти лес опушка они ожидать двое юноша 
16750	 ника после долгий пауза сказать таня широко раскрываться глаз будто два синий василек глянуть черный опушка длинный ресница ника что 
40487	 другой конец рассыпаться цепь опушка затаиваться лес охранять свое 
40487	 командир первый батальон усольский полк полковник бороздин доносить что вследствие открытый позиция второй третий четвертый рота терпеть большой потеря человек потому просить либо разрешать бросаться опрокидывать дерзкий враг либо отходить опушка 
40487	 подходить опушка лес дача даша 
40487	 противник разбитый подавлять предыдущий бой оказывать слабый сопротивление ночь прикрываться арьергард отходить ставрополь октябрь мой часть подходить ставрополь вечер закрепляться опушка лес запад город 
40487	 гореть неподалеку опушка лес какой-то вещевой склад 
40487	 сухой снег как мелкий сахарный песок метель сметь овраг опушка лес поле открытый обледенелый 
40487	 ная опушка лес быть огромный сумет 
16750	 хохол опушка заяц кинуться дорога опять 
40487	 жизнь это борьба бессмертие опушка старый лес покрывать как щетка 
40487	 ехать ночь обратно смордва оттуда далеко опушка лес 
40487	 много вырубать для военный надобность быть они проклятый голый опушка торчать пень 
40487	 въезжать лес обстрел снаряд шаг бесконечный кружение опушка 
40487	 опять нерешительный день опушка лес майдан 
40487	 наш товарищ пойти казарма отделяться другой направляться опушка лес где пилить дрова 
40487	 дрова берег выносить плечо сажень опушка лес вдоль который проходить железнодорожный 
40487	 два неделя наш прибытие мудьюг июль время этот работа когда партия заключать находиться верста тюрьма опушка лес трое каторжанин дмитрий варфоломеев 
40487	 повертывать опушка мимо северный сторона лес тень 
40487	 выходить опушка лес там уже все 
40487	 епифаныч торопливо обходить рожь зашагать опушка туда где последний раз мелькнуть 
40487	 опушка лес увидеть еще какой-то 
40487	 опушка лес стоять старый разваливаться фанза 
40487	 сначала они бродить опушка лес когда ночной мгла 
40487	 едва вступать опушка лес как сразу наткнуться 
40487	 через несколько минута увидеть олень пробежать опушка лес 
40487	 опушка сонный лес бродить дикий зверь 
40487	 луч заходить солнце обливать луг лес сгущать желтизна опушка лес тянуться вечерний тень 
40487	 освещать луг вдоль лесной опушка двигаться всадник 
40487	 иногда туманный осенний вечер проходить вдоль опушка лес шуршать омертветь лист подбирать 
40487	 грохот треск нестись окружной гора задымиться лесной опушка нельзя быть понимать как 
40487	 брести опушка лес все приглядываться 
16750	 выбегать кот опушка оттуда домой дорога прямой 
40487	 тот время взвод наш легкий батарея выдвигаться опушка лес прямой наводка расстреливать 
40487	 маас француз рядом контры атака отбрасывать неприятель северный опушка лес кайетт север 
40487	 французский войско между уаза эном уничтожать неприятельский блокгауз опушка лес урскать 
40487	 незаметно подходить опушка лес который быть располагать 
40487	 прогулка быть вверх алексей играть опушка лес покататься 
40487	 стоять как дерево опушка лес который подходить ураган 
40487	 лес приходить рассвет налаживать снасть развешивать манок ложиться опушка лес ждать когда прийти 
40487	 жить опушка лес истина жить вон 
40487	 это отвечать старый сказка лисица встречать опушка лес заяц заяц лететь сломя 
40487	 занимать западный опушка лес фурго неприятельский траншея 
40487	 артуа атака германец против западный опушка лес живанш отражать 
40487	 после занятие иллукст германец пытаться развивать свой наступление быть останавливать опушка лес восточнее иллукст 
40487	 фронт эна между вилль буа легодая шампань западный опушка аргоннский лес происходить сильный артиллерийский 
40487	 наш полк стоять недалеко лес опушка который занимать немец 
40487	 наш задача состоять чтобы запячивать опушка лес 
40487	 для чтобы выбивать немец опушка лес надо быть занимать все 
40487	 расставлять человек опушка велеть поддерживать огонь 
40487	 четыре унтер-офицер тот число выпрашивать поручик разрешение зайти болото потом опушка лес фланг германец 
40487	 маленький отряд располагаться невдалеке лесной опушка 
40487	 новый рад стараться вырываться молодецкий грудь час поздно одевать ситцевый крестьянский изрядно помять рубаха наскоро перешивать они штаны доставаться солдатик после поимка два австрийский шпион простоволосый умышленно растрепывать голова бог весть откуда добывать онуча игорь милица стараться производить возможно мало шум извиваться как змея между бугор холмик тянуться цепь вплоть самый деревня занятый неприятель выползать поле пустырь из-под прикрытие лесной опушка несколько пара вооруженный бинокль глаз 
40487	 успевать еще доскакивать лесной опушка игорь как незаметно подкрадываться сон 
40487	 центр после упорный бой удаваться утверждаться опушка лес район деревня адамов 
40487	 недавно опушка лес десять сажень 
40487	 этот время русак набираться шерсть подрастать молодой сейчас заяц держаться лесной опушка много также наблюдаться заяц 
40487	 лесной опушка среди мелкий ельник выстраивать площадка 
40487	 пустынно опушка олимп газовый лес для 
40487	 все это сделать странный чуждый природа звук который разнестись замирать опушка лес 
40487	 опушка лес собирать крупный душистый клубника 
16750	 мужик этот самый говорить кучер говорить ступать опушка тут быть стоять 
40487	 больной собака уходить двор искать межа лесной опушка какой-то тонкий лишь вести 
40487	 вот здесь под открытый небо опушка это сказочно прелестный лес 
16750	 игорь северянин верить вера без дело мертвый его поэзной брошюра залп мусор опушка 
40487	 хорошо быть сидеть опушка лес слушать друг друг 
40487	 повиноваться какой-то неопределенный чувство веригин вместо чтобы выступать опушка показываться тихо останавливаться между 
40487	 она захлопать отсыревать ночь крыло неуклюже полететь вниз вдоль опушка 
16750	 белый березка опушка лежать огненный пятно ярко 
40487	 корова дремать припек опушка галка садиться они 
40487	 маша всхлипывать кинуться бежать исчезать опушка 
40487	 перед полдень она уходить дом стоять опушка лес прислушиваться лесной голос 
40487	 вот однажды стоять полдень опушка лес услышать турандин громкий зов 
40487	 ласково глянуть андрей королевна сердечно поблагодарить она оглядываться пойти опушка 
40487	 исчезать тщедушный хрупкий девушка лесовичка вместо она большой хрустальный озеро образовываться лесной опушка 
40487	 как-то раз гулять опушка лес королевна быть поражать непривычный 
40487	 крестьянин садиться чирок бебкеева опушка казенный лес пять верста 
40487	 больший труд пробираться через она опушка лес 
16750	 видеть бархатный манто весьма мало отличаться наш крестьянский тулуп видеть костюм для гуляние целиком воспроизводить костюм древний русский кравчий его соболий опушка широкий парчовый пояс 
40487	 никто давать первый матерый заяц сидеть опушка подкрадываться выстреливать кубарем заяц 
40487	 оказываться что она видеть как она проходить мимо опушка наш роща дорога 
16750	 стоять бывало где-нибудь опушка или просека ждать 
40487	 лесной стена останавливать морской ветер стягивать они опушка гущина прямой ровный 
40487	 пас помещичий свинья опушка лес вблизи наш дагобен 
40487	 этот время опушка лес раздаваться выстрел направлять 
40487	 сыто обвисать ветвь ель сонно глядеть ворона побоище стоить пошевелиться садиться бревно как весь опушка оглашаться торжествовать крик дурак 
40487	 прощание погрозить ворона густо обседать опушка терпеливо ждать когда 
40487	 пойти далеко опушка покрикивать свой 
40487	 один они случайно бросать взгляд ближний опушка остолбенеть 
40487	 заскрипеть старый сосна опушка выезжать верхом вепрь страшный 
40487	 хорошо быть бросать опушка скрываться лес пешком 
40487	 через минута сосновый опушка ложиться перекрывать трасса 
40487	 солнце близиться закат обычный таежный глухомань предпочитать светлый опушка представлять себя как завтра трудно 
40487	 два десяток шаг опушка лес наш взор открываться жуткий 
40487	 добежать опушка она останавливаться тяжело дышать 
40487	 там допускать быть огромный луг волчица дочка уходить лес опушка матерый атаковать олень гнать 
40487	 еще быть темно когда подходить опушка 
40487	 весь инструмент непонятный для приспособление слагать ящик вывозить такси лес как пикник просто оставлять опушка 
40487	 через пара день баба маруся отводить его клочкастый неприглядный впадать бок опушка украинский лес пристрелить 
40487	 опушка поляна чусовая пересекать провод лэп 
40487	 несколько парочка студент располагаться там здесь опушка 
40487	 расти василисник обычно опушка лес обочина дорога или 
40487	 что это просто опа опушка обыкновенный 
40487	 почекиваться тут открытый место высовываться день это опасный предупреждать мужик когда они выходить опушка 
40487	 однажды еще самый начало свой батрачество пани малицкий костя повстречаться опушка лес куда ходить жердь 
40487	 оказываться опушка лес который идти дорога 
40487	 производиться наблюдение поляна опушка лес 
40487	 выходить открытый место дальний хутор неподалеку красный дача зашагать радуга стоять земля перед лесной опушка чтобы входить цветной врата 
40487	 быть белый кролик опушка среди цветок 
40487	 все равный тянуть лес опушка просторный голубой небо над 
40487	 сложно перечислять весь ассортимент растение который использовать для создание опушка упоминать лишь что быть высаживать 
40487	 расти опушка поляна сырой лес 
40487	 постоять опушка поминать емельяна еремеевич миронов 
40487	 опушка берег речушка неандерталец счастливый 
40487	 справа тянуться неширокий асфальтовый дорога чуть далеко опушка между осина просматриваться крохотный въезд 
40487	 проходить около километр выходить опушка 
40487	 здесь опушка вырывать могила обычно неглубокий ниже 
40487	 опушка незаметно для себя становиться называть 
40487	 надо быть максимально тактично вписывать зеленый треугольничка опушка парк 
40487	 лада умчаться далеко направляться опушка лес где стоять домик 
40487	 продрогнуть обессилевать наконец сваливаться под сосна опушка большой поляна 
40487	 опушка выпас открываться занести снегопад 
40487	 они свертывать пустынный улица выходить опушка лес 
40487	 вдохновлять атлас толя решать написать заданный лето сочинение про дуб который расти опушка мост там где кончаться 
40487	 когда выходить опушка уже вечереть она сразу 
40487	 словно пушка опушка учинять расстрел 
40487	 понимать что беслан прятаться куст чтобы рисоваться опушка 
40487	 кто-то наш командир уже бежать вдоль опушка кричать стонать прицел 
40487	 раздвигать рука ветка обомлевать передо свежевыжженный судя запах гарь опушка висеть нечто три четыре метр 
40487	 так они покатиться что вдруг налетать чей-то лиственный домик самый опушка лес 
40487	 затаивать дыхание осторожно пробираться опушка 
40487	 конец день благополучно миновать лес трясина выходить зарастать кустарник опушка 
40487	 генрих шаллер познакомиться лизочка мировой позапрошлый год сентябрь опушка гуськовский лес ровно через три 
40487	 кромешный тьма окутывать опушка лес так быстро что только 
40487	 стоять опушка колышек сотворить весь презренный 
40487	 командир полк геворк азатьян добиваться чтобы могила выкапывать кладбище опушка лес расстрел вести только 
40487	 семенов шагать как правило близко опушка отец метр 
40487	 бодро вышагивать лыжа вдоль опушка красивый березник 
40487	 если вася дух выходить опушка лес закладывать два палец 
40487	 это быть опушка чурсина поворот дорога который 
40487	 они бежать вдоль опушка густой еловый лес самый 
40487	 это быть съяновский опушка сказать александр федорович 
40487	 коняшка тимоха схватывать цыпленок охапка побежать опушка 
40487	 выходить опушка межа садиться там 
40487	 действительно посреди опушка трава стоять настоящий модель 
40487	 поляна опушка который располагаться раненый паника 
40487	 окрестности ясный поляна опушка засека водиться мелочь порядочно 
40487	 разнести озеро капкан выходить опушка который тянуться пустынный савватьевский 
40487	 выходить опушка березняк зеленый дымиться опушаться мелкий 
40487	 дорога туда идти через ржаной поле солнце стоять зенит быть очень жарко свертывать узкий тропочка надежда пробираться она опушка лес тень 
40487	 опушка день ненастный повстречать зверь 
40487	 иметь приказ вон тот опушка останавливать вражеский танк 
40487	 опушка греть скромный апрельский солнце 
40487	 разрозненный туча под слегка изменяться ветер как таять небо становиться весь высоко широкий просторно распахиваться окрестность громада тот самый лес опушка который мать покойница остальной 
40487	 уже проходить вдоль опушка овраг над поле постоять 
40487	 самый выгодный укрытие для орудие можно считать опушка лес куда дорога сворачивать 
40487	 выходить опушка лес спрыгивать песчаный 
40487	 память солдат часто все что лежать низина немец высотка перед деревня немец деревня под горка немец горка болото немец опушка 
40487	 выходить опушка увидеть деревенька несколько дом 
40487	 или время краткий остановка опушка редкий лес вдруг поклониться 
16750	 где-нибудь опушка условный лес ходить курица 
40487	 сначала все подумать что заблудиться вновь выходить опушка 
40487	 танк пойти атака левый берег взвод шиканов первый занимать позиция опушка урочище успевать окопаться 
40487	 вечер занимать городок гадяч пить после бой трофейный ром никитин какой-то беспамятство кричать удивленный командир батарея что это его взвод никитин должный быть занимать позиция опушка стрелять первый шикан 
40487	 директор стоять опушка лес высокий сапог бродень 
40487	 скоро сам ноздрачев вывалиться опушка 
40487	 час через полтора когда все вокруг совершенно стихать погружаться тьма выходить лес опушка увидеть пылать факел гореть 
40487	 оглянуться влево видеть сидеть сторона тропа опушка большой поляна рыжик 
40487	 опушка сразу знак расставлять мол проход 
40487	 возвращаться опушка шилович обдумывать происшедшее 
40487	 только после посадка подходить опушка лес замечать замаскированный танк 
40487	 понимать что совершенно необходимо стрелять куда-нибудь показывать опушка напротив тысяча шаг 
40487	 компрометировать лозинский хотеть потому расставаться опушка 
40487	 еще немного постоять опушка лес перед большой поляна перед 
40487	 знать что опушка укрепляться гитлеровец 
40487	 так след выбираться опушка откуда опять распахиваться вопь 
40487	 выходить поле встречаться опушка ветер 
40487	 бомбовоз стоять старый проседать ангара опушка лес перед далеко простираться 
40487	 иоганн уже идти бежать через поляна темнеть опушка лес где как 
40487	 голубой дымка опушка коралловый лес что-то блестеть 
40487	 когда следователь качушин участковый анискин преодолевать ветер выходить опушка взгляд открываться неожиданный 
40487	 они уже подходить опушка роща как вдруг услышать чей-то 
40487	 потому что весь молодежь этот дача быть хороший семья надо быть тянуться если хотеть жить опушка 
40487	 хорошо нехотя соглашаться юка они подходить опушка шаг двадцать она 
40487	 миновать ветряк околок огибать ржаной массив выезжать опушка густой кустарниковый лес 
40487	 опушка поляна боец что-то посовещаться 
40487	 наконец помотаться над большой лес самолет садиться выходить опушка просека 
40487	 гнать они лес все прибавлять скорость они бежать молча двое раненый среди они бежать стараться отставать опушка стоять человек двадцать пленный бронетранспортер 
40487	 выбираться опушка лес далеко быть луг 
40487	 когда сухопутный корабль длинный мачта палуба ограждать невысокий борт широкий колесо быть готовый моряк элли выкатить опушка лес 
40487	 час через полтора опушка лес начинать отрываться двигаться 
40487	 обо все это холодилин докладывать опушка морозный ветерок 
40487	 закинуть плечо двустволка захватить патронташ хуммель назначать время появляться опушка возле карачаевский старый тракт 
40487	 пойти опушка лес где стоять цыганский хутор 
40487	 погост быть располагать опушка черный лес 
40487	 самый дело опушка лес распоряжаться несколько полковник 
40487	 выезд опушка синцов замечать темнеть впереди 
40487	 наблюдательный пункт помещаться самый опушка лес 
40487	 она стоять один самый край опушка там где лес переходить 
40487	 дак они как встречаться опушка так обо весь забывать хаханьки 
40487	 воспоминание детство кончаться как только выходить опушка 
40487	 замечать какой время какой пригорок опушка лес какой полянка распускаться 
40487	 судьба благоволить выскочить опушка большой поляна 
40487	 впереди опушка зеленый стена кедр переплетаться 
40487	 выходить опушка садиться повалить дерево 
40487	 тэдди стоять опушка приподниматься задний лапа 
40487	 вслед жердяй мальчик огибать опушка углубляться лес 
40487	 точка отмечать многочисленный след оставлять тропинка где они затаптывать чистый снег опушка лес вокруг тот место где 
40487	 длинный тень опушка лес темный полоса ложиться 
40487	 фельдшер ангеляр приводить опушка два санитар носилки 
40487	 оттуда глубокий опушка лес все еще сверкать огонек 
40487	 батальон верховский болотина пояснять лозневый оседлывать большак быть держать немецкий колонна быть стоять центр между большак этот вот высотка опушка лесков 
16750	 опушка леска оба сторона дорога 
40487	 наш артиллерия перенести огонь глубина оборона противник над опушка лес взлетать красный ракета вперед 
40487	 стая тетерев косач лететь кормиться опушка поляна где всегда много 
40487	 леди эллен прогуливаться пешком вдоль опушка меткий выстрел дробовик подстреливать 
16750	 самый опушка живой лес лежать снег 
40487	 пока барахтаться залинь уже вылезать болото быть возле опушка 
40487	 понуро стоять опушка есть опускать как мрежа ветвь 
40487	 быстро повертывать пойти тропа короче приказывать через полчаса они выходить опушка верста быть видно несколько 
40487	 они стоять опушка густой пихтач высоко над пасека 
40487	 сейчас быстрехонький сказать кузьма побежать опушка кедровник 
40487	 саргсян добежать опушка взять партизан свой автомат 
40487	 умело запутывать след потом поводить партизан себя хутор стоять под гора опушка лес 
40487	 весь они сидеть опушка роща плоский тереть сухой лист 
40487	 рассвет группа лейтенант артюхов выходить опушка лес 
40487	 движение наш пехота должно быть самый просека опушка лес глубина 
40487	 борьба лесной поляна следовать исходить необходимость захват опушка лес глубина 
40487	 россия ваш старший любимый сестра вручать святыня услышать этот большой поляна опушка лес ваш священный клятва что 
40487	 передний край оборона горный лесистый местность обычный относиться несколько глубина лес или избираться перед опушка командующий над она высота 
40487	 один такой утро сергей ванюшка забираться сарай стоять опушка лес 
40487	 топазовый волна медленно набегать зеленоватый песок верхушка они почти достигать опушка небольшой рощица темно-зеленый дерево 
40487	 выезжать опушка чахлый еловый поросль 
40487	 опушка кустарник двигаться дивизионный начальство 
40487	 когда они выходить другой опушка лес перед они раскидываться открывать 
40487	 когда пересекать рощица выходить опушка савельев увидеть сначала сгорать немецкий 
40487	 они стоять опушка уже лишать маска готовый 
40487	 при наступление населенный пункт или большой лес минометный рота батарея использоваться централизованно захват пехота окраина населенный пункт или опушка лес после что придаваться стрелков 
40487	 начало наступление витовка часть дивизия выходить рубеж зап опушка роща садиться 
40487	 усиленный рота утро вести боевой разведка исход день выходить опушка лес южн совх 
40487	 выходить район павловский половецкий подготавливать оборонительный рубеж сара зап половецкий опушка лес 
40487	 быть сообщать что северный опушка августовский лес двигаться боковой авангард 
40487	 опушка должно быть солнце греть вовсю 
40487	 германский корпус встречать русский который быть как знать севернее без бой входить гольдап откуда поводить наступление мелькемен где также русский быть корпус вступать бой русский корпус занимать опушка местный лес северо-восточный буддерн получать 
40487	 стоять опушка рощица как стоять здесь 
40487	 февраль противник поводить атака позиция цемноший который быть отбивать артиллерийский ружейный огонь ночь противник повторять атака занимать цемноший который быть сжигать обстреливать огонь крепостной артиллерия землянский полк занимать окоп опушка лес схема пунктир 
40487	 выходить так-то зорька еще солнце показываться шмыг шмыг роса опушка свой лес так шнырять 
40487	 конец бульвар зазеленеться опушка бор пестрый портик недавно 
40487	 пашка повертывать голова пристально посмотреть опушка 
40487	 морщиться ухмыляться опушка мыло захватить ноздря крутить 
40487	 расти опушка жизнь быть некуда торопиться 
40487	 вот выходить опушка лес перед 
40487	 проходить час выходить лес опушка который стоять кош 
40487	 подержать вожжа верка спрыгивать пойти опушка 
40487	 один прекрасный утро просыпаться видеть опушка лес смотреть двое 
40487	 чуть отдых гарась выходить опушка прилежно обнюхивать воздух 
40487	 они проходить аллея держаться снежный полоса вдоль опушка нога прилипать вязкий глина 
40487	 стреноживать лошадь кормиться опушка прибиваться дым искать защита 
40487	 большой русский драматург островский отрешаться свой бытовой тяготение выходить опушка лес сыграть самодельный свирель 
40487	 просека расти опушка обкладываться ворох сушняк верховой ветер 
40487	 ведерников как будто нападать юрка защищаться штаб выходить опушка ребята столпиться вокруг 
40487	 так они идти засветлеть вдали опушка 
40487	 весь дальний опушка поляна быть заполнять олень 
40487	 олень медленно приближаться опушка ход пощипывать ветка 
40487	 совсем неожиданно оказываться вдруг опушка 
16750	 небольшой стадо корова лениво нехотя отрывать клочок старый трава медленно двигаться вдоль опушка 
40487	 максим степаныч раздаваться снаружи дозволять оглобля жердина опушка сыскать хряпнуть полпути хоть 
40487	 откопать свой вещь взваливать они телега довезти опушка лес 
40487	 выходить опушка саша жадность вдыхать 
40487	 фон еловый молодняк опушка озеро стоять старый согбенный 
40487	 выходить опушка лес благо никто 
40487	 простак толстый журнал лес как быть купить ляпис небольшой поэма опушка 
40487	 мишутка стоять опушка перебирать пальчик немудреный лад 
16750	 затериваться лес где-нибудь малинник вышивать крапинка ковринка конский крупа тогда мишутка пересчитывать все стадо находить недостача кинуться опрометью лес недолгий время разыскивать где-нибудь неподалеку опушка свежий отава телка или 
40487	 весь трое оказываться хороший ходок еще короткий крымский сумерки подходить опушка большой лес 
40487	 сравнивать деревцо стоять опушка вырастать среди насаждение 
40487	 укладывать ромка подсвистывать матка она стоять опушка пять шаг смотреть 
40487	 брать из-за дверь ружье идти бродить опушка 
40487	 замечать петр кирилович как входить большой дорога опушка 
40487	 таежный опушка отряд подходить суровый 
40487	 огромный палатка край удлинять быть располагать опушка маленький роща 
40487	 далеко ольховка притыкаться опушка никольский лес ударять несколько раз 
40487	 недалеко опушка жиган догнать подвода нагружать мука 
40487	 выходить опушка разделяться два партия 
40487	 скоро опушка ярик останавливаться под дерево крепко 
40487	 один отножина упираться опушка казенный лес 
40487	 лисица когда проезжать автомобиль выходить опушка поглазеть вильнуть хвост юркнуть 
40487	 заяц проскакивать опушка воробей взлетать свист 
40487	 опушка ближний вор становиться видно 
40487	 огибать поляна опушка лес охотник немного приближаться 
40487	 достигать этот поляна останавливаться опушка потому что собака становиться ворчать 
40487	 пржепельский надуваться разглаживать отводить вебер опушка предлагать поступать труппа 
40487	 лазарет помещаться окраина город опушка большой лес самый река 
40487	 вот так значит этот опушка идти без дорога 
40487	 когда выходить опушка поле кажется светло 
40487	 быть опушка лес осеянный золотой луч заходить 
40487	 только достигать опушка она понимать что она 
40487	 изучать флора волынский губерния много вырубать вырубать опушка остаток война проволока белый окоп 
40487	 один конвоир рассказывать потом что когда бежать обнаруживать лес они выходить опушка лес намерение сдаваться 
40487	 наконец показываться просвет вслед выходить опушка лес 
40487	 идти выходить опушка дом наш бузимовский 
40487	 когда выходить опушка лес везде стоять глубокий 
40487	 полевой лазарет потом узнавать что весь немецкий окоп быть занимать опушка лес быть освобождать неприятель 
16750	 она лежать дорога перед самый опушка 
40487	 тройка ореховый лошадь разукрашивать дорогой сбруя стоять опушка 
40487	 воронье бесприютный по-осеннему ночевать опушка желтый жнивий 
40487	 вдруг опушка хлеб рожь дорогой 
40487	 потом выходить опушка пойти поле 
40487	 каждый раз доходить опушка откуда сквозь тоненький решетка березовый 
40487	 крошечный отряд теряев выезжать опушка лес вдруг эхо резко 
40487	 долго идти они лесной тропинка идти тот пора пока становиться редеть лесной чаща завиднеться опушка замелькать сквозь дерево изба 
40487	 июнь час утро близ станция обираловка московский нижегородский железный дорога лес при село савин убивать молния пастух этот село его собака скрываться гроза под ель опушка лес 
40487	 выбирать самый высокущий сосна опушка низко отвешивать она поклон 
40487	 зеленый трава цветок первый покрывать свежий порубь теперь они должный быть отступать берег река лесной опушка потому что густой заросль 
40487	 поздний осень кое-где опушка рдеть гроздь калина обыкновенный калина 
40487	 через пять минута мой влажный абсурдный телодвижение организм выезжать опушка 
40487	 лика смеяться бежать через поле сторона опушка 
40487	 пустобрешничать душить только цыпленок кур через пара месяц отправляться опушка компания баба маруся 
40487	 опушка два пантера расправляться кабарга 
40487	 основной состав разведгруппа втягиваться лес только после как опушка осматривать дозорный 
40487	 убеждаться опушка стоять замаскированный танк 
40487	 хороший для создание опушка древесно-кустарниковый композиция 
40487	 диво даваться какой точность движение какой знание тропинка опушка 
40487	 тогда опушка пойти там уснуть 
40487	 уходить опушка рощица где черный марево 
40487	 дорога идти подъем опушка лес отодвигаться 
40487	 когда вновь выбираться опушка вытекать слева куда-то деваться 
40487	 сделать первый стежок поскольку нитка быть длиннющий вахмурка выскочить игла поляна пойти опушка лес потом обратно дом 
40487	 отправной точка маленький наш экспедиция быть выбирать палех лежать два десяток верста опушка лес 
40487	 опушка быть старуха что-то неуютно как 
40487	 упасть даже останавливаться лишь круто повертывать бежать теперь опушка огибать поляна 
40487	 степанида знать что опушка корова повертывать сторона бараний 
40487	 выбирать место ровно близко опушка пойти посадка 
40487	 как только скользнуть вдоль опушка дробь пулемет хлопок малокалиберный 
40487	 всадник выезжать опушка натолкнуться сторожевой пост 
40487	 впереди кустарник увидеть ветхий крыша два какой-то строеньице длинный тонкий журавль понимать что перед один хутор что выходить опушка лес рано чем следовать 
40487	 уже выбираться наверх сам опушка зеленый заросль замечать желтеть 
40487	 гошка вовсе хотеть жить этот опушка надя хотеть 
40487	 они мягко огибать опушка иногда как образовывать залив 
40487	 правда сверху очень далеко видно весь поле опушка лес пожалуй ледоход 
40487	 выстраивать пушка опушка глухой белогвардейский ласка 
40487	 что принимать сначала просто темный провал опушка быть стоять задний лапа 
40487	 конвоир ходить они расстреливать опушка потом рассказывать что один 
40487	 полковник танкист право самый энергичный оказываться здесь человек распоряжаться весь другой стоять опушка лес замаскированный ветка палатка 
40487	 потом неторопливо пробежать луговина пойти опушка нырнуть овраг скрываться 
40487	 полный темнота пойти далеко выходить опушка оттуда чавкать нога 
40487	 они стоять затаивать дыхание они чудиться таинственный звук шорох осторожный шаг хруст ветвь шепот человек казаться что какой-то тень двигаться поле опушка меж дерево 
40487	 останавливаться ночлег подножие холм опушка редкий лес кривой ствол 
40487	 никто шевелиться никто стонать несколько конь пастись опушка тайга другой видно быть 
40487	 если пробираться опушка тайга вправо перевал 
40487	 самый дело показываться кухня она останавливаться опушка лес когда помкомвзвода дубровка выстраивать 
40487	 прозвучать бас педро шагнуть опушка берег как только затихать 
40487	 ползти опушка зараз видеть немец часовой 
40487	 юноша все еще стоять опушка провожать они взгляд 
40487	 группа оказываться опушка лес линия железный дорога 
40487	 река песчаный дорога пойти опушка сосновый лес 
40487	 передний край главный полоса оборона обычно проходить впереди опушка лес или относиться несколько 
40487	 передний край главный полоса оборона обычно проходить впереди опушка лес или относиться несколько 
40487	 рассвет день рассвет год все равный опушка лес являться убежище жизнь 
40487	 интересный быть когда немец идти последний контратака она идти тот пятьсот немец что лежать сейчас под снег опушка лес 
40487	 полк предстоять сначала ночь проходить около узкий занести снег лесной дорога что должно быть потребовать около час затем скрытно развертываться опушка лес атаковать 
40487	 побежать вперед опушка коралловый заросль 
40487	 потом все это немножко приглаживаться поле как поле темный опушка лса 
40487	 один стычка опушка лес когда солдат пойти 
40487	 перепрыгивать через канава который отделять поле лесной опушка пойти лес входить 
40487	 опушка овраг вспархивать вальдшнеп петя уверять 
40487	 баклан повертываться обратно чуть налетать левинсо выезжать опушка 
40487	 после дупель выходить лес опушка тетерев тут они 
40487	 налюбоваться вдоволь озеро пойти далеко огибать поляна близко опушка 
40487	 ночлег останавливаться опушка большой поляна слагать котомка 
40487	 останавливаться среди куст опушка путешественник увидеть что поляна 
40487	 хорошо быть жалкий избенка опушка тайга чем этот дворец 
40487	 опушка луг стоять явно агрессивный 
40487	 свой снаряд тоже мчаться из-за опушка над самый голова все 
40487	 конный казак обнаженный шашка стоять кое-где вдоль опушка лес 
40487	 выезжать опушка чтобы повертывать направо караулка постоять 
40487	 опушка стоять келья среди они 
40487	 стоять опушка заливать жара лес 
40487	 веригин как давеча постоять опушка подходить 
40487	 как выезжать опушка так темно темно сани 
40487	 заповедный лес перед широкий поляна выстраивать быть охотничий домик туда приезд удаляться князь скворцалупов псарь полукруг становиться опушка готовить собака 
40487	 один поворот дорога сторона опушка замечать алпатов сырой лесничий 
40487	 черный лес гудеть крутить вихорь свистеть вьюга пушить снег когда солдат иван подходить опушка громко крикнуть 
40487	 выгодно выбирать место некоторый удаление опушка использовать возвышенный место или участок 
40487	 создание ветроупорный опушка устойчивый ветровал 
40487	 весь осень они кочевать лес поиск рябина лететь она сад правда обычно ранний утро опушка пинькать зяблик иной старый самец 
40487	 через несколько неделя сумасшедший поход выходить опушка великий южный лес 
40487	 послушать только как сторонник самостийность каждый лесна опушка костить теперь либерал 
40487	 ребенок лазить мертвый живой ствол девушка задумчиво среди они прогуливаться опушка стоять седой человек морской 
40487	 начальный вариант генеральный план поселок жилой дом весь вид благоустройство располагаться один ряд опушка сосновый лес отдельно размещаться группа 
40487	 большой куст можжевельник опушка стоять исполинский лось 
40487	 опушка сосновый бор равнодушно тихий мрачноватый 
40487	 опушка сосновый бор выскочить настоящий черт 
40487	 самый опушка лес виднеться домик среди они 
40487	 лето хороший погода политзанятие проходить обычно помещение опушка небольшой рощица сторона 
40487	 проходить околица опушка сосновый бор 
40487	 опушка стоять два большой палатка 
40487	 ничего как будто меняться выходить поезд тащить продукт пролетать мимо черный машина чем близко опушка лес где стоять дача 
40487	 опушка быть попортить пробивать прореживать 
40487	 мой родной ясно простота переживать посылать испытание сейчас мой досуг омрачаться мысль твой состояние когда вечер выходить опушка сосновый лес который стоять 
40487	 давно уже немецкий танк форсировать днепр батарея который командир орудие служить сержант беличенко все еще стоять опушка вековой сосновый бор западный 
40487	 исследовать ручей болото овраг потный луг опушка глухой место 
40487	 дорога идти сначала берег потом опушка лес затем круто повертывать 
40487	 солнце стоять еще высоко батальон наш полк уже атаковать кухня что дымиться вдоль весь опушка сосновый лес 
40487	 крадучись спотыкаться пойти через лесок подходить опушка разом останавливаться над горизонт 
40487	 среди они два портрет работа перов пейзаж опушка шишкин 
40487	 усадьба идти малоезжий дорога лесной опушка стоять бревенчатый дом резной 
40487	 длиннохвостый сорока часто махать коротенький крыло полететь опушка луг глубина 
40487	 так добираться опушка лес останавливаться изумление 
40487	 тут березник дед фишка помогать ребятишки отыскивать десятка уже застарелый груздь повторять еще раз свой наказ провожать они опушка лес 
40487	 решать писать замок сторона лес выбирать место опушка маленький сторожка который 
40487	 медленно переставлять нога одеяло опадать лист засыхать трава пойти сергей опушка рощица вдоль железный дорога 
40487	 батальон мочь оборонять лес иметь передний край впереди опушка или располагать глубина 
40487	 отъезжать верста пять останавливаться опушка лес 
40487	 наутро оказываться что наш лагерь поставлять очаровательный место опушка старый сосновый лес недалеко 
40487	 злорадно подумать ефимка заскакивать опушка негустой рощица 
40487	 назимов ласкин идти берег вдоль опушка 
40487	 можно возле следующий будка тогда дорога пойти опушка дубровка потом глухой 
40487	 конец вальдшнеп выводка выбираться сырой опушка овраг потный луг 
40487	 затишинка куст опушка как нагонять мой 
40487	 опушка стоять розовый клуб прилесной ольха 
40487	 идти устанавливать нога уминать снег чтобы проваливаться так грех пополам добираться весь опушка фон голубой небо быть 
40487	 вечер сидеть песчаный холм опушка сосновый роща прослаивать береза 
40487	 опушка стоять спина ель каждый 
40487	 когда выезжать чтобы повертывать направо кто-то среди дерево опушка что-то делать лежать красный солнце 
40487	 уже там далеко опушка сосновый бор сидеть камень 
40487	 песчаный дорога перевалить сыпучий косогор вот опушка стрельчатый молодой елка аспидно синий 
40487	 переделкино останавливаться опушка лес где дорога спускаться 
40487	 идти идти тульский дорога мимо молочный ферма затем вдоль опушка лес называться городской вступать 
40487	 если сходить поезд второй станция раздор левый сторона движение проходить через сосновый бор утоптанный дорожка опушка открываться поле 
40487	 опираться карабин поплестись тыл вдоль опушка который недавно идти 
40487	 мохнатый непроницаемый опушка светлый заливать солнце сосновый бор 
40487	 затем храбрый воинство отводить опушка лес перестрелять 
40487	 колыхнуться далекий куст опушка осторожно выскальзывать двое 
40487	 тут уже всюду покосить быть под лес опушка оставлять там далеко начинаться 
40487	 закомалдин пожалеть поводить бор опушка бродить тень сосна пахнуть горький 
40487	 останавливаться опушка лес облюбовывать один дерево 
40487	 солнце стоять уже довольно высоко когда добираться опушка который открываться давешний болото 
40487	 опушка поляна останавливаться компания парень 
40487	 глубина большой луговина опушка стоять наш хутор изба лесник 
40487	 тут увидеть опушка бревенчатый дом сразу 
40487	 смотреть хамурский там возле опушка что-то двигаться 
40487	 потом опушка сумрак который под светлеть 
40487	 потом она пойти один вернуться оставлять незамеченный куст опушка 
40487	 она машинальный подымать разминать рука неожиданно для себя самый торопливо побежать через опушка деревня 
40487	 дорога тянуться весь время холм перелесок вдруг опушка сосновый бор круто кинуться вниз 
40487	 начинать подкрадываться куст вдоль опушка вдруг поравняться рощица 
40487	 доскакивать опушка как увидать талдыкин приготавливаться 
40487	 раздаваться команда пеший строй выходить залегать гребень зорко наблюдать опушка лес 
40487	 кирилл решать обходить луговина опушка возвращаться 
40487	 наконец слева позади оставаться арский кладбище останавливаться опушка лес 
40487	 как хотеться вернуться пыльный душный город представлять себя цвести луг опушка лес россыпь ромашка 
40487	 третий день они останавливаться опушка один прогалина 
40487	 пока срезать один вереница увидеть новый там там весь опушка знать что смотреть 
40487	 разведчик наблюдать опушка замечать погоня залегать собираться 
40487	 старик стаскивать постель отводить опушка расстреливать 
40487	 парень девчата опушка закружиться пара 
40487	 никто они опушка один жертва 
40487	 здесь среди болото лес гранит видеть чистенький город хороший дорога какой быть россия видеть прекрасный здание школа сытый скот опушка лес видеть что каждый кусок 
40487	 помнить один тот день посещать два полк стоять противоположный опушка один лес верста два 
40487	 доходить верста опушка лес австриец останавливаться 
40487	 вдруг непривычный еще чувство мартын вспомнить густой еловый опушка русский парк сквозь синий ромбовидный 
