32940	бум высшего образования о котором говорят 
32940	В один прекрасный момент я помню бум в коммунальной квартире когда появилась первая советская мебель И 
32940	Ну а сегодня в Москве можно наблюдать настоящий бум торговли -дисками с новейшими фильмами 
41843	И когда в  году на гребне экономического бум Пиночет решив узаконить своё пребывание 
32940	С них началась новая эра в истории русской музыки и в бытовании отечественного шоу-бизнеса после их торжественного въезда в хит-парады началась эпоха русского поп-рока отечественного ответа на бум брит-попа во всём англоязычном мире 
41843	У этих инструментов разные задачи На долговом рынке продолжается бум корпоративных займов  
41843	Ростелеком научился экономить На долговом рынке продолжается бум корпоративных займов  
41843	Вместе с тем бум сделал потребителей чрезвычайно требовательными к 
32940	В  году цветочный бум достиг пика  
32940	Но кооперативный бум прошёл студенты журфака переместились в 
32940	Надо сказать что в -е годы возник прямо-таки бум интереса к органной музыке  
32940	Отчасти наш минималистский подход объясняется боязнью бум рекордомании ибо весьма вероятен наплыв 
32940	Сейчас мы наблюдаем колоссальный бум вокруг генетики я же прогнозирую 
32940	После развала СССР в России начался туристический бум и Линники стали проводить для 
32940	Андрей Курпатов муж   Две группы были в этом исследовании ключевыми те больные что родились и сформировались до бум компьютеров и интернета а также 
41843	До  года девелопмент в российских городах сводился к хаотичной точечной застройке внутри сложившихся жилых массивов до введения необходимого регулирования градостроительной деятельности а в период экономического бум - годов приобрел форму 
32940	И ведь нам есть что показать последнее -летие прошло под знаком расцвета новой российской культуры в начале -х годов у нас произошел поэтический ренессанс в последние годы у нас наблюдается настоящий театральный бум появилось новое поколение режиссеров мирового 
32940	Вправду ли налицо бум интереса к путешествиям о котором 
32940	В каком смысле сейчас можно говорить о бум путешествий  
32940	Междисциплинарные исследования  бум которых относится к нашему времени 
32940	Эта технология переживет в ближайшие десятилетия поразительный бум  
41843	В мире происходит бум аддитивных технологий рынок растет на 
41843	Снижение спроса на выездной туризм компенсировал бум интереса к внутреннему рынку  
41843	Спрос на нее обеспечили интенсивное жилищное строительство и бум на рынке ипотечного кредитования  
18362	Причем дефицит только увеличится ведь именно там в будущем прогнозируют бум рождаемости  
41843	Они не понимают что рост валового продукта  явление нелинейное и я верю анализируя то что у нас сейчас с экономикой происходит что Россию ожидает очень бурный подъем промышленный бум и у нас при умеренном 
41843	Так в начале -х автомобиль   произвёл настоящий бум на российских рынках  
41843	Экономический бум никак не сказался на тех 
41843	Петербургский рынок мобильного доступа в Интернет переживает тарифный бум  
41843	Латвийский сбербанк даже во времена экономического бум придерживался консервативной кредитной политики поэтому 
41843	Рынок труда напряжен не столько из-за экономического бум сколько из-за неблагоприятной демографической ситуации 
18362	Как предполагает Национальный институт статистики и экономических исследований при сохранении нынешних тенденций население продолжит концентрироваться в южных и западных районах континентальной Франции население некоторых северо-восточных регионов снизится в половине регионов число смертей превзойдет число рождений эта ситуация усилит влияние миграций на развитие демографической обстановки со старением представителей поколения беби-бум везде увеличится средний возраст населения 
41843	Как уже отмечено выше экономический бум и лопнувший мыльный пузырь для 
41843	Китайский промышленный бум сделал Циньдао крупнейшим морским торговым 
41843	В Китае  экономический бум и десятки миллионов людей из 
41843	Достаточно начаться экономическому бум в стране из которой прежде 
41843	В этом  корни бум на рынке оценки ущерба  
41843	В отраслях до реформы не имевших для развития денег в одночасье начался промышленный бум из-за появления с одной стороны 
18362	Ведь скоро уже в редакции придут дельные ребята и девчата годов рождения бэби-бум -х которые на те 
41843	ОТКРЫТАЯ ЭКОНОМИКА   Экономический бум заканчивается  Инфляция остается  
18362	Не согласна потому что своими глазами наблюдала и проводила в течение  лет социологические исследования как при строительстве МЖК наблюдался самый настоящий бум рождаемости  
41843	Могу твердо утверждать в России сегодня наблюдается экономический бум заявил он  
41843	Гигантский экономический бум в Европе --х 
41843	Результатом может стать настоящий бум на рынке ипотечного кредитования  
41843	Еще в -м Пелевин был чуть ли не единственным русским беллетристом за четыре года появился рынок отечественной беллетристики и случился настоящий бум на рынке качественной переводной литературы 
32940	И пока не начата здесь добыча нефти и газа уникальный ледокольный флот зарабатывает средства для выживания на экологическом бизнесе благо и в России сейчас интерес к морскому арктическому туризму переживает бум  
41843	Они не ждут бум на рынке региональных займов но 
41843	Бизнесменов тянет в небо  Отечественный рынок деловых полетов переживает бум   Рынок российской деловой авиации пополнился 
41843	Все началось не вдруг а лет двадцать назад когда в моду вошел первый дизайнерский стиль специально сгенерированный техническо-художественной мыслью времен первого промышленного бум  
41843	торговля  вызовет промышленный бум в СССР русский язык отлично 
41843	Некоторые полагают что причиной нынешнего спада были излишне оптимистичные ожидания инвесторов компьютерного рынка среди которых появилось много новичков  в связи с уже упомянутым бум многие решили вкладывать деньги в 
41843	Разрыв хозяйственных связей и либерализация рынка привели к коллапсу российской полупроводниковой индустрии  и это на фоне невиданного мирового бум охватившего отрасль  
32940	Впрочем по мнению рыцаря Зигфрида в миру студента Никласа Вернстрема интерес к нему резко возрос в последние несколько лет в связи с компьютерным бум в Скандинавии  
41843	Давно ожидаемый конец моды на советское искусство совпал тоже с сотню раз предсказанным спадом на мировом художественном рынке последовавшим за бум восьмидесятых  
32940	В мире сейчас наблюдается музейный бум небывалый рост интереса населения к 
41843	Готовность предпринимателей обновлять оборудование и расширять производство ценой больших долгов обеспечила длительный бум в экономике  
