29948	Атюна   Слова героев стали афоризмами и даже эпизодические роли  находка вспомните как товарищ Бубликов Петр Щербаков долго не мог сосредоточиться на работе видя прекрасные ножка девушек  
29948	г говяжьих или  г бараньих ножка  г рубца - 
29948	ножка очистить опалить поскоблить тщательно промыть 
29948	Положить ножка на сутки в холодную воду 
29948	После этого ножка ещё раз промыть переложить в 
29948	г жирного бекона  г куриных грудок без кожи и костей  г куриных ножка без кожи  ст л 
29948	Это займёт ещё - минут для грудки и - минут для ножка  
29948	Соответственно моя девица кинулась в ножка папе чтобы тот распечатал на 
29948	Увидела розовощёкую Клийстерс нетерпеливо постукивающую пухлой ножка  
29948	Обе подставляют друг другу ножка и ведут сомнительные дискуссии о 
21161	Неясно только одно предпочтёт ли барбос столь изощрённый аппарат привычной ножка стола  
29948	Сама площадь и мостовые настолько вылизанные и вычищенные будто им делают столь же тщательный и регулярный педикюр как и ножка леди и джентльменов по ним 
29948	Лермонтов пишет Ботинки   красно-бурого цвета стягивали у щиколотки её сухощавую ножка так мило что даже не 
21161	ножка столов и стульев заворачиваются превращаясь 
35159	- крупных шампиньонов или столько сколько нужно для гостей - г твёрдого сыра зелень майонез приправы соль перец   Аккуратно отделить ножка грибов от шляпок  Грибы вымыть 
29948	Ведь и дите вперёд пропустишь а не обидишься если ножка топнет  
21161	На полу лежал светлый прямоугольник и тоже понемногу смещался и скоро должен был захватить ножка стола  
26020	Свернув для пепла козью ножка из разового пропуска в институт 
29948	Растерянно повертевшись на месте новоявленная маленькая лиса мигом угодила в капкан и громко завопила   Капкан прокусил лисе её тонкую ножка   Барби продолжала стоять под ближайшим 
29948	Увидев мать лиса издала крик радости и волоча ножка с капканом потащилась к Шашке 
29948	Но лисёнок скуля всё-таки подполз к волчице и уткнулся в её тёплый грязный бок а она плача стала вылизывать его больную раненую ножка  
29948	Чума Шашкин с уважением глядя искоса наблюдал как лохматая девочка в негнущемся джинсовом костюме извернувшись задрала ножка и скоблит ботинком шею  
29948	И тот ребёнок-калека пусть он встанет на ножка и идёт с папой и 
26020	Простите мне Башуцкому Милию Алексеевичу простите и вы граждане начальники и вы граждане соотечественники позорное нежелание дрожать коленными чашечками опять сидеть орлом испражняясь публично стоять без штанов подставив лобок тупой бритве вылизывать на лесосеке оловянную миску и дождавшись очереди досасывать слюнявую козью ножка  
29948	ножка вперёд шла вот меня бабка 
29948	Они были большие модницы хотя и одевались стандартно лихо надетые набекрень белые суконные беретики аккуратные короткие пиджачки на стройных миниатюрных фигурках нарядный носовой платочек засунутый в рукав на плотных ножка туфельки-танкетки в волосах сбоку пластмассовая 
29948	Когда ещё в парнях я работал сапожником то самые шикарные дамочки требовали чтобы именно я шил им туфельки и когда такой шикарной дамочке я обмеривал ножка то из этой 
26020	Руль она держала одной лишь левой рукой а правой между тем сворачивала на сиденье какую-то самокрутку нечто вроде козьей ножка с зелёным табачком  
29948	В общежитии где нельзя как дома топнуть ножка на маму  в общежитии среди 
21161	Около вас на ножка стола звонок позвоните пожалуйста  
26020	Записи в книге были такие Бронзовый котёл на козьих ножка около дачи есаула Селиверстова Бронзовый 
21161	Воля ругался а Толя как всегда иронизировал потом оба вместе толкаясь и перебраниваясь скрепили ножка стола обыкновенной доской  
21161	Перед кроватью стоял дубовый на резных ножка стол на котором помещался канделябр 
29948	Шла Зайка шла и видит стоит избушка на курьих ножка на собачьих пятках  
21161	Мрачный ходил Котофей Котофеич завязывал ножка у стола  и снова и 
21161	Завязывал ножка у стола такая есть примета 
29948	Я как увидел его тотчас сказал себе Эге нет голубчик ты не в департамент идёшь ты спешишь вон за тою что бежит впереди и глядишь на её ножка  
29948	По полу шуршали востроносые туфельки узенькие будто ножка в них прятались девичьи  
21161	рассеянно наблюдал за этой игрой и когда коробка на капроновом поводке зацепилась за ножка стола а грязная веревка туго 
29948	На одной помню картине толстогрудая баба в лакированных красных сапожках рассматривала наклонив красногубую морду свои ярко-красные вверх торчащие омерзительные соски  держа при этом в вытянутой руке те же самые но вроде как синтетические соски привязанные за ниточку с болтающимися под ними почему-то тремя парами смутно прорисованных но с отчетливыми промежностями кривых женских ножка  
21161	И на площадке перед сценою те же или такие же смешившие его в детстве низенькие зеленые с отстающими задними ножка стулья раскоряки по выражению Всеволода 
29948	Балда нет никакого Иисуса   Она вскочила и топнула ножка   Нет и не было  
21161	Я как пыль из половика вытрясаю так и слышу тр-р  это челнок ныряет между нитками основы как уточка в волнах Пока мама ткала папка в это время доставал сапожный ящик в котором нитки шило иголки вар привязывал нитку к двери разматывал ее до другого конца комнаты обводил ножка стула снова к ручке дверной 
35159	ножка гриба излучает очень яркий желто-зеленый 
29948	И вот как приезжает каждым летом любимая моя старшая золовушка из Вятки дама строгая математик зам декана и как начинает пересыпать свою речь хлебушком молочком селедочкой а с маленькими детками разговаривает когда их одевает-принаряжает  у нее всё юбочка кофточка туфельки спинка ножка глазки  
21161	Два часа искал а потом оказалось что это заглушка от ножка стула отвалилась  
29948	Так например некоторые психологи считают что любовь мужчин к длинным женским ножка обусловлена их архетипичным представлением о 
26020	спросил по пояс голый Свиридовский свернувший себе козью ножка  
29948	А чего им не кричать когда у меня рыжие до пояса волнистые волосы зеленая шапочка от Кардена зеленый легкий плащик а на ножка изящные туфельки  
21161	Он носился как настоящий псих кукарекал звенел колокольчиком свистел флейтой тыкал в спящих ножка стульев и забрасывал их одеждой 
35159	В ножка гриба в аппендиксе налево  двери 
21161	Я разжал руки сцепленные на затылке и они обвисли вдоль ножка стула  
21161	Кот потом наталкивался на ножка стульев и тыкался мордой мимо 
26020	Однажды сидели на завалинке старики покусывая свои козьи ножка делились заботами о хлебе насущном 
26020	Когда личный состав построили ее командир сам весь в ожогах и шрамах тридцатилетний ветеран которого за постоянную присказку прозвали Козьей ножка не мог не буркнуть  
26020	Да на его морде козья ножка живого места нет  
26020	Мальчишка ротный сбиваясь объяснил подполковнику суть    Так кто хоть козья ножка  Башнер  
26020	приказал Найденову   Покажи козья ножка на что способен   Так Иван 
26020	хрипел Козья ножка уже не сомневаясь что этот 
26020	В начале боя ни о чем еще не подозревающий Козья ножка приказал механику отогнать командирскую машину 
26020	Наконец-то вскарабкавшийся на сиденье Козья ножка бесполезно возился с радийной связью 
26020	Еще один снаряд  теперь уже восемь-восемь направленный наверняка с расстояния меньше пятисот метров  Козья ножка единственный из экипажа заметивший Т 
26020	После освобождения пальца Петька снова несколько раз заботливо его облизал повертел им над головой поморщился а потом молниеносно скрутил козью ножка для молодого солдата  
26020	В будочке юноша в круглых очках с косицей меланхолически сворачивал себе здоровенную козью ножка  
21161	Так этот мастер пробуя и ошибаясь постепенно спилил у табуретки все ножка своими руками уничтожил любимую мебель 
21161	Не забывайте расчесывать вмятины от ножка мебели на ковровых покрытиях  
26020	В воздухе пахнет едким потом машинным маслом и жженой газетной бумагой козьих ножка  
26020	Когда накануне мирного бунта мужики собирались на сходки по дворам и раздраженно крутили козьи ножка когда разъяренные бабы бегали от 
26020	И они с полицейским принялись сворачивать новые козьи ножка а мы с дамой продолжили 
26020	Или это нам снится    Козью ножка то умеете крутить   между тем 
26020	Тут он достал клочок старой пожелтелой от времени газеты разорвал на перегибе на две части ловко свернул две козьи ножка острый мундштучок и набитый табаком 
26020	Глотыч новую козью ножка свернул закурил и к окошку 
26020	Я его так запрячу что ни один комиссар не разыщет Скажу вот с вами мол убег Ищи ветра в поле   Глотыч свернул свою знаменитую козью ножка  Засмолил глубоко затянулся будто заново 
21161	И он испытывая удовольствие от удачно найденного образа показал в угол на застекленный журнальный столик с изящными витыми ножка  
21161	Из мебели имелись серый от грязи пластмассовый стол три таких же поломанных стула пара красных квадратных табуреток на железных ножка допотопный буфет и почти современный 
29948	Ты жуткий зануда  топнула ножка обутой в элегантную босоножку на 
21161	Именно из Древней Греции к нам пришли декоративная посуда вазы и амфоры с сюжетным орнаментом массивная мебель подлокотники и ножка которой стилизованы под колонны  
21161	Одна только столовая с резной мебелью выполненной московскими мастерами вызывает восторг  Вместо ножка стола  медведица с медвежонком  Наверняка 
35159	При выпечке печенья Гриб ножка гриба и шляпку можно смазать 
21161	Этому же служит подбор миниатюрной посуды подсвечников мебели например диванчик с витыми коваными ножка выполненный по ее заказу  
21161	Мебель которую также споектировал Старк можно купить по заказу столы из цельного хрусталя из дерева с хрустальными ножка легкие и прозрачные стулья  
21161	Понятие мебель род отвлекается от того что это стол тем более от того сколько у него ножка и из какого дерева он 
29948	Сколько-то лет назад был в Капелле поэзоконцерт по случаю пушкинского юбилея сводный нестройный такой хор литературных светил  а Дмитрий Быков запомнился как беззаконная комета  однако ж не стихами как обычно хорошими блеснул но гладкими ножка в коротких штанишках  
29948	Понятно разумеется что все это  так крик прекрасной души  Топни душенька ножка топни   приговаривал в таких случаях 
21161	Мебель старинная красного дерева хрупкие стулья изящные хрустальные бра столики на кривых тонюсеньких ножка  
21161	Потом сдернул скатерть с ближнего столика и поставил на него стулья ножка вверх  
29948	А я шел за ней как пес глядя неотрывно на женские ножка  
29948	Он посмотрел хитро снизу вверх на прибывающих уже в жизнь прохожих женщин и добавил  Две-три пары красивых женских ножка  
21161	Пока та выгружала из морозилки продолговатые литровые коробки с соблазнительным рисунком но не самой многообещающей надписью обычное ванильное без затей Ира разглядывала полупустую кухню шаткий столик с ободранными ножка зато застеленный роскошной клеенкой больше 
21161	Ветер усилился столик стоял на одной круглой и широкой ножка сплюснутой внизу и чтобы он 
29948	О да   патетично крикнул Миша Оно топнув ножка   Я мститель богов  
35159	После этого возьмите половину теста разделите его на равные кусочки и придайте каждому форму ножка гриба  
35159	А чтобы ножка гриба стала круглой возьмите две 
21161	В коллекции представлены тиковые сервировочные столики составляющие в сложенном виде всего три с половиной сантиметра в высоту кофейный столик с бамбуковым верхом и ножка в форме куба а также 
26020	Верчу козью ножка и произношу слова значение которых 
26020	Если будет ваша милость  сверните мне козью ножка  
29948	Но соподчиненность Путину которую мы наблюдаем уже четыре года изуродовала его как китайская колодка женскую ножка  
26020	Не Северную Пальмиру коробки которой громоздились на столе гостевой избы не Беломор а махорку свернув козью ножка размером с телефонную трубку  
26020	И никак не могло быть у порученца махорки ему не из чего было вообще скручивать козью ножка  
26020	Нигде потом эта козья ножка не фигурировала ни в одном 
26020	Не хочется уточнять в какую часть тела попала искрометная козья ножка осмелюсь добавить что процесс исполнения 
26020	Меня допрашивали на втором этаже штаба оттуда я поглядывал на тот двор где две недели назад козья ножка искрящейся дугой прочертила расстояние от 
21161	Элегантный столик на витых ножка для отдыха уставшей после возни 
29948	В Мулен Руж под лихие звуки канкана взлетали к потолку женские ножка в ресторане на Елисейских полях 
26020	Из могучей канцелярской скрепки скрепляла анализы распрямив ее и заново выгнув ей кончик под цифру пять   лежащая на правом боку я сработал ловкий крючок  Цепкую козью ножка    Откроет  
26020	Я вдруг так представил себя этим солдатом уже пожилым с бурым лицом в седине в морщинах пытающимся свернуть козью ножка дрожащими неслушающимися пальцами что и 
29948	Сасси успевал улыбаться семенил ножка в лаковых туфлях по линолеуму 
29948	Дизайнеры-мужчины знают чем привлечь внимание себе подобных и наряжают ножка в трогательные носочки или туфли 
29948	Возможно потому что их обувные творения отличает чувственное начало гламурность в сочетании со скульптурной выверенностью пропорций узкие вытянутые как гондола носки туфель идеальная линия подъема высоченные каблуки подчеркивающие силуэт обольстительных ножка  
26020	У них с собой еще кое-что  зная его любовь к чертежному инструменту ученики прихватили бронзовую козью ножка найденную в земле возле паркового 
26020	Отчищенная и надраенная асидолом-мылонафтом козья ножка выглядит вся как из золота 
26020	Благосклонно хотя и невозмутимо приняв козью ножка Н в свою очередь демонстрирует 
29948	Но вы туфли знайте что должны всегда направлять эти ножка ведите их только туда где 
26020	Летчицы были изящно причесаны ловко набекрень носили пилотки и лихо высекали кресалом искру дабы закурить козью ножка тут же умело скрученную наманикюренными 
26020	Бесперспективный Свояк выпотрошил окурки из пепельницы и свернул козью ножка из половинки вложенного в глянцевую 
29948	топнула ножка Анна успевшая достать с заднего 
29948	Масса голых женских ножка выделывает канкан все торсы скрыты 
29948	Нет   топнул ножка Ванечка   В этот момент позвонили 
29948	За окном  ослепительный как красотка на фоне красных жигулей попирающая своими прекрасными ножка в туфельках на каблучках и 
29948	И не выдумывайте пожалуйста   Девушка нарочито сердито топнула ножка   Куда вы сейчас  
26020	В зубах его обычно дымилась душистая козья ножка огромных размеров  
29948	Пушкин восхищался грудью Дианы ланитами Флоры но особенно его манили женские ножка которые он воспел в первой 
29948	спросила она с силой нажав на нее своей маленькой ножка  
29948	Какое сходство между телевышкой и женской ножка  
29948	Не можно а нужно если он на красивой женской ножка  
29948	Поговорим об удовольствиях  Я например обожаю женские ножка    А по мне телячьи  гораздо 
29948	Помню как Галя стояла у столика кассирши в кожаной куртке с меховым воротником ножка в туфельке и шерстяном носке 
29948	И она крутанулась как шаловливая гимназистка на худой стройной ножка другую в милой изящной туфельке 
