16273	 внутренний миграция определяться внутрирегиональный поток удельный вес который 
16273	 чтобы машина выпадать поток легковой сюда ставить тяговитый дизель 
16273	 маршрут денежный поток сергей николаев февраль сотрудник гувд при получение деньги водитель маршрутный такси быть задерживать директор сгоо дилижанс авто николай рыков 
16273	 мнение жаворонский специально выбирать общий поток машина 
16273	 если власть быть мало-мальски фильтровать поток информационный товар желтый жижа 
16273	 при рассмотрение перетекание поверхностный поток необходимо учитывать влияние рельеф природный 
16273	 для построение карта минерализация поверхностный вода помимо карта фактический материал привлекаться ландшафтный карта строиться карта поверхностный поток 
16273	 второй карта строиться основа картографический основа выделяться водораздельный линия природный пруд антропогенный барьер железный дорога шоссе далее направление поверхностный поток 
16273	 самый печальный для пиарщик президент сша антивоенный настроение собственный страна рост который прекращаться несмотря массировать поток антииракский пропаганда центральный телевизионный 
16273	 последний необходимо сделать надежный инструмент управление финансовый поток формирование необходимый для выход 
16273	 устойчивый экономический рост достаточно высокий темп рост ввп возможный при условие что банковский система быть генерировать денежный поток целенаправленно увеличивать инвестиционный потенциал 
41114	 впрочем если кошка испугаться поток вода журчать механизм она 
16273	 видеть очень мало проект который быть аргументировать дисконтировать денежный поток 
16273	 сколько час или день проходить этот спазматический позыв хохот считать потом спустя много год хотеть припоминать стыдиться поток мысль устремлять другой безопасный 
16273	 видимо каморка потешаться над андрей николаевич самолюбивый нахмуриваться вставать закрывать дверь останавливать поток мысль уже мочь 
41114	 боковой стена иметься небольшой ниша она отгораживаться полиэтиленовый пленка только можно укрываться бушевать поток холодный вода заполнять 
41114	 весь наш мероприятие становиться довольно рискованный яма идти подхлестывать спортивный азарт рассекать поток ледяной вода экспедиция упрямо пробиваться 
41114	 чтобы совесть быть спокойный очередь совершать попытка преодолевать ничто это выходить слишком узко нестись водный поток песок засыпать 
41114	 однако соревнование глотка вскоре окончательно побеждать неистовый какофония бушевать вокруг поток вода 
41114	 если друг задерживаться если грохотать поток сменяться журчание водопроводный кран мать 
41114	 высовываться наружу голова обрушиваться поток вода пригибать голова земля 
41114	 треск мотор шорох свист поток вода брызги налетать бронзовый 
41114	 вот окно заструиться вода поток хлестать самолет легкий 
41114	 гроза бушевать полный сила вода грохот вой низвергаться канализационный отверстие всюду пузыриться вздуваться волна крыша хлестать мимо труба подворотня бежать пенный поток 
41114	 вода обрушиваться так страшно что когда солдат бежать книзу они вдогонку уже лететь бушевать поток 
41114	 тогда входить вода пробираться некоторый время вода пока увидеть вдали силуэт два лошадь человек возле они лошадь также стоять поток вода струиться омывать они копыто 
41114	 пустыня коричневый грубый выветриваться весь трещина провал гора так как быть сезон дождь мутный поток целый озеро грязный вода 
41114	 ревность ворваться как река разрывать весь плотина увлекать себя все что попадать этот поток 
41114	 косой дождь гонимый сильный ветер лить как ведро призовой спина василье течь поток лужа мутный вода образовываться 
16273	 итог четвертый квартал прошлый год компания впервые момент авария выходить положительный денежный поток 
16273	 отличие стандартный схема банковский кредитование коммерческий банк вэб как банк развитие рассматривать проект точка зрение ведение бизнес только генерирование денежный поток 
16273	 практически возглавлять эмигрантский оппозиция некоторый данные замыкать себя денежный поток митинговый активность переговоры 
16273	 после как год закон обязывать некоммерческий организация внешний финансирование регистрироваться качество иностранный агент наблюдаться некоторый сокращение денежный поток из-за рубеж 
41114	 поток вода мочь снести гильза бог 
41114	 особенность фигура одежда определяться темно поток вода небо 
41114	 украинский сми писать что россия мочь проводить черноморский участок южный поток нейтральный вода 
41114	 здесь уже ничто вырастать так как семя что погибать избыток влага они уносить поток вода 
16273	 это добиваться конгресс белый дом шамир терпеть мочь чтобы сша прекращать принимать еврей ссср израильский виза весь поток устремляться израиль 
41114	 два наводнять река ущелистый русло горный вершина низвергать шуметь грозно поток общий долина сливать свой 
41114	 так например основоположник механика сплошной среда леонард эйлер впервые год применять дифференциальный уравнение движение идеальный жидкость уравнение неразрывность для описание движение кровь большой кровеносный сосуд работа принцип определение поток кровь через артерия 
41114	 так вот сейчас посылать шпицберген экспедиция гляциологический комплексный туда ехать специалист ледник климат сейчас там работать наш заведующий лаборатория климатология гидролог исследователь водный поток что особенно важный почвовед 
41114	 она быть пролагать сквозь расщелина скала миллион год поток вода сбегать скала прорезать 
41114	 что здешний река свой норов некоторые напоминать горный поток 
41114	 игрушечный молния бить земля парковый аллея вздуваться пузырь течь поток вода локоть прижимать надрываться баев 
41114	 асфальт нестись поток вода она прибывать автомобиль 
41114	 наоборот корневой система дерево усложнять процесс оврагообразование быть размыв поверхностный слой земля водный поток при выпадение осадки 
41114	 она знать стоить она вставать отправляться ванная вместе необходимость мыть тело мылить споласкивать волос вместе поток вода она нахлынуть 
41114	 помощь такой импровизированный водомет мощный поток вода очищать морской дно 
41114	 процесс перенос наночастица окружающий среда воздушный водный поток накопление почва донный 
41114	 вдруг небо поливаться поток красный жидкость который один принимать 
41114	 расчет показывать что поток вода хлынуть труба мочь 
41114	 грубый аналог здесь мочь служить речной поток идти верховье река лосось 
41114	 приносить речной поток песок постоянно менять топография дельта 
41114	 под сплошной поток вода проскочить пульт 
41114	 след водный поток как будто быть 
41114	 недавно вблизи пятно марсианский дюна быть обнаруживать след водный поток 
41114	 такой устройство внешний сейсмический сигнал вызывать поток рабочий жидкость который свой 
16273	 приднестровец век вместе поток миграция вчерашний крестьянин город 
41114	 некоторые астроном полагать что это след водный поток который проноситься когда-то равнина 
41114	 после полевой исследование астроном убеждаться что этот каньон никогда струиться полноводный речной поток 
41114	 вместо манипулирование джойстик игрок быть направлять определенный точка поток известный биологический жидкость 
41114	 такой процесс обладать масштабный инвариантность скейлинг аналогично развитый турбулентность поток жидкость 
16273	 увеличение поток принудительный миграция государство сталкиваться 
16273	 год российский империя сталкиваться такой масштаб принудительный миграционный поток 
16273	 результат его деятельность империя возникать становиться шириться поток принудительный миграция 
16273	 дело только северный южный поток также отмена виза 
41114	 однако этот увлекательный гипотеза противоречить данный представлять украинский русский ученый который тоже основание подводный исследование утверждать что поток вода через босфор неоднократно менять 
41114	 косой струя дождь сбивать большой клен под окно последний желтый лист тот кружиться как обычно плавный полет под поток вода опадать почернеть 
41114	 шапочка пловец или шлем горнолыжник общий любой объект который двигаться поток газ или жидкость 
41114	 хороший время скрывать горный местность тоннель протекать литр родниковый вода секунда что соответствовать сечение поток вода маленький один квадратный 
41114	 поток вода смывать все что оказываться 
41114	 другой семейство микроорганизм быть смывать поток вода вместе они 
16273	 если душа устраивать так что полюс поток переживание соответствовать полюс смысл вокруг 
16273	 этот текст называть итоговый перед типичный для поток мысль девиация скачки эллипс 
16273	 при заметный увеличение поток один сторона 
16273	 пьезоэлектрический датчик дорожный покрытие фиксировать вес автомобиль скорость плотность поток 
41114	 однако сторонник поток вода проводить всесторонний исследование гипотеза 
41114	 именно поток вода или какой-то другой жидкость 
16273	 наверное это быть самый красивый поступок жизнь еще никогда она быть настолько искренний свой слово поток мысль перебивать вспышка когда 
41114	 поток вода жестяной грохот таз 
41114	 сквозь водный поток туча выглядывать заходить солнце 
41114	 уходить чапай кед водный поток 
41114	 надпись человек один струиться поток волос 
41114	 извергать поток вода дева визг 
41114	 сквозь этот пролом лить так будто крыша кто-то цепочка передавать друг друг ведро тот кто стоять самый дыра обрушивать внутрь новый новый поток вода 
41114	 срываться падать вниз лететь совершенно голый вдруг беззащитный поток вода 
41114	 снова маленький поток вода целое озеро эмалированный 
41114	 река свободно текущий земля поток вода 
41114	 создание такой технология производить свой род переворот представление возможность гидротехнология горный дело использовать при добыча полезный ископаемое энергия поток вода 
41114	 соседний орегон год превращать пересыхать речка поток ширина около метр 
41114	 океан поток вода сносить фермерский амбар 
41114	 божественный сила вращать этот рукоять колебать наклонять священный кайлас это водный поток космос выплескиваться священный 
41114	 маршрут внешний кора километр идти высота метр через несколько заснеженный перевал через бурный поток река срываться ледник кайлас 
41114	 подъем длиться около пять час течение который паломник пробираться через завал ледяной глыба камень через стремительный водный поток 
41114	 опыт позволять определять нагрузка тело плотина оптимизировать форма гаситель энергия падать водный поток давать прогноз распределение скорость течение 
41114	 два душа рев шелест водяной грохот бить плиточный пол закрывать глаз словно нести горячий река поток вот теперь что-то представлять спазм 
