24806	 причем просто сидеть раскручивать его дело полный программа после задержание подвергать пытка душить полиэтиленовый пакет пока игорь 
28262	 при это чувствовать себя отдыхать ночь капелька наоборот предстоящий рабочий день кажется почти что изощренный пытка  
24806	 этот пытка документировать показание десяток человек который 
24806	 плюс все что читать пытка испанский инквизиция плюс все 
24806	 испания требовать экстрадиция выдвигать также обвинение нарушение право человек массовый пытка заговор цель 
24806	 август год когда верховный суд чили лишать пиночет сенаторский неприкосновенность против быть возбуждать судебный преследование более чем обвинение похищение человек пытка убийство 
24806	 ибо отличие расхожий мнение будто отчаяние умирать сам оно прекращаться физический смерть главный его пытка состоять что 
24806	 однако проходить долгий московский зима наступать весна такой невыносимый далекий страна что только день ночь даже время год она быть противоположный московский сезон доноситься вести про новый расстрел арест тайный полиция убийство америка политэмигрант орландо летельер про пытка английский медсестра шейла кессидеть отзываться 
24806	 надо быть либо вставать уходить либо вступаться поругать яростный гость ценность как отличник урок как обманывать любовник пионер продолжать завороженно внимать рассказ про тюрьма арест пытка лагерь родной земля 
24806	 надо застонать будяев будто собираться подвергать пытка 
24806	 однако суд обвиняемый один голос заявлять что оговаривать себя под пытка 
28262	 сидеть почти неподвижно течение утомительно долгий перелет битком набитый боинг экономический класс где сидение показываться меньший чем наш самолет быть сущий пытка 
24806	 сейчас вполне мочь поувечивать мизя подвергать его пытка самый его смерть 
24806	 следственный дело оставаться лишь тот документ который играть рука следовательский версия выбивать подследственный иногда пытка только физический 
24806	 ничто ограничивать произвол следователь угрожать пытка член семья 
24806	 тут арестовываться андрей ксана ребенок вера костя конечно пытка истязание они держаться стойко 
28262	 работать ночной смена декабрь каждый ночь казаться пытка пятьдесят градус шутка 
28262	 человек забывать что октябрь год каждый проживать москва день казаться пытка 
24806	 думать что если человек узнавать почему иоанн креститель молиться головной боль или что великомученик артемий быть после пытка убивать огромный камень который 
24806	 сторонник старый вера начинать называть раскольник они становиться подвергаться жестокий гонение ссылка арест пытка казнь 
24806	 предварительный следствие год репин показывать что выдерживать продолжаться течение день истязание пытка рассказывать японец получать 
24806	 жалость феодосия она освобождать она надобность соблазнять охранник арестованный истома зрелище истомина казнь старушка смерть пытка после арест финал 
24806	 настя сообщение родственник заключенный один колония нижнегородский область находиться колония кавказец систематически подвергаться пытка издевательство инициировать администрация 
24806	 арестованный путана требовать называть имя знатный клиент цель они наказание наиболее упорный подвергать пытка облава арест настолько напугать 
24806	 это многие комментатор попадать тайный канцелярия подвергаться пытка казнь 
24806	 потом острый боль весь тело приводить себя опять начинаться борьба сам себя кто придумывать этот ужасный пытка конец мой нога как будто 
24806	 только вера партия чистота перед она только что подвергаться пытка оскорбление один час 
24806	 логика этот арест произвольный донос признание под пытка любой информация так или иначе 
24806	 если для прочий узник предусматриваться перерыв между истязание чтобы затягиваться рана алексей такой давать назначать максимально возможный для здоровье человек наказание пытка удар 
24806	 самый новый как представляться быть сказать этот область наш великий экономист теоретик кондратьев который погибать сталинский тюрьма после долгий год пытка мучение 
28262	 если обдирать каждый такой стебелек переборка голубика превращаться сущий пытка 
24806	 здесь царить полицейский произвол попираться гражданский право тюрьма применяться пытка 
24806	 никто должный подвергаться пытка насилие всякий иной жестокий или 
24806	 они обвиняться систематический жестокий избиение пытка иракец содержаться столичный тюрьма 
24806	 яркий пример проникновение сми ранее запретный область оказание воздействие общественный мнение последующий политический решение мочь служить помещение печать сообщение издевательство пытка иметь место иракский тюрьма 
28262	 это быть возмущение человек подвергать человек психологический пытка 
24806	 бабицкий при это проявлять осведомленность повод пытка российский тюрьма 
24806	 вот чуть смело высказываться повод массовый пытка истязание система мвд 
28262	 смочь это сущий пытка какой там легкость или 
28262	 очки рита раздражать несказанный они вовсе нормализовывать зрение весь это басня окулист действительность масса мелкий дело становиться сущий пытка прочитывать например напечатать исчезающе малый 
24806	 сейчас повезти тюрьма после пытка расстреливать 
24806	 сейчас повезти тюрьма после пытка отрубать рука нога распинать 
24806	 такой мера как заковывание кандалы или перевод хлеб вода пытка весь являться 
24806	 развитие психофизический качество стойкость уверенность себя хладнокровие выдержка нечувствительность боль многий другой противодействие пытка загиб залом каменный рука почему 
24806	 прежде все просить полный прекращение несправедливый пытка истязание отношение 
28262	 для они соблюдать садовская дисциплина еще разгар пресловутый кризис три год который сам себя проходить для такой малыш безболезненно сущий пытка 
24806	 ссылка посол или персональный пенсия это расстрел тюрьма пытка даже исключение партия 
24806	 кадар который ракош посадить тюрьма подвергать издевательство пытка держать под угроза расстрел 
24806	 тюрьма быть тюрьма хотя пенитенциарный порядок бывший империя теперь читать едва умиление никакой подавление личность унижение пытка мучение даже просьба молодой нигилист 
28262	 что казаться пытка для англичанин для индеец 
24806	 такой страсть называть тело болезнь смерть рок бремя неволя тюрьма пытка для душа такой нечеловеческий 
28262	 заодно вкладывать конверт подробный описание психологический пытка который подвергаться также 
24806	 тут работать профессионал они быть специально разрабатывать инструкция рекомендоваться например прерывать пытка чтобы давать рана затягиваться истязание 
28262	 модный тенденция сущий пытка во-первых каждый сезон появляться что-нибудь 
24806	 если тот читать они тот напряжение какой они писаться этот доклад должный быть становиться для изощренный пытка 
24806	 массовый расстрел пытка заложничество концлагерь тот число 
24806	 это значить порка пытка расстрел без суд 
24806	 быть немало случай когда маленков лично присутствовать допрос пытка арестованный 
24806	 пытка избиение лишение сон изнурительный ночной 
24806	 время суд отказываться показание заявлять пытка истязание который подвергаться 
24806	 каждый мочь вынести пытка непристойный искать виновный 
24806	 ход изучение документ открываться невероятный факт пытка человек мировой имя 
24806	 многие они посредством пытка получать ложный показание служить повод 
24806	 большевизм должный уходить ответственность практика неслыханный фальсификация ложный обвинение внесудебный приговор расстрел без суд следствие истязание пытка организация концлагерь 
28262	 ничто знать правда какой пытка какой оружие ныть 
24806	 изуверский устремление наклонность импонировать нюрнберг город безжалостный ландскнехт кровавый истязание достойный памятник который оставаться самый известный европа богатство экспонат музей пытка его знаменитый нюрнбергский железный 
24806	 думаться что лев романович быть должность помощник такой человек мочь знать как добываться признание враг народ согласно постулат вышинский признание царица доказательство хотя вериться что быть непосредственно причастный пытка истязание 
28262	 правда превращаться многий год мастер психологический пытка художник этот дело сохранять 
28262	 это быть сущий пытка сидеть духота возиться 
24806	 посудить сам такой кровавый след дорожный происшествие мой участие обходиться правда без жертва три час спустя втора участник происшествие погибать вместе пять свой сотрудник через сутки тягач след столкновение быть обнаруживать если можно так выражаться обрамление труп девять покойник среди они женщина след нечеловеческий пытка убивать впрочем тот 
28262	 почему-то мошка комар садиться запах быть особенный или кровь заговаривать бабка детство быть благословение свыше иначе северный болотное край жизнь превращаться медленный сводить пытка 
24806	 наверное мысленно готовиться описание допрос избиение пытка нечеловеческий мужество цып который 
24806	 иметься много достоверный рассказ факир религиозный фанатик средневековый ведьма колдун свидетельствовать что состояние экстаз они утрачивать чувствительность боль поразительный стойкость переносить самый невероятный истязание пытка 
24806	 один письмо эрнст тельман рассказывать как подвергаться пытка 
24806	 священник грандье давно подозревать связь дьявол после нечеловеческий пытка быть сжигать 
28262	 достаточно быть один психологический пытка без особый физический прием который 
24806	 болотистый место гнилой темница кровавый пытка истязание метоп 
24806	 однако главный орудие воздействие большинство участник судебный процесс быть пытка истязание 
24806	 они ничто обещаться что они называть себя ученик христос ничто кроме пытка слезать истязание смерть 
24806	 любопытствующий мочь пощупать орудие пытка святой инквизиция 
24806	 заявлять весь мир все весь гражданин воин свободный страна бороться фашизм также германский народ заявлять немецкий солдат охранный отряд фашист совершать столь непостижимый зверство что правый геббельс чернила наливаться кровь быть угрюмый фантазия самый дьявол придумывать подобный пиршество пытка смертный вопль мука жадный истязание 
24806	 сообщение подобный пытка истязание араб систематически появляться 
24806	 они заявлять что подвергаться пытка 
24806	 этот пытка быть ужасно чем истязание 
24806	 хорошо ведь знать солженицын что затхлый сундук вернуться арестованный год коммунист они тот страшный каторжный лагерь след пытка истязание 
28262	 хорошо быть спускаться вниз присоединяться свой один быть тошно или заваливаться спать подкладывать мешок под голова забываться потеряться пока подымать команда уходить донимать душа тоскливый пытка терзать жалеть себя продолжать 
24806	 голод истязание пытка груда мертвец живой скелет 
28262	 телевидение новый род мучение прибавляться дыба испанский сапог железный дева пытка дикторский текст выматывание душа энтузиазм 
28262	 хорошо продумывать пытка который они выносить тянуться бесконечно 
24806	 весь команда мери диир капитан испанский фрегат приказывать без суд следствие вздергивать рей томпсон его близкий помощник заковывать кандалы везти панама чтобы пытка вынуждать раскрывать тайна клад 
