30859	 зритель отсылаться уже существовать искусство кинематограф даже штамп стереотип 
34398	 они быть всюду обладатель печать штамп 
35716	 новый модель нужно новый колодочный хозяйство новый инструмент штамп фурнитура это разный 
30859	 это очень сложный там тоже множество штамп они нужно освобождаться 
30859	 между или год мировой кино это тоже становиться штамп 
30859	 поражать даже что фильм собирать все штамп патриотический кино время сибирский 
30859	 потому что они только начинать жизнь они еще создаваться поведенческий штамп стереотип поскольку главный 
34398	 стол она действительно быть заваливать бумага который синеть строгий штамп печать некоторые совсем свежий 
30859	 муж несмотря казаться артхаузность сюжет иллюзия авторский кино кристофер нолан снимать довольно попсовый триллер переполненный штамп ляп огрех повествование 
35716	 пасторшлаг керамика самарский культура хорошо прослеживаться как северный черта характерный для лесостепной лесной неолит яйцевидный форма сосуд ямочный жемчужный поясок шейка гребенчатый штамп орнаментальный композиция разделитель так 
34398	 над дверь подъезд который четвертый этаж располагаться располагаться ныне союз писатель россия красоваться выразительный надпись штамп печать интересный сам поэт 
34398	 выбираться страшный место над который довлеть надпись штамп печать направляться 
30859	 так возникать ностальгия советский как медийный штамп наш добрый советский кино произноситься 
35716	 выставка росмолд быть представлять новый разработка весь тематический направление тот число дизайн проектирование изделие моделирование прототипирование программный продукт производство форма пресс-форма штамп металлообрабатывающий оборудование режущий измерительный 
39926	 удивительный образ сохраняться пробный или промежуточный оттиск который даже нет штамп мастерская это так называть пробник 
34398	 налево генеральный главбух справа использовать штамп печать разный фирма деньги 
30859	 блин ставить кино только потому что нет кин очередной раз увидеть штамп про тупой террористо 
30859	 лично что понравиться так это уход штамп кино про герой 
30859	 это простой стереотип штамп банальный метафора рифма 
30859	 тот сенсомоторный связь что сформировывать кино исходить как его фотографический природа так несводимость кино фотография уступать место образ время где движение становиться штамп элемент чтение возникать инфляция образ 
35716	 при наличие определенный ремесленный навык соответствующий оборудование инструмент штамп матрица исходный сырье тонкий 
34398	 ставить временный штамп печать любой цветок 
30859	 репортаж керчь умилять только газетный штамп мягкий юмор 
34398	 действительно быть все равный быть стоять штамп его паспорт 
34398	 спрашивать она себя тут себя отвечать дело тот быть стоять штамп паспорт или быть 
34398	 ребенок это конечно слишком вот штамп поставлять паспорт ради такой 
34398	 сам подумать какой-то жалкий штамп паспорт такой потрясать 
34398	 они паспорт свой наш станционный штамп 
34398	 тот тот тот появляться блистать типографский краска шуршать фольга свежий московский шоколадка бренд гвардейский тут мелькнуть какой-то средний типичный валютный раскраска тот время бумажка встраивать именно меж тот криминальный страница паспорт где должный быть стоять тот самый как божественный субстанция штамп который казенный синий цвет объединять 
34398	 конец конец эстафета быть уже хотя штамп паспорт еще оставаться слушать 
34398	 теперь уже сердце схватываться марфа быть поздно сергей продемонстрировать мать штамп паспорт 
34398	 просматривать ваш паспорт полицейский обязательно обращать внимание что нет штамп въезд нигерия 
34398	 сказать она поставлять штамп паспорт виза 
34398	 балда говорить друг женщина штамп паспорт душа греть 
34398	 все равный быть штамп паспорт или нет 
30859	 там где однажды находить способ жизнедеятельность начинать превращаться очередной штамп стереотип писать ильенков 
35716	 проблема изготовление инструмент усугублять дефицит кузнечный прессовый оборудование штамп так как при механический отработка 
34398	 журнал кассир операционист запись общий сумма выручка период регистрация который ставиться штамп налоговый орган делаться отметка 
30859	 однако путь понимание простой ответ загромождать понятийный бурелом завал засека штамп сознание стереотип действие 
39926	 соответствие положение инструкция порядок выдача замена учет хранение паспорт гражданин российский федерация запись ранее выдавать основной документ удостоверять личность гражданин территория производиться орган внутренний дело паспорт гражданин страница помощь оттиск штамп форма или путь 
35716	 оао моспромстройматериалы получать лизинг линия гальванопокрытие цинк металлоизделие мощность мчас также два электроэррозионный станок для инструментальный производство позволять сокращать время изготовление штамп пресс-форма расширять товарный ряд 
39926	 восстанавливать печать штамп факсимиле оттиск 
30859	 это бесконечный жалоба что уже состояться мертвый ничто порождать слово речевой штамп стандартный хорошо отрабатывать интонация поза 
35716	 машина письмо набоков штамповать один другой фирменный рифмично графичный изящный каламбур фабрично-заводской изящный письменный изделие текст тождественный пространство ибо каждый изделие штамп каламбур становиться внешний формальный условие 
30859	 ведь реформатор необходимо сохранять достигать рубеж позиция носитель идея принцип социалистический теория государство право также штамп стереотип социалистический правосудие необходимо 
34398	 дело что реально упоминать кассационный представление поступать саратовский областной суд согласно штамп регистрация первый лист только 
34398	 если приезжий оказываться москва без штамп регистрация без миграционный 
30859	 деконструкция стереотип массовый сознание авторский оборачиваться квазиромантический фигура поэт демиург руины большой стиль она прятаться мифологический трикстер простец юрод неумойка незнайка который однако давно уже обменять собственный природа чечевичный похлебка культура каковой свой очередь становиться пресный жвачка идеологический штамп так варьировать нюанс 
30859	 советский новояз географический карта штамп стереотип речевой мышление 
30859	 каждый человек считаться уникальный поощряться всяческий нестандартность мышление который кстати среди американец встречаться редко мало кто свободный американский стереотип или американский штамп 
34398	 кстати день быть задерживать человек значительный количество липовый миграционный карта поддельный штамп регистрация 
34398	 сегодня многие говорить венчание для бог пышный свадьба для родня регистрация загс для штамп паспорт лично 
34398	 справка налоговый орган постановка учет или свидетельство государственный регистрация физический лицо качество предприниматель штамп налоговый орган 
34398	 справка налоговый орган регистрация физический лицо качество предприниматель без образование юридический лицо или свидетельство государственный регистрация штамп налоговый орган для юридический лицо 
34398	 насчет полный свобода москва юрий михайлович погорячиться столица соответствие постановление правительство москва мособласть март утверждение правило регистрация снятие гражданин регистрационный учет место пребывание место жительство москва московский область отсутствие регистрационный бумажка влечь себя масса проблема начинать устройство работа получение врачебный помощь вступление брак невеста жених обязательный порядок должный иметь регистрация заканчивать бесконечный проверка паспорт улица взимание штраф отсутствие штамп регистрация хотя напоминать решение 
34398	 если перегонять автомобиль самостоятельный граница документ поставлять штамп что течение 
39926	 проверять наличие транзитный декларация транспортный товаросопроводительный другой документ соответствие который товар помещаться под таможенный режим транзит наличие они оттиск печать штамп таможенный орган отправление или 
39926	 должностной лицо таможенный орган сверять копия накладной товаросопроводительный документ оригинал проставлять два экземпляр оставаться таможенный орган следующий далее вместе вывозить товар транспортный средство оттиск штамп вывоз разрешать установленный приказ гтк 
30859	 кинематограф активно производить культурный потребительский штамп вполне подходить для организация рекламный 
30859	 смятый придавливать юмор друг наперебой бросаться подсказывать штамп избивать прием 
35716	 наверное нет инструментальный производство изделие более дорогой трудоемкий что штамп 
35716	 под действие пресса заготовка заполнять полость вырезать штамп инструмент формироваться готовый изделие 
30859	 почти половина ответ составлять ответ тип эхолалия колесо колесница ответ созвучие лечение течение топор бор ответ тип речевой штамп пожар шуметь пожар московский цель 
30859	 особенно часто страдать правило язык при столкновение юмор для который каждый штамп серьезный угроза 
35716	 изменять конструкция концев фрез невозможно достигать высокий производительность при чистовой обработка штамп пресс-форма 
35716	 переходный галтель между дно крутой стенка штамп сопротивление инструмент возрастать несколько 
30859	 опыт вскрывать глубокий показательный стереотип мировоззрение этот американский студент человек высокий социальный положение этот мысленный штамп поступать сознательно думать определяться 
35716	 основной этот становиться идти производство инструмент коленчатый вал штамп поршень потому что они 
30859	 особенность газета без специальный намерение деформировать они закон кинематограф болотный солдат быть использовать лишь частично быть использовать спешка поверхностность стертый фразеология общий место штамп 
35716	 хотеть обходиться без алмаз тот кто делать трактор автомобиль керамика стекловолокно кремний германий резец штамп мерительный инструмент самоцвет кинескоп 
30859	 сказать как видеть знать уже весь речевой штамп родитель писать вчера большой печатный 
30859	 режиссер ставить свой задача избавляться театральный помпезность дурной оперность штамп который наслаиваться один постановка 
30859	 наш кинематограф издавна утверждаться заманчивый штамп красавец обязательно внутренне пустой 
35716	 еще затвердевать стеклянный масса помещать специальный штамп где изделие спрессовывать форма 
35716	 удивление рассматривать галина набор стальной инструмент штамп 
30859	 ученик начинать бояться всякий оригинальный выражение всякий оборот непохожий один знакомый книжный штамп 
