25844	 смена денежный купюра выпуск год который 
25844	 там внутри вентилятор сиреноустый напевать хозяйка это островок увлекать себя несколько денежный купюра 
12767	 все что происходить студия кстати студия виртуальный что тоже уникальный зритель видеть без купюра 
12767	 особенно потрясать что запись быть живой для диск без купюра 
25844	 брать два ролик вставлять чистый лист бумага крутить бумажный лист выползать другой сторона вид денежный купюра 
25844	 боковой карман вельветовый курточка денежный купюра перекладываться ящик письменный стол 
25844	 карман раскладывать денежный купюра обычный мзда пятнадцать 
25844	 андрей николаевич скашивать глаз задний сидение нет денежный купюра тоже оставлять как назло 
25844	 среди они быть такой человек как осинский блестящий знаток финансы статистика подпись который если ошибаться стоять весь денежный купюра муралов славиться честность бывший глава 
25844	 бал стонать извлекать рывок жилистый голубоватый нога туго обкладывать денежный купюра 
25844	 один раз видеть как буянить вышибать как упасть морда грязь как высыпаться карман денежный купюра червонец 
12767	 разрешать солженицын опубликовывать без купюра мой фронтовой поэма люська 
12767	 мастер маргарита полностью без купюра даже сцена торгсин оставлять 
12767	 летие петр леонидович мфти готовить публикация уникальный самиздатовский сборник цитата ученый без купюра издавать институт физический проблема 
25844	 управление мвд россия новгородский область очередной раз обращать внимание работник торговля населенный пункт вдоль трасса псков старый русс парфино необходимость быть бдительный при получение крупный денежный купюра 
25844	 по-прежнему много ребята который насмотреться голливудский фильм воспринимать профессиональный дорога юрист как усыпать роза денежный купюра сопряженный трудность 
25844	 для аудитория современный сми это создавать серьезный проблема схожий тот что возникать при одновременный хождение настоящий фальшивый денежный купюра 
25844	 как рассказывать илим братский целлюлоза делать например бумага для печать денежный купюра 
25844	 дужка очки из-под тюбетейка карман его чапан свисать денежный купюра 
12767	 сбруев виктор письмо без купюра автор пост давать совсем иной 
12767	 перед публикация попросить разрешение друг который немой упоминать напечатать первый письмо сопровский тот вид как оно быть написать без купюра 
25844	 старыгин глядеть протягивать денежный купюра 
12767	 вот без кальвадос или без коньяк или крутой водка смотря кто прийти без купюра быть неблагоприятный результат 
25844	 быстро откалывать английский булавка нагрудный карман свой рубашка доставать зеленовато-серый как денежный купюра неизвестный государство чек банк ватикан 
25844	 здесь совокупляться бренд вид диван честерфильд сумочка луи вюитон проводиться сеанс фитнес для денежный купюра место нос вырастать резиновый 
25844	 январский номер журнал год рассказывать изображение самый крупный пятитысячный рублевый денежный купюра 
25844	 быть полпоколение старый девочка конечно читать слышать если денежный купюра сворачивать трубочка исключительно 
25844	 брессон добиваться это разный прием главный что выстраивать серия где человек именно денежный купюра оказываться главный действующий лицо 
25844	 налоговый комиссар джанта ай-ай-ай комиссар разве остерегать неумеренный аппетит денежный купюра 
25844	 над весь этот предмет возвышаться бумажный павлин хвост который быть сделать денежный купюра 
25844	 хотя знать что валюля полностью оплачивать доставка соответствие негласный такса все-таки сунуть девушка небольшой денежный купюра 
25844	 тот тяжело вздыхать горестный вид себя дескать отрывать отсчитывать молодой человек несколько невеликий денежный купюра 
25844	 тут напряженный тишина прерывать лишь тихий шелест купюра раздаваться еще один звонок 
12767	 текст мемуары художник предлагать читатель впервые воспроизводить практически полностью без купюра 
12767	 короче подставляться старый дурак сам теперь приходиться объясняться поэтому очень просить опубликовывать это мой объяснение без купюра желать обещать высылать 
25844	 регулярно сталкиваться проблема ветхий порывать денежный купюра 
25844	 торговый сеть при оказание услуга отказываться принимать подобный купюра 
25844	 ветхий купюра новый можно обменять 
25844	 если купюра состоять два часть 
25844	 случай если купюра разрывать более мелкий часть 
25844	 кто-то выбрасывать целый рудник как выходить хождение мелкий денежный купюра 
25844	 для фунт стерлинг еще ассоциироваться реальный деньги так как купюра выглядеть необычно 
25844	 поэтому играть абсолютно раскованный спрашивать вращать рука очередной пачка купюра 
25844	 мальчишка доставать карман несколько купюра хватить оценивать его финансовый возможность 
25844	 катя быстро доставать сумочка кошелек отсчитывать купюра 
25844	 это коваленко протягивать юлия платонович два стодолларовый купюра 
25844	 новый случай обнаружение поддельный денежный купюра зарегистрировать мордовия декабрь 
25844	 летний безработный женщина при погашение кредит расплачиваться поддельный денежный купюра достоинство рубль серия 
25844	 при пересчет денежный выручка обнаруживать фальшивый денежный купюра достоинство рубль образец 
12767	 теперь коммерческий радиоканал главный белый рэпер быть транслировать час сутки рэп хип-хоп без купюра цензура 
25844	 рублевый денежный купюра выводиться обращение белоруссия 
25844	 рублевый купюра самый популярный российский фальшивомонетчик 
25844	 разумеется крупный купюра всегда привлекать себя повышенный 
25844	 подделывать мелкий купюра слишком невыгодно хотя оценка 
25844	 согласно информация центробанк сегодня обращение находиться около миллиард рубль причем ежегодно обнаруживаться тысяча поддельный купюра 
25844	 впрочем срок жизнь фальшивка много три месяц ведь ежеквартально все купюра проходить автоматический проверка подлинность 
12767	 ббя правильно понимать что все быть опубликовывать без купюра 
25844	 письмо продолжать приходить денежный купюра они уже быть 
12767	 архив эрмитаж частность храниться письмо научный сотрудник лилова сталин процитировать без купюра сталин 
12767	 литературовед страна совет смущать резкий неприятие ленин поэзия маяковский множество купюра который советский цензура отмечать путь 
25844	 при пересчет деньги случайно порывать денежный купюра достоинство рубль 
25844	 если купюра просто порывать пополам 
25844	 если анализ подтвердить подлинность купюра максимум через два неделя она 
25844	 как впрочем другой городской отделение другой банк иметь лицензия центральный банк поскольку весь правило обмен купюра регламентироваться именно этот банк 
25844	 телесюжет разоблачать взяточник обычно присутствовать денежный купюра который торжествующий оперативник раскладывать перед 
25844	 иногда купюра писать мелкий слово взятка 
25844	 если взяточник прикасаться купюра помечать мелкий ультрафиолет 
12767	 она лишь год выходить россия без купюра 
25844	 когда подъезжать обратно москва подходить один официант протягивать солидный пачка денежный купюра сказать это ваш доля олег 
12767	 высокий что сравнимый наслаждение читать вслух без купюра хотя половина 
12767	 подробность опускать поскольку весь набор документ без купюра отражаться специальный приложение 
12767	 просмотр пойти тот что без купюра 
12767	 тот время российский канал калигула без купюра показывать между прочее 
12767	 публикация этот доклад полный перевод без купюра хлопоты это стоить тогда немалый 
12767	 излагаться всевозможный точка зрение даваться они насколько мочь судить без купюра так что можно составлять представление 
12767	 гинзбург тайный запись который наконец читать без купюра 
12767	 изба быть печный отопление жрать нечего магазин только вонючий колбаса все утро пьяный правда там выучивать русский без купюра быть скучно 
12767	 только автоматика видеокамера еще очень мало чтобы даже садовый кольцо наблюдать без купюра успешно координировать немой 
12767	 когда мой статья многий купюра все напечатать журнал 
12767	 приводить свой запись практически дословно без купюра 
12767	 при минимум купюра спектакль заканчиваться около покровский 
12767	 профилактический работа без купюра проект россия 
12767	 выходить журнал москва очень большой купюра 
12767	 еще никогда прежде купюра цензура быть знаменательный 
12767	 твердо обещать что весь этот слово быть воспроизводить новогодний номер газета без всякий правка купюра 
12767	 жалко что убивать под москва читать журнал там черт быть купюра сборник это полно 
12767	 прерывать наш невеселый суждение связь информация виноградов сказать что все журнал покамест выпускать нужно заниматься мол айтматов заниматься обсуждать мой предложение насчет купюра связывать айтматов 
12767	 зачем надо еще редактор цензор который заведомо никогда назначать редактор журнал его некомпетентность вправе этот редактор над редактор изымать любой статья потребовать такой-то купюра 
