13284	 результат один сотрудник рэу останкинский узнавать парень бригада рабочий снимать квартира проспект мир 
13284	 вымащивать гранитный плита широкий тротуар построить импозантный улица ширина невский проспект говорить георгий иванов 
13284	 корреспондент задание редакция утренний час вставать около триумфальный арка кутузовский проспект который московский чиновник вперемежку 
13284	 особый гордость застройка микрорайон дорожник район доручасток октябрьский проспект 
13284	 жить восьмой этаж дом ленинский проспект сомбатхейский микрорайон 
28382	 первый год дизайн реклама ходить все много праздный старушка собирательница радовать глаз пестрый рекламный проспект маленький календарик 
0	 законодатель заново детализировать упрощать процедура выпуск размещение эмиссионный ценный бумага сосредотачивать особый внимание раскрывать проспект эмиссия ежеквартальный отчет 
0	 финансовый консультант это профессиональный брокер или дилер который помогать эмитент подготовка проспект эмиссия ценный бумага заверять 
1	 каменный глыба день наружу выходить холод бродить сумрачно улица проспект площадь простор который волна 
1	 что улица проспект лежать тяжко прямо долгий 
13284	 проспект мир оказываться без двадцать 
28382	 они становиться выпускать солидный реклама выразительный плакат печатать граница проспект буклет брошюра книжка провожать творческий 
28382	 вокруг немало человек разбогатеть бывать роскошный дом дача словно сходить рекламный проспект слышать хороший знакомый про 
13284	 посвящать друг тайна кутузовский проспект андрей становиться 
13284	 позвонить автомат васькянин усыплять сказать что денно нощно работать над статья свойство германий ягуар его пересекать ленинский проспект затем 
13284	 многоэтажный дом проспект мир подъезжать уже таиться 
13284	 вадим подливать коньяк уверять что сегодня вечер совершенно свободный вообще вести себя очаровательный тот пора пока примечать окно брести проспект труд долговязый сутулый человек 
13284	 подробный информация обращаться адрес россия москва зеленый проспект 
13284	 следующий раз обращаться предложение спроектировать здание для московский финансовый институт проспект мир 
13284	 после варшава она немного разговориться узнавать что она получать пенсия первый муж прохоров плунге старый коммунист реабилитировать посмертно что она хороший однокомнатный квартира проспект мир недалеко метро где 
1	 этот имя множество быть переназывать город площадь улица проспект дворец университет школа санаторий горный 
28382	 мечта венецианский карнавал сбываться нежданно-негаданно сбываться как это часто бывать считаный минута просто заглядывать туда куда обычно заглядывать рекламный проспект компания виза который получать каждый 
13284	 павел флоренский дурылин литературный музей квартира брюсов она музей серебряный век проспект мир 
28382	 течение весь полет два звездолет класс рейнджер ежесекундный следить обстановка любой момент готовый приходить помощь обещать доверчивый обыватель рекламный проспект 
28382	 звездный компас полагаться слепой удача стараться предотвращать устранять его последствие чем скромно самый конец упоминаться рекламный проспект 
28382	 через полгода жемчужница исключать рекламный проспект вычеркнуть маршрут туристический 
28382	 фешенебельный лайнер компания уходить радужный ворота уникальный цветовой гамма энергетический всплеск явление вселенная как утверждаться рекламный проспект 
0	 ограничение связывать технический фактор весь проспект эмиссия спб необходимо переводить 
13284	 муж наконец почти подниматься проспект гагарин 
13284	 такой случай если строго соблюдать пдд получать что водитель должный останавливаться чтобы пропускать пешеход идти левый сторона как улица зелинский где неширокий двухполосной дорога так проспект мир его четыре полоса 
13284	 кроме прошлый неделя уже существовать рейс добавляться еще один автобус теперь ходить проспект мир километр 
13284	 взять пример участок проспект мир два гостинка три общежитие 
28382	 напротив приваливаться парапет молодой человек яркий световозвратный жилет который крупно выводить золото рука пачка рекламный проспект 
13284	 однажды присниться сталин такой строгий красивый белый мундир орден так приятно что рядом такой гордый гордый будто идти под рука проспект мир который когда-то называться 
13284	 быть претензия спецавтохозяйство часть что они усиливать засыпка улица ряд управляющий компания проспект мир улица химик кочетов 
13284	 все показывать сторона проспект мир 
28382	 никто родные мой девчата белоруска нет сегодняшний куба где как гриб расти четыре пятизвездочный отель цитировать рекламный проспект построить фирма мировой имя 
13284	 любой случай очевидно что сурков демонстративно отстранять весь вопрос так или иначе связывать внутренний политика значит именно назначать виновный появление феномен болотный площадь проспект сахаров 
1	 напоминать около население страна жить при это малый город деревня поселок городской тип поселение совсем другой жизненный ресурс запас привыкание терпение другой возможность самовыражение там среди прочее попросту нет такой площадь проспект 
13284	 огрызок карандаш читательский требование оборот записывать проспект вернадский раменки автобус номер 
13284	 библиотека белый альбом продолжать пополняться песня шумов мочь присылать каждый кто поддерживать резолюция митинг болотный площадь проспект сахаров также движение оккупать 
13284	 автомобильный стоянка давно уже проходить вдалеке излучина появляться железнодорожный мост который заканчиваться здесь набережная появляться наш берег река крутой косогор уходить вверх желтый серый спина стоять там наверху советский имперский дом торжественный здесь отсюда почти вообразимый фасад обращать кутузовский проспект другой берег какой-то барак 
13284	 большинство доезжать близлежащий станция метро маяковская новослободский проспект мир дзержинский далеко 
13284	 следовать проспект сахаров выглядеть уже почти как 
13284	 декабрь год митинг проспект сахаров среди недовольный распространяться вера 
13284	 пока болотный площадь проспект сахаров предпочитать говорить гражданский 
13284	 площадь ленин улица ленин ленинский проспект свердловский набережная 
28382	 мечта венецианский карнавал сбываться нежданно-негаданно сбываться как это часто бывать считаный минута просто заглядывать туда куда обычно заглядывать рекламный проспект компания виза который получать каждый 
28382	 рекламный проспект тоже значиться что посетитель представляться 
13284	 поэтому москва советский это первый очередь нелепый сталинка венецианский лоджия кутузовский проспект престижный столь безликий 
13284	 квартира один дом проспект ленин возле кинотеатр искра быть 
13284	 хороший плавный поворот мичуринский проспект кольцевой дорога пролететь 
28382	 она доставать отличный полиграфия рекламный проспект экстатически зачитывать спешить 
0	 краткий информация русский язык самый крупный золотой можно находить здесь гиперссылкаподробный информация английский язык включая проспект эмиссия можно находить сайт 
28382	 полагаться рекламный проспект даже уже построить 
13284	 можно сэкономить останавливаться гостиница виктория проспект победа 
13284	 елизавета петровна скончаться декабрь год временный деревянный зимний дворец стоять угол невский перспектива набережная река мойка теперь это невский проспект 
13284	 декабрь день праздник введение храм пресвятой владычица наш богородица святой патриарх московский весь русь кирилл совершать чин великий освящение церковь введение храм пресвятой богородица главный здание храмовый комплекс рязанский проспект москва 
13284	 данные г-н тетыш завершение проект малоохтинский проспект намечать конец 
13284	 напоминать что г-н столпнер становиться владелец участок земля площадь квартал ограниченный малоохтинский проспект свердловский набережная республиканский улица 
1	 город наверняка быть улица проспект стадион кинотеатр бульвар много 
1	 много год назад студенческий каникулы впервые увидеть снежный простор нева чугунный кружево набережная мост проспект 
13284	 семипятницкий тут собираться спускаться стоянка заводить автомобиль поехать набережная невский проспект 
13284	 проходить набережная канал перпендикулярно пересекать невский проспект зайти давно облюбовывать 
1	 постепенно плыть замирать узор который складываться дома вокзал парк улица проспект отчетливо опрокидываться карта город 
28382	 комендант словно сходить рекламный проспект программа колонизация уверенный открывать 
13284	 натыкаться редкий прохожий подталкивать друг друг выходить проспект труд главный улица полумиллионный город 
13284	 они выходить свой любимый проспект труд 
13284	 когда давать машина так радость принимать самый малость снести ограждение кутузовский проспект 
13284	 зоя вытягивать вазочка узорчатый салфетка краешек размашистый начеркать это недалеко кутузовский проспект капитан васильчиков взять салфетка прочитывать 
13284	 ограбление кутузовский проспект твой рука дело 
13284	 полтора год назад кутузовский проспект быть ограбить ювелирный магазин 
13284	 девять час открываться ночной ресторан калининский проспект 
13284	 калининский проспект ольга добираться попутка дряхленький 
13284	 следующий часть путь калининский проспект доезжать молчком 
13284	 знать тот поворот проспект ленин улица герман лопатин 
13284	 приказ перекрытие калининский проспект уныло замечать маршал никто 
13284	 едва рассветать сторона кутузовский проспект мост становиться выезжать танковый 
13284	 что толк бродить ленинградский проспект когда быть бульвар тверской страстной 
13284	 они выходить ленинградский проспект юра подымать рука стоять 
13284	 чемодан быть рука даже маленький сумочка кажется они покупать вместе какой-то дамский сумочка магазин ленинградский проспект рядом дом 
13284	 лететь ленинградский проспект светло-серый мерседес милиционер улыбаться 
13284	 южно-сахалинск правда показываться она самый обыкновенный кубик типовой дом прямой улица унылый название коммунистический ленин проспект мир 
13284	 быть участок кольцевой линия киевский проспект мир так называть северный дуга 
13284	 выходить значит тоннель проспект мир наш линия 
13284	 наш проспект мир тоже под ганза 
13284	 вот проспект мир вылезать было 
13284	 общий направление кутузовский проспект пересечение кольцевой 
13284	 этот раз проскочить кутузовский проспект андрей свертывать белорусский вокзал 
1	 огромный массив тысяча здание прорезать кольцо радиус улица проспект 
1	 здание улица проспект набережная быть столь великолепный 
13284	 проспект победа калининград водитель мерседес 
1	 менее острый проблема парковочный место центральный часть наш северный столица санкт-петербург где старинный улица проспект отягощать трамвайный путь приспособлять 
28382	 сми разрешение санкционировать использование торговый промышленный реклама изображение военнослужащий военный техника более широкий использование наглядный агитация рекламный проспект военный призывной орган демократизация военный 
1	 выпадать свободный минутка ходить проспект руставели прилегать улица 
0	 законопроект устанавливать специальный порядок выпуск краткосрочный облигация один год банк россия без государственный регистрация выпуск без проспект эмиссия государственный регистрация отчет 
0	 это позволять регулировать срок обращение облигация делать короткий установленный проспект эмиссия 
1	 через пара день они снова встречаться снова гулять университетский набережная съездовский большой проспект посидеть соловьевский садик где 
13284	 потом разный день перекрывать для движение московский ленинский проспект адмиралтейский университетский английский набережная 
13284	 непривычный оживленный проспект победа уличный кафе 
0	 пятница транскредитбанк определять что делать зарегистрировать декабрь прошлый год проспект дополнительный эмиссия акция банк 
0	 поэтому формально отменять зарегистрировать проспект эмиссия мочь лишь акционер банк 
0	 информация известие зарегистрировать проспект эмиссия написать что право первоочередный 
1	 рыбников ходить гендель ярославский улица проспект затем гордость рассказывать 
1	 едва пригревать солнышко оживлять повеселеть улица проспект наукоград как север накатить 
1	 удивлять петербуржец потемкинский деревня авральный работа благоустройство город покраска наскоро фасад вдоль центральный транспортный магистраль набережная спешный замена асфальтовый покрытие весь проспект предназначать для проезд кортеж 
0	 облигация наоборот сложность эмиссия необходимость уплата налог регистрация проспект эмиссия регистрация результат эмиссия периодический 
0	 складской свидетельство являться эмиссионный ценный бумага выпуск требовать государственный регистрация регистрация проспект эмиссия 
1	 например если общество руководствоваться только величина стоимость недвижимость дом находиться центральный улица проспект оказываться оценивать одинаковый 
1	 несколько десяток тысяча демонстрант двигаться проспект мир направление останкино 
13284	 комплекс площадь квадратный метр быть возводить пересечение сабировский улица богатырский проспект 
1	 город населенный пункт улица проспект переулок дом корп 
13284	 вчера утро перекресток проспект победа улица мавлютово выстраиваться 
0	 состав делегация входить специалист около зарубежный российский инвестиционный компания банк среди который тройка диалог атон капитал проспект метрополь никойл альфа-банк финанс аналитик 
1	 причем количество фиксировать этот место авария сравнимый разве что статистика дтп самый черный улица проспект какой-нибудь большой российский город 
13284	 вне конкуренция здесь кутузовский проспект 
13284	 общий площадь магазин располагать проспект победа советский район город 
0	 формат каталог годовой отчет проспект буклет проект адресовать прежде все 
13284	 маршрут задействовать богатый потенциал исторический территория этот часть город его ключевой объект башня шухов шаболовка донской монастырь площадь гагарин комплекс новый здание ран ленинский проспект нескучный сад андреевский князь голицын 
13284	 размещение невский проспект иметь свой особенность площадь 
13284	 наиболее высокий категория перевести некоторый участок линия васильевский остров лиговский проспект также сенной площадь 
28382	 наиболее высокий тариф подвесной реклама невский проспект месяц 
13284	 этот день член городской правительство активист общественный организация побывать митинг принимать участие возложение цветок пискаревский мемориальный серафимовский кладбище площадь победа невский проспект 
13284	 устойчивый спрос жилье проспект ленин 
13284	 усилов трешка предлагать тысяча доллар проспект ленин трешка кирпич площадь 
1	 впереди показываться площадь развилка дорога кольцо троллейбусный провод проспект начало который венчаться многометровый возноситься 
0	 гоголевский бульвар располагаться лишь отделение этот банк головной офис кутузовский проспект 
13284	 переходить полдень международный женский день придумывать клара цеткин невский проспект станция метро площадь восстание 
1	 пример прямо рассыпать вокруг ряд этот самый пересечение улица проспект 
1	 метафизический пустота покинутый улица площадь повальный бегство город мертвый гибель весь изысканный утонченный травка пробиваться сквозь булыжник обезлюдеть проспект позволять мандельштам довольно рискованно называть 
28382	 поначалу листать тетрадь труд разбирать бисерный каракуля хотеть было выбрасывать они вместе накапливаться груда макулатура проспект журнал газета реклама уличный 
1	 просто идеальный свой законченность ломаный линия его башня нигде взрываться современный здание морщинистый кожа площадь улица проглаживать один проспект этот органичность мочь позавидовать 
1	 встреча семантика смерть главный площадь проспект европейский столица как-то неуместный 
0	 место бывший монумент бетон изображать стиль кубизм пролетариат разрывать двуглавый орел теперь стоять стеклянный свеча банк олимп сейчас проспект комсомол 
28382	 новый заметно потерять скоростной характеристика становиться еще более роскошный проспект утверждать что завод мочь 
28382	 париж этот осень раскрывать тайна что весь управление осуществляться исключительно электроника нет такой деталь как привод педаль газ сосуд для тормозной жидкость рулевой вал только провод как утверждать проспект только известно что надо 
1	 пытаться вылеплять свой герой этакий монументальный образ идеальный безгрешный весь отношение который уже при жизнь пора ставить памятник называть его имя улица проспект 
1	 ехать аэропорт утро обнаруживать что москва оказываться по-прежнему поливать поливальный машина добросовестно выливать улица проспект тонна вода 
28382	 благородство обязывать как говорить проспект жорес или лассаль кто как 
28382	 именно озвучивать очкастый помесь библиотека приключение рекламный проспект турфирма добивать вконец 
1	 потому широкий улица проспект город чистый ухоженный застройка 
0	 нередко сам устав акционерный общество противоречить законодательство некоторые регистрировать проспект эмиссия 
28382	 теперь дом номер шесть выглядеть подобно респектабельный особняк рекламный проспект 
