20510	 более работодатель неразумно навязывать тот страховой условие который штамповаться полис обязательный медицинский социальный страхование 
20510	 основание его оценка лишь если компания оказываться чистый быть выписываться страховой полис 
20510	 перечень документ заявление автобиография паспорт диплом копия заверять нотариус мед справка обязательный отметка дерматолог рентгенолог фотография военный билет приписной свидетельство страховой полис инн 
20510	 мочь понимать что дело говорить марина андреевна после шок вспомнить что федирко приходить утро тот день просить давать документ медицинский карта полис свидетельство рождение лора 
20510	 сейчас наиболее крупный известный банк направлять свой клиент импортер страховщик полис страхование кредит 
20510	 как правило цена аренда включать себя стоимость страховой полис ущерб угон стоимость бензин 
20510	 небрежный обращение водитель автомобиль прокатный компания подстраховывать себя только страховой полис франшиза 
20510	 даже если страховой полис вносить очевидный вещь все равный 
20510	 частный страховой полис плясать доллар 
20510	 действие полис распространяться весь мир исключая 
20510	 тот кто совершать многократный поездка течение год целесообразный воспользоваться годовой полис 
20510	 страховой компания росно они мочь предлагать годовой полис страхование 
20510	 течение срок действие полис можно совершать многократный поездка продолжительность 
20510	 этот полис понадобиться если ваш вина 
20510	 этот случай можно обращаться бюро зеленый карта тот страна где данный момент находиться урегулировать отношение потерпевший что давать полис во-первых гарантия получение профессиональный помощь 
20510	 достаточно связываться центр неотложный помощь сообщать фамилия имя номер страховой полис подробно описывать обстоятельство характер 
20510	 поэтому всякий случай перед оформление полис поинтересоваться какой именно образ страхователь 
20510	 для чтобы пускаться путь личный авто приходиться обзаводиться страховой полис 
20510	 статья страховой медицинский полис каждый гражданин отношение который 
20510	 каждый гражданин отношение который заключать договор медицинский страхование или который заключать такой договор самостоятельно получать страховой медицинский полис 
20510	 страховой медицинский полис находиться рука застраховывать 
20510	 форма страховой медицинский полис инструкция его ведение 
20510	 страховой медицинский полис иметь сила весь территория 
20510	 момент заключение договор медицинский страхование выдавать страхователь или застраховывать страховой медицинский полис 
20510	 минздрав предлагать создавать новый система медицинский страхование омс чтобы человек покупать дополнительный полис суть это государственный вариант 
20510	 слово представитель ингосстрах компания который быть вынуждать снижать активность под давление высокий убыточность постепенно возвращаться регион что позволять улучшать ситуация доступность полис осаго 
20510	 первый очередь под сокращение попадать региональный сеть страховой компания включая крупный уже год активно сокращать число точка продажа полис урегулирование убыток 
20510	 правда приобретать полис онлайн смочь лишь тот кто 
20510	 самый распространенный вид директ страхование сегодня страхование автокаско осаго упрощенный продукт страхование имущество физический лицо полис страхование выезжать рубеж 
20510	 после принятие закон электронный страхование клиент мочь совершать полноценный покупка полис онлайн 
20510	 также онлайновый режим клиент иметь возможность вносить очередной платеж при покупка полис рассрочка узнавать статус 
20510	 номинальный рост рынок год быть способствовать принятие год закон медицинский страхование мигрант который обязывать иностранный гражданин лицо без гражданство при устройство работа россия предъявлять работодатель полис 
20510	 мнение генеральный директор уралсиб сирма готовац для дальнейший поддержание собственный рентабельность страховщик необходимо оптимизировать бизнес процесс ввод полис урегулирование страховой случай 
20510	 удаваться добиваться отмена двойной налогообложение выплата накопительный полис 
20510	 результат становиться плохо все страховой услуга доступный все везде страховой компания уходить рынок банкротиться страдать из-за это потребитель теперь ряд регион вынуждать покупать фальшивый полис осаго либо ездить 
20510	 анатолий кобенков все-таки успевать похлопотать андрей знать даже что такой страховой полис устраивать тубдиспансер 
20510	 даже если руль сидеть собственник машина достаточно что вписывать полис осаго 
20510	 при оформление полис осаго себя чей-то 
0	 рассматривать феномен пример пожалуй наиболее известный хрустальный череп который как утверждать английский археолог фредерик митчелл хеджес обнаруживать джунгли британский гондурас современный белиз город упасть камень лубаатун один крупный полис древний цивилизация майя полуостров 
0	 карнаро как все сразу античный полис немного древний рим 
0	 народный собрание член который являться весь свободный гражданин эфес проводиться именно здесь агора как другой полис 
0	 одеон булетерион вместе традиционный для греческий полис агора пританеон здание городской 
20510	 кроме ваш ребенок быть оформлять страховой полис путешественник зао страховой компания чартис 
20510	 вылечивать это ходить больница полис прописка деньги лиза 
20510	 кроме иметь страховой полис иметь право соглашаться или 
20510	 леонид зипп медицина загон придумывать мед полис вот поэтому 
20510	 важно также знать что при оформление договор страховщик требовать большой количество документ даже свидетельство собственность обязательно однако при наступление страховой случай обладатель полис мочь ожидать неприятный сюрприз отказ 
20510	 еще один минус данный вариант что стоимость строение быть определяться после наступление страховой случай мочь серьезно расходиться указывать полис страховой сумма объяснять артем искра 
0	 знаменитый лисистрат аристофан женщина помощь отлучение мужчина комиссарский тело просто говорить помощь сексуальный голод добиваться остановка война между греческий полис 
0	 бездельник откровенно цинично декларировать свой право праздность это преступник сектант человек богема идиот изначально древнегреческий слово обозначаться частный лицо отказываться принимать участие общественный жизнь античный полис 
0	 волдимарс полис древний греция исторически продемонстрировать многие 
0	 древний мир государство изначально создаваться город город полис 
0	 понимать что самый полис древний город государство почти невозможный 
0	 вместе бурно развиваться механика химия расширяться круг источник энергия появляться зачаток новый социальный управленческий технология как производственный хозяйственный включая сфера отношение древневосточный античный феодальный собственность так властно регулировать тип государственный правовой институт тип восточный деспотия военный демократия полис империя клиентела абсолютизм 
0	 например античный трагедия пронизывать весь отношение античный общество жизнь полис 
0	 философ уже античность усматривать некий антагонизм между полисный государство культура греческий полис хотеть допускать никакой история 
0	 платон рассматривать полис совместный поселение как нечто создавать 
0	 еще платон уподоблять государство точно полис человеческий тело этот традиция 
0	 особенность античный историография быть преимущественный интерес местный история история отдельный полис или группа 
0	 предмет политический философия исторически определять сегодня понимать под оно современный государство тот время называть его словом заимствовать древний грек очень специфический как многие утверждать негосударственный институт полис 
0	 примерно так государство полис республика империя это просто 
0	 называть греческий полис государство анахронизм анахронизм необходимый 
0	 такой аналогия более правомерный поскольку полис государство еще конец 
0	 если приходиться брать напрокат автомобиль испания или греция поинтересоваться включать предлагать полис так называть выкупной залог 
0	 помнить это стоить тот случай если взять машина другой страна испания или греция находиться лишь проезд вид полис чтобы покрывать весь стандартный риск 
0	 каждый удаваться дослушивать конец вопрос чтобы давать заранее приготавливать ответ что древний греция называть полис думать что словом полюс 
0	 развитие демократия связанный прежде все развитие институт гражданский общество который берет начало еще греческий полис или новгородский вече 
0	 античный полис весь партия игра разыгрываться вслух 
0	 читать про себя заниматься политика про себя другой быть равный мера непонятный для греческий полис 
0	 куда мало знать что казак жить свой самоуправляемый община свой собственный писать неписывать закон обычай сохранять вплоть начало век традиция демократический управление киевский русь или греческий полис причерноморье 
0	 историк фюстель куланж еще прошлый век справедливо указывать что подобно как функциональный назначение семья первый очередь это функция деторождение также брак смерть почитание предок формировать сердце греческий римский частный религия так полис находиться сердце общественный публичный 
0	 общеизвестно что сам слово политика брать свой начало греческий полис быть город государство 
0	 античный культура полис быть просто форма социальный 
0	 этот загадка просить разгадка или крайний мера размышление подумать посмотреть глядеть площадь фронтон храм аполлон или мочь быть ворота весь святилище большой комплекс священный роща прихрамовой постройка место хранение казна греческий государство потому что греческий полис свой казна для хранение сдавать 
0	 характерно что греческий полис знать отличие 
0	 образ мир определять литература определять она кардинальный меняться человек стоять как всегда его центр соотноситься уже абсолютизировать природный социальный бытие космос полис античный литература 
0	 более прощать что судить прежде все подрыв государство сохранность афинский полис тревожить теперь мало чем прошлогодний 
0	 это нормальный ряд монархия власть один аристократия власть хороший или для хороший цель политейя власть народ малый государство полис осуществлять общий интерес 
0	 философ платон насмешливо сравнивать этот полис лягушка усаживаться берег 
0	 показательный этот отношение располагать юго-западный крым крупный древний город полис херсонес средний век корсунь 
0	 древний греция страна объединять множество рабовладельческий город государство полис 
0	 история греция особый значение иметь два полис афины спарта 
0	 для они идеальный город быть полис демократия там царь потомок 
0	 замечать скобка что под государство гегель как платон понимать данный случай вовсе только известный политически правовой организация государство современный смысл этот термин только весь вообще совокупность социальный установление регламентировать жизнедеятельность индивид бытовой нравственный интеллектуальный эстетический проявление слово весь что составлять своеобразный культура некоторый полис город государство весь что 
0	 важный художественный символ греческий полис быть театр представление трагедия 
0	 век македонский гегемония филипп при хероной побеждать объединять греция следующий год коринфский мир подчинение весь греческий полис македония 
0	 замечать что греческий герой существовать какой-то образ вне полис 
0	 кажется этот имя являться исковеркивать слово греческий язык иса тина полис быть город весь 
0	 сожаление мочь ясно представлять себя пока тот сумма научный знание который доставаться древний эллин когда среда выявляться научный мысль когда она впервые принимать научно философский структура вне религиозный космогонический поэтический построение когда впервые эллинский городской цивилизация полис создаваться научный методика логика 
0	 между дифференциальный исчисление династический государственный принцип людовик между античный город полис как форма государство эвклидов 
20510	 кто-то это получаться хорошо тот замятин быть публикация онс логос полис человек кто-то плохо 
20510	 полис страхование жизнь компания страхование 
20510	 теперь каждый аккуратный клиент смочь напрямую влиять стоимость свой полис 
20510	 если водитель демонстрировать безопасный стиль езда возвращаться сумма выплачивать ранее полис каско 
20510	 весь собираться сходиться мнение что бомж желать подниматься дно жизнь препятствовать действующий система при который если нет человек регистрация место пребывание паспорт мочь медицинский полис получать пенсия оформлять работа 
20510	 при это ужесточаться санкция для водитель который вписывать полис осаго если ранее они грозить 
20510	 тот медпомощь формально оказываться все бесплатно факт полис омс привязывать место жительство 
20510	 теперь водитель должный представлять инспектор пост только три ксива право свидетельство регистрация транспортный средство полис осаго 
20510	 например при выезд чужой автомобиль граница или получение выплата страховой полис оформлять собственник машина 
20510	 талон вписываться только код автомобиль значит для прохождение осмотр больше понадобиться медицинский справка полис осаго нотариальный доверенность 
20510	 они счастие быть сидеть ради это придорожный засада однако без талон полис обязательный страхование автогражданский ответственность осаго 
20510	 сергей алейников сюжет мой жизнь однажды пара год назад укусить ротвейлер ухо короче это самый ухо мой бедный болтаться кусочек кожа когда приносить рука доктор сказать доктор пришивать пожалуйста ухо обратно где ваш полис 
20510	 махать рука говорить полный бессмысленность трата полис резко превращаться апологет страхование 
20510	 исключение составлять лишь владелец дорогой дом который покупать полис сразу после завершение строительство или 
20510	 тот кто еще приобретать полис или хотеть сменить страховщик сегодня 
20510	 пример компания оранта при покупка полис страхование загородный дом обещать пятипроцентный 
20510	 хотя конечно при выбор страховщик хорошо ориентироваться скидка подарок условие договор итоговый стоимость полис 
20510	 предлагать широкий ассортимент страховка для дача экспресс полис который агент мочь выписывать даже 
20510	 клиент выписываться только полис требоваться заполнение заявление осуществление 
20510	 экспресс полис выгодно страховать недорогой дом при 
0	 македония что быть дико для полис 
20510	 стоимость годовой полис клиент получать возможность обслуживаться 
20510	 как уточнять игорь ямов период страхование быть рассчитываться индивидуально зависимость клиент автомобиль некоторый автомобиль максимальный дополнительный срок годовой полис ингосстрах составлять около семь месяц 
0	 воображение рисовать самый разный сценарий общественный развитие античный полис или элитарный касталия где весь 
20510	 так складываться что сегодня россия наиболее заметный развитие получать сегмент автострахование владелец машина закон обязанный приобретать полис обязательный страхование автогражданский ответственность осаго 
20510	 сумма возмещение ущерб полис осаго предназначать 
20510	 каско довольно дорогой удовольствие стоимость годичный полис доходить среднее 
20510	 при обращение напрямую страховой компания вполне вероятный следующий сценарий профессиональный сирена умело замаскировывать недостаток выгодно выпячивать преимущество свой страховой продукт давать время анализ получать информация уверять что предлагать полис самый хороший 
20510	 при обращение напрямую страховой компания вполне вероятный следующий сценарий профессиональный сирена умело замаскировывать недостаток выгодно выпячивать преимущество свой страховой продукт давать время анализ получать информация уверять что предлагать полис самый хороший подписывать 
20510	 при это становиться обладатель полис выбирать страховщик этот 
20510	 водительский право банковский счет медицинский карта страховой полис ключ зажигание ключ дом 
20510	 многий москвич уже самостоятельно оформлять полис добровольный медицинский страхование рано такой 
20510	 бедный человек который именно страхование жизнь мочь спасать при непредвиденный обстоятельство зачастую просто готовый платить страховой полис что итог приводить 
20510	 вице-президент российский союз автостраховщик рса андрей батуркин объявлять что уже первый квартал год исчерпываться фонд выплата страховой возмещение гражданин полис осаго 
20510	 этот случай деньги выплата полис страховщик банкрот исчерпываться конец 
20510	 теперь разыскивать компания мочь даже агент брокерский фирма который должный передавать она средство реализация полис осаго также остаток неиспользованный 
20510	 при это средний цена полис осаго расти данные рса 
20510	 такой ситуация играть рука крупный компания чем много быть скандал связывать банкротство мелкий игрок тем много потенциальный клиент становиться обращать внимание надежность страховщик стоимость полис мелкий компания традиционно демпинговать предлагать 
20510	 источник данные компания стоимость полис каско руб данные страхование 
20510	 они касаться претензия который налоговый ведомство выставлять договор прямой страхование перестрахование также подвергать сомнение законность выплата комиссия агент брокер при пролонгация заключенный ранее полис 
0	 они стремиться она создавать как пример муравей стремиться соединять свой уютный жилище один супермуравейник грек привыкать жить небольшой община полис они ощущать себя один народ 
20510	 пришелец мочь жить чужой полис протяжение несколько поколение 
20510	 можно торговать акция биржа можно рекламный место собственный сайт или продавать страховой полис тут электронный платеж незаменимый 
0	 коля полис взять мой кое-как один губа 
20510	 также инспектор мочь снимать автомобиль номер если владелец быть полис осаго 
20510	 частность инспектор июль получать возможность снимать номер машина который иметь полис осаго сей пора быть 
0	 или точно иметь определенный привязка исторический момент когда понятие народ быть заново изобретать образ подобие греческий полис ойкос становиться эффект определенный 
0	 быть основание утверждать что средневековый город полис строиться функционировать опираться 
0	 этот слово греческий происхождение составлять про перед полис город 
20510	 впрочем метаболический паспорт мочь быть отдельный документ что-то вроде приложение полис медицинский страхование 
20510	 первый сохраняться наш день страховой полис быть выдавать год назад 
0	 попадать полис город разыскивать там 
0	 леха говорить что там один мужик обещать что через месяц быть партия книга полис 
0	 пытаться думать как именно надлежать пробираться полис пробовать строить план медленно 
20510	 даже если проникать южный застава удаваться надо еще быть находить относительно безопасный путь полис 
20510	 воспользоваться что женька отходить поболтать сидеть неподалеку они платформа девушка артем украдкой доставать рюкзак крошечный карта метро отпечатывать обратный сторона обугливаться край рекламный листок прославлять давно сгинуть вещевой рынок обвести полис несколько раз огрызок простой карандаш 
20510	 первый уровень это мочь быть депозитный сертификат страховой полис банковский гарантия 
20510	 еще один направление деятельность группа оформление полис медицинский страхование 
20510	 полис этот автозаводец получать благодаря договор 
20510	 одновременно оформлять заявка полис омс они уже 
20510	 напоминать они вкратце грозить штрафстоянка если нет при себя право забывать пока получать исключение учебный езда лишать или документ автомобиль включая полис осаго доверенность чужой 
20510	 во-первых все страховать гражданский ответственность перед третий лицо во-вторых все много автовладелец покупать полис чтобы получать компенсация случай 
0	 мера ускорение темп социальный изменение период закат этот модель нравственный жизнь становиться весь короче независимо ориентироваться они греческий полис сословие средневековый 
20510	 называть страховой полис оформляться русский язык 
20510	 экспертный оценка подготовительный этап перед получение страховой полис 
20510	 брокер классический понимание этот слово независимый лицо выступать посредник между страховой компания страхователь содействовать заключение договор страхование полис 
20510	 название такой компания все слух это облегчать реализация полис при это цена 
20510	 следовательно всегда нужно обращать максимум внимание фиксировать договор страховой компания размер комиссия который брокер быть получать каждый выписывать страховой полис 
20510	 обычно размер комиссия изменяться зависимость вид страховой продукт количество выписывать полис 
20510	 первый время страховой компания выдавать десяток страховой полис дальнейший развитие отношение 
20510	 обычно стоимость размещение пункт продажа страховой полис территория компания автодилер оговариваться 
20510	 сегодня рынок пресса представлять лишь один специализированный издание посвящать вопрос страхование журнал русский полис 
20510	 ведь подавлять большинство застраховывать лицо приобретать полис непосредственно страховой компания просто 
20510	 сюда включаться отчет повреждение который указывать необходимость замена или ремонт тот или иной деталь калькуляция материальный ущерб причинять время дтп стоимость восстановление потребительский эксплуатационный качество автомобиль копия лицензия страховой полис фирма оценщик также фотография 
20510	 отчасти это объясняться что закон осаго еще начинать работать полный сила оценка страховой фирма начало март полис осаго приобретать более 
20510	 сам слышать что один руководитель гаи объявлять решение штрафовать январь тот кто нет полис осаго пока дума окончательно 
0	 так что теперь полис осаго всегда должный быть 
20510	 кстати возить себя нужно именно полис стикер который выдавать 
20510	 статья коап отсутствие полис страхование гражданский ответственность независимо 
20510	 полис комплексный страхование банк приобретать 
20510	 мнение эксперт росгосстрах качественный оценка риск полис мочь проводить лишь несколько 
20510	 другой лагерь быть боец который нарушать правило причем грубо например кто-то автовладелец пытаться при помощь страховой полис сколачивать некий капиталец 
20510	 постановление май нет слово скольким человек автовладелец иметь право вписывать полис если решать ограничивать количество человек 
20510	 менее многий компания самовольный решать что клиент иметь право вписывать полис только пятеро потенциальный водитель 
20510	 почему пять шесть или десять неясно цифра этот пойти гулять компания нарушать закон теперь только мелкий страховщик который полгода успевать продавать всего несколько десяток полис осаго весьма уважаемый 
20510	 этот участок граница фигурировать лишь один страховой компания больной женщина ждать мочь приходиться выкладывать полис сумма называть страховщик 
20510	 один наш самарский читатель купить автомобиль москва здесь решать приобретать полис осаго чтобы без проблема доезжать 
20510	 после принятие закон обязательный страхование гражданский ответственность владелец транспортный средство региональный компания принимать решение создавать дочка продажа полис осаго 
20510	 свой регион каждый учредитель создавать филиал для продажа полис осаго лицо 
20510	 опять рука калькулятор необходимый процедура покупка полис обязательный страхование документ приус 
20510	 пострадавший должно останавливать отсутствие документ страховой медицинский полис 
20510	 вместе акция получать страховой полис каждый тысяча рупель 
0	 разумеется речь идти априорный человеческий равенство житель рим это быть гражданский равенство рамка один отдельно взять община римский полис присущий сложный понимание свобода 
0	 соответственно кризис представление честность судья политик перенос лояльность военный народ целое полководец постепенный утрата идеальный образ нравственный гражданин влечь себя кризис полис община как генератор политический участие 
0	 равный образ локальный греческий многое построить его образец римский полис представлять себя концентрированный 
20510	 достаточно отсутствие хотя один бумага правый свидетельство регистрация доверенность если машина ваш полис автогражданка гаишник иметься 
20510	 пусть вести его автомобиль без полис осаго без доверенность даже право 
20510	 должный возить себя полис осаго или достаточно стикер 
20510	 если полис обязательный можно вместо 
20510	 один документ который водитель должный иметь при себя передавать для проверка сотрудник милиция являться страховой полис обязательный страхование гражданский ответственность владелец 
20510	 один документ который водитель должный иметь при себя передавать для проверка сотрудник милиция являться страховой полис обязательный страхование гражданский ответственность владелец 
20510	 оба водитель заполнять бланк извещение дтп выдавать комплект документ вместе страховой полис 
0	 для подтверждение этот предположение быть проводить эксперимент привязка сыворотка больной клинический диагноз эви серозный менингит эпидемический серотип вирус коксак выделять время вспышка клинический материал питьевой вода полис вирус тип выделять 
20510	 папаша милый педиатр владелец собственный частный клиника сейчас отбывать срок место столь отдаленный глобальный махинация страховой полис 
20510	 российский страховой компания смочь вступать она ранее год этот случай продавать свой полис начинать январь год 
20510	 например если москва предложение какой-либо товар или услуга включая страховой распространять через сеть многоуровневый маркетинг вызывать недоверие естественный желание защищать свой карман регион подобный канал сбыт появляться поздно они реализоваться немало полис страхование жизнь несчастный 
20510	 наверняка можно сказать лишь что закон обратный сила иметь быть деньги уже заплатить полис осаго никто вернуть 
20510	 кроме банк предоставлять возможность оплачивать кредит страховой полис 
20510	 кроме предлагаться широкий спектр услуга оформление страховой полис кредит лизинг также 
20510	 качество бонус компания группа ренессанс страхование получать полис автокаско свой новенький вседорожник 
20510	 теперь мой часто болеть ребенок отказывать выдача страховой полис 
20510	 полис давать после звонок горячий 
20510	 лимит ответственность ограничение максимальный размер страховой выплата условие срок территория количество страховой случай указывать договор страхование полис 
20510	 дополнительный оборудование постоянно закреплять средство автотранспорт или внутри включать комплектация согласно инструкция завод изготовитель указывать полис заявление лист осмотр качество 
20510	 если иной прямо предусматривать договор страхование полис понятие багаж входить 
20510	 являться объект страхование ответственность вред причинять водитель пассажир сат если иной предусматривать договор страхование полис 
20510	 если лицо чей ответственность застраховывать называть договор страхование полис такой лицо являться страхователь 
20510	 событие удовлетворять определение риск указанный настоящий правило либо наступать причина иной чем указывать договор страхование полис 
20510	 событие наступать вне территория указывать договор страхование полис или счет территория страховой покрытие 
20510	 если территория страховой покрытие указывать договор страхование полис такой территория считаться территория 
20510	 событие наступать вне срок действие страхование определенный правило или указанный договор страхование полис или счет при это 
20510	 если договор страхование полис указывать срок действие страхование 
20510	 например наличие соответствующий сертификат качество или лицензия страховой полис допуск какой-либо процедура 
20510	 перед регистрация автомобиль организация приобретать полис обязательный страхование гражданский ответственность срок 
20510	 далее стоимость полис осаго должный списываться расход 
20510	 напоминать что очутиться ваш машина штрафстоянка мочь лишь тот случай если водитель иметь при себя документ тот число пресловутый полис осаго при управление транспортный средство 
20510	 как сообщать уральский автомобиль городской отдел гибдд середина январь инспектор при остановка водитель нарушитель становиться более пристально обращать внимание наличие или отсутствие страховой полис гражданский ответственность 
0	 долгий история согласование базовый тариф полис автогражданский ответственность близиться завершение 
20510	 часть средство который пойти оформление страховой полис также выделять краевой бюджет 
0	 или слушать влад где полис уже два неделя как 
20510	 такой точка зрение можно проиллюстрировать весьма характерный факт американский страховой компания продавать еще первый мировой война значительный количество страховой полис гражданин турция армянский происхождение лишь 
20510	 этот свет риторический звучать вопрос если цивилизованный америка человек страховой полис рука давность год 
20510	 полис обязательный медицинский страхование омс быть 
20510	 человек по-прежнему уповать государственный помощь лечебный учреждение предпочитать самостоятельно ходить больница полис омс 
20510	 поэтому рисковой программа сегодня работать лишь тот который обман практически невозможный медицинский помощь при несчастный случай клещевой энцефалит медицинский помощь при хирургический заболевание полис подразумевать лечение при инфаркт инсульт 
20510	 взнос подлежать уплата страховой компания рисковый полис значительно мало страховой покрытие 
0	 подобный услуга предоставляться как узкоспециализированный полис кардиология гастроэнтерология так 
20510	 зато по-прежнему живо страхование прикроватный когда полис оформляться прямо больница вместо 
20510	 как развивать страхование если больница очередь человек полис стоять 
20510	 в-четвертых золото обеспечивать финансовый безопасность экономика страна являться свой род страховой инвестиционный полис случай крайне неблагоприятный событие 
20510	 напрямую зависеть сколько страховой полис как птичка клюв 
0	 только древний грек свободный человек это гражданин полис безродный сирота 
20510	 стоимость годовой полис оказание только скорый помощь 
20510	 уже сейчас при прохождение техосмотр сотрудник гибдд требовать предъявлять страховой полис 
20510	 следовательно значительный часть автовладелец который проходить техосмотр июль декабрь оказываться распутье ездить без талон все-таки раскошеливаться приобретать полис 
20510	 новый закон доверять руль можно только кто вписывать страховой полис 
20510	 большинство физический лицо иметь реально работать полис получать они место 
20510	 весь гражданин желать купить полис добровольный страхование знать где 
20510	 весь полис добровольный медицинский страхование продаваться 
20510	 поэтому решать прибегать услуга страховой компания хорошо купить полис полный стоимость оговаривать 
0	 этот установка связанный общий концепция ифа читатель который гражданин большой полис какой государство они 
0	 при чтение этот номер становиться понятно что цель редактор составитель продемонстрировать связность весь происходить большой полис существование бесконечный аналогия между различный 
20510	 страховой компания феникс полис заканчиваться 
20510	 лиза юра женатый поэтому компания кто возникать подозрение когда парень приносить очередной заполнять полис 
0	 твой дыра копейка стоять что полис записывать 
0	 много все она хотеться отматывать лента время назад сделать так чтобы этот полис быть вообще 
20510	 для это надо быть начало год уведомлять это налоговый орган приобретать полис добровольный медицинский страхование 
20510	 страховщик областной центр выдавать неработающий население договор мэрия тыс медицинский полис 
20510	 какой гарантия давать страховой полис если заболевать врач 
20510	 понимать это продвигать гражданин все часто приобретать полис дополнительный медицинский страхование 
20510	 это говорить наталья сучков начальник отдел осао россия иметь полис человек оставаться один 
20510	 для обладатель полис серьезный страховой компания 
20510	 обычно страховой бизнес главное сколько средний клиент выкладывать полис самый возможность 
20510	 случай если клиент оказываться граница полис мочь становиться серьезный подспорье 
20510	 она заявлять что двое неизвестный похищать она сумка документ водительский удостоверение свидетельство регистрация ауди русый страховой полис служебный удостоверение также 
20510	 весь они иметь страховой медицинский полис обязательный страхование 
20510	 более что как гражданский клиника вма иметь лицензия статус государственный медицинский учреждение который распространяться действие полис обязательный медицинский страхование 
20510	 при это затрагивать практически каждый если закон быть принимать уклонение покупка соответствующий страховой полис быть преследоваться закон 
20510	 речь действующий система льготный добровольный страхование жилье москва где проц цена страховой полис оплачиваться муниципальный бюджет 
20510	 страховой полис комнатный квартира площадь 
0	 более государство приходиться взять себя львиный доля оплата обязательный полис аналогия добровольный льготный 
20510	 председатель гильдия павел михеев сообщать журналист что саратовский область страховой компания получать лицензия для продажа полис 
20510	 если водитель допускать авария течение год быть платить полис два раз маленький 
20510	 что касаться страхование медицинский все много работодатель сам покупать полис свой работник дублировать мумифицироваться государственный 
20510	 причем пряник предназначать работодатель страховать коллектив работник если купить личный полис 
20510	 это кстати еще один новация михаил зурабов предлагать оплачивать медицинский страховой полис для неработающий пенсионер средство 
20510	 чтобы избегать ошибка предлагаться стандартный способ обкатка новый модель несколько регион порядок эксперимент который стартовать возможно уже нынешний весна кто заплатить полис основной пункт рецепт который собираться 
20510	 вот почему дочь год сделать мама гостевой время действие шесть месяц получать дубненский полис 
20510	 здесь ходить врач без всякий проблема мама находиться стационар когда гостевой кончаться оформлять новый документ полис продлять отбирать 
20510	 слово галина васильевна медицинский помощь гражданин предел территория страхование оказываться объем базовый программа обязательный медицинский страхование при предъявление полис или паспорт 
20510	 иметь страховой полис выдавать дмитров как 
20510	 нигде работать биржа труд стоить соответственно иметь медицинский страховой полис 
20510	 нигде работать биржа труд стоить соответственно иметь медицинский страховой полис 
20510	 посоветовать пожалуйста как получать страховой полис чтобы начинать лечение 
20510	 основание положение инструкция порядок обеспечение медицинский полис обязательный страхование гражданин московский область 
0	 быть задавать вопрос никакой проблема полис быть должно 
0	 просто надо приходить взять себя паспорт выдавать полис как неработающий это быть временный 
20510	 если наш читатель ограничивать движение мочь получать полис кто-то другой 
20510	 по-настоящему закон зарабатывать только январь год когда без полис осаго смочь доезжать спокойно 
20510	 зато полис осаго защищать необходимость 
20510	 можно купить полис любой компания иметь лицензия минфин 
20510	 насколько обыватель мочь быть уверенный страховщик полис купить компания куда-то переезжать 
20510	 что касаться автогражданка если компания обанкротиться виновник дтп устанавливать или виновник нет полис пострадавший получать компенсация ущерб 
20510	 что касаться стоимость полис осаго для владелец маломощный 
20510	 для наш гражданин быть вредно если разработчик тариф доказывать реальный статистика сбор выплата почему разный регион разный коэффициент стоимость полис осаго 
20510	 раз морозов соглашаться откалывать крупный куш ленинский дело парижский жизнь вождь по-хорошему приходиться пускать ход страховой полис 
20510	 оказываться андреева быть страховой полис предъявитель жизнь савва быть 
0	 тогда весь человечество повертывать свой ценностный векторность экономика религия полис этнос порча земля 
20510	 май год медсанчасть открывать койка дневной пребывание стационар гастроэнтерологический эндокринологический кардиологический для весь житель дубна иметь полис обязательный медицинский страхование 
20510	 госпитализация этот койка осуществляться направление врач при себя необходимо иметь паспорт полис нога время 
20510	 кроме срок облигация следовать привязывать срочность полис страхование 
0	 уже античность различный политический образование полис республика становиться объект философский рефлексия 
0	 если качество объект фигурировать пространство существовать для сам участник социальный взаимодействие быть греческий полис феодальный владение или современный национальный 
20510	 новый миропорядок век имперский россия незаменимый страховой полис для будущий поколение 
20510	 общий собственный опыт приходить вывод что конституция наличие медицинский полис давать гарантия 
20510	 человек сей пора воспринимать страховой полис как еще один бюрократический справка 
20510	 вместе примерный оценка этот явление для россия мочь быть получать основа иметься сведение деятельность крупный страховой компания активно реализовать российский рынок полис страхование жизнь разрабатывать соответствие 
20510	 для рядовой гражданин это оборачиваться проблема лечиться дедок ребеночек два шаг дом задаром основание медицинский полис теперь они участковый 
20510	 отдавать последний копейка анализ лечение который новомодный реорганизация получать бесплатно полис 
0	 рядом греческий полис время александр вставать римский лагерь 
20510	 скажем быть богатый предприятие который покупать свой сотрудник полис добровольный медицинский страхование 
0	 это называться город полис человеческий общежитие 
0	 сугубо научный политологический литература переводчик отчаяние уже писать нация государство такой смысловой уродец постоянно встречаться например журнал полис политический исследование 
20510	 далее страховой компания аско собственный инициатива преподносить титов страховой полис рубль 
20510	 сказать какой номер страховой полис 
20510	 сказать какой номер страховой полис нет страховой 
20510	 если нет полис даже время 
0	 неправда невозмутимо заявлять таня так они сказать мочь про полис весь верно быть 
0	 про полис весь верно быть 
20510	 быть полис быть медицинский помощь нет 
20510	 прошлый неделя гознак уже начинать печатать полис обязательный страхование 
20510	 кроме неясно что делать миллион автовладелец приобретать полис добровольный страхование гражданский ответственность 
20510	 хотя страховой круг поговаривать необходимость конвертация полис обязательный страхование разработка механизм такой 
20510	 курс что сейчас гознак выстраиваться целый очередь страховой компания бланк полис 
20510	 самый дело сейчас выгодно иметь один добровольный полис 
20510	 россия человек хитрый большинство наверняка быть иметь добровольный полис скажем сто рубль 
0	 ополчение греческий полис перерождаться солдат жалование 
20510	 уже триста англичанин решать всякий случай получать страховой полис небесный напасть 
20510	 водительский удостоверение номер страховой полис быть возможность получать весь исчерпывающий 
20510	 январь страховой полис быть необходимый только для регистрация 
20510	 страховой полис для санкт-петербург среднее стоять 
20510	 сегодня тысяча петербуржец иметь полис красный крест тысяча застраховывать 
20510	 профессиональный ответственность риэлтер застраховывать оао ресо гарантия страховой полис 
20510	 договор полис добровольный медицинский страхование 
20510	 тот-то все дело работа личный подворье никогда засчитываться трудовой стаж владелец начисляться пенсия они быть охватывать социальный страхование иметь даже элементарный медицинский полис 
20510	 комплексный программа страхование выгодно отличаться индивидуальный покупка полис весь спектр требовать страховой 
20510	 первый месяц действие обязательный страхование гражданский ответственность автовладелец быть продавать полис млрд руб 
20510	 оператор телефонный служба мочь отвечать любой вопрос этот вид страхование рассчитать стоимость полис подыскивать близкий пункт продажа 
20510	 заключать сейчас договор без указание ваш родственник после получение они право обращаться компания для внесение изменение полис 
20510	 замена полис производиться бесплатно если водительский 
20510	 этот случай мочь допускать управление вообще любой лицо иметь водительский право полис обходиться дорого 
20510	 если приобретать другой автомобиль мочь распространять действие ваш полис новый машина страховщик вносить 
20510	 также мочь продавать автомобиль вместе полис оформлять при это необходимый документ 
20510	 можно получать полис сейчас срок его действие 
20510	 сегодня покупать годовой полис срок страхование который начинаться 
20510	 как рассчитать размер стоимость полис осаго обращаться специалист 
20510	 полис ингосстрах позволять осуществлять страхование строительный 
20510	 поскольку подрядный компания иметь наш страховой полис возмещение владелец выплачивать ингосстрах 
20510	 вероятно подрядчик который собираться оформлять страховой полис мочь возникать вопрос насколько надежный 
20510	 помимо гарантия возмещение ущерб наличие страховой полис подрядчик мочь усиливать 
20510	 например москва еще год застройщик необходимо число прочий документ предоставлять копия страховой полис для получение разрешение строительство 
20510	 первый самый крупный взнос размер делать сам миан момент выдача страховой полис 
20510	 страховой полис это дополнительный гарантия клиент напрямую 
20510	 если иск быть предъявлять течение срок действие договор решение вынести после что весьма вероятный гражданский кодекс страховщик отвечать быть если иной предусматривать полис быть три стандартный срок для 
20510	 быть три стандартный срок для полис страхование риск утрата право собственность 
20510	 если застраховывать программа осаго заполнять извещение дтп сообщать другой участник дтп сведение ваш договор обязательный страхование номер полис название страховой компания адрес 
20510	 какой срок весь владелец автомобиль обязанный приобретать полис осаго 
20510	 после этот дата без полис нельзя проходить перерегистрировать 
20510	 затем поставлять автомобиль учет течение три день встречаться агент страховщик который вписывать номер автомобиль полис 
20510	 медицинский полис сейчас входить число обязательный 
20510	 прослеживать чтобы срок действие полис включать день начало день 
20510	 иск договор страхование мочь быть подавать место постоянный проживание нахождение держатель страховой полис или нахождение страховщик исключение 
20510	 среда сентябрь проспект солидарность должный открываться водолечебный корпус александровский больница воспользоваться услуга который направление врач смочь обладатель страховой медицинский полис 
20510	 январь квитанция оплата транспортный налог предъявлять надо после июль потребоваться иметь при себя полис обязательный страхование 
20510	 инк недвижимость выдавать свой клиент гарантийный полис 
20510	 обозреватель рынок тут сделать вывод конец дешевый страхование россия прогнозировать резкий рост цена весь страховой услуга тот число полис для физический лицо 
20510	 чтобы оставаться без медицинский помощь дачник достаточно иметь записной книжка номер телефон платный скорый надежно заранее купить полис добровольный медицинский страхование 
20510	 главный преимущество полис что страховой 
0	 говорить уже что ислам происхождение становиться городской религия впоследствии создавать именно городской торговый ремесленный цивилизация изначально развиваться условие город полис который зачаток представлять себя 
20510	 марицкий возмущенно цокнуть язык покрутить голова это при наличие страховой полис многий услуга 
20510	 страховой полис обязательно всегда носить 
20510	 для покупка страховой полис приходиться приносить множество справка 
20510	 мало кто знать что москва медицинский полис выдаваться место жительство 
20510	 самарский отделение страховой компания аско собственный инициатива преподносить титов страховой полис руб 
20510	 через год без полис нельзя быть даже проходить техосмотр 
20510	 этот время невозможный быть поставлять машина учет проходить техосмотр иметь рука страховой полис 
20510	 июль год весь российский автолюбитель должный быть обзаводиться страховой полис 
20510	 согласно принимать документ июль год автовладелец должный быть обзаводиться полис обязательный страхование автогражданский ответственность 
20510	 хотя страховой компания выписывать полис выезжать рубеж регистрировать 
20510	 кроме базовый полис включать договор аренда мочь 
20510	 обращать внимание быть полис пункт страхование жизнь водитель 
20510	 сожаление среди прокатный страховой компания существовать общепринятый термин условие отношение дополнительный полис 
20510	 оказываться что обширный страховой полис быть оговорка запрещаться ставить елка 
20510	 понятно что закон страховой полис обязательный страхование водитель должный быть 
20510	 профессиональный объединение страховщик устанавливаться правило обязательный для профессиональный объединение его член содержать требование отношение порядок условие рассмотрение член профессиональный объединение требование потерпеть страховой выплата договор обязательный страхование заключенный другой член профессиональный объединение осуществление указанный страховой выплата январь год порядок условие осуществление профессиональный объединение компенсационный выплата потерпевший тот число очередность удовлетворение указанный требование случай недостаточность средство данный профессиональный объединение порядок распределение между его член ответственность обязательство профессиональный объединение связывать осуществление компенсационный выплата порядок финансирование компенсационный выплата член профессиональный объединение мера контроль над целевой использование соответствующий средство порядок ведение профессиональный объединение учет операция средство предназначенный цель компенсационный выплата защита связывать обязательный страхование право страхователь потерпеть тот число порядок рассмотрение они жалоба действие член профессиональный объединение процедура проведение проверка деятельность член профессиональный объединение обязательный страхование соблюдение они установленный правило тот число создание контрольный орган порядок ознакомление результат проверка другой член профессиональный объединение также требование обеспечение открытость информация для проведение такой проверка так далее средство пос осуществление возлагать функция быть формироваться сам член объединение как форма внесение ежегодный взнос так форма перечисление резервный средство резерв для финансовый обеспечение компенсационный выплата производить потерпевший счет выполнение обязательство страховщик при применение они процедура банкротство резерв гарантия резерв для обеспечение выплата производить при невозможность устанавливать виновный или при отсутствие страховой полис размер отчисление страховщик средство 
20510	 недавно страховой компания росно начинать продавать через интернет полис страхование мобильный радиотелефон 
20510	 переносной компьютер считаться застраховывать этот риск только время нахождение адрес указывать страховой полис 
20510	 время нахождение вне адрес помещение указывать страховой полис переносной компьютер считаться застраховывать только 
20510	 информация как это часто случаться слух удивительный образ трансформироваться через три месяц неожиданно узнавать что якобы выезжать куда-то граница туда пускать причина отсутствие страховой полис лихо правда 
20510	 весь тот время пока морозов тут работать предоставлять один документ паспорт трудовой книжка карточка пенсионный страхование даже медицинский полис 
20510	 перспектива при дальнейший поступательный движение россия военно-политический экономический интеграция запад роль ядерный баланс больший степень быть сводиться страховой полис чем системообразующий принцип 
20510	 обязательный страховка нынешний мир требовать все кто лень пусть лидер яблоко какой-нибудь западный посольство сходить попробовать получать виза смело отвергать требование предъявлять страховой полис 
20510	 чтобы получать действительно качественный страховой защита хорошо приобретать полис включая зеленый карта 
20510	 история наводнение показывать что уровень покрытие страховой полис имущество целое европа 
20510	 дальнейший вопрос отпадать кроме один полис себя 
0	 быть общий тема полис этот приносить 
0	 пойти сразу записывать теперь полис важный диагноз они подходить 
20510	 еще момент гражданский кодекс разрешать выписывать доверенность хоть сотня человек этот закон позволять вносить полис ограниченный число лицо 
20510	 затем состав акционер вместо алтайский брок появляться елена рыбаков заместитель генеральный директор экономика страховой компания энергополис вместо сак энергополис ооо эстейт полис который принадлежать 
20510	 страховой калькулятор который позволять рассчитать стоимость полис гражданка каско исходить 
20510	 страховой компания обычно указывать полис какой именно аварийный комиссар 
20510	 если приобретение полис данный страхователь являться обязательный 
20510	 январь год россия становиться член международный соглашение грин-карта признание полис страхование гражданский ответственность при поездка 
20510	 именно этот организация претендовать чтобы становиться компенсационный орган создание который предусматривать закон обязательный страхование для чтобы гарантировать обманывать вкладчик выплата полис даже случай неплатежеспособность они 
20510	 новый закон планироваться вводить действие начало год июль будущий год взимать штраф размер пять восемь мрот отсутствие полис 
20510	 поэтому каждый новоиспеченный владелец вместе ключ вручать страховой полис автокаско автогражданский ответственность третий 
20510	 течение действие полис страховой компания возмещать любой ущерб 
20510	 декабрь покупатель автоматически получать страховой полис автокаско 
20510	 добавка автомобиль покупатель получать также право устанавливать противоугонный система цезарь сателлит льготный цена становиться обладатель бесплатный полис автокаско который действовать течение 
20510	 так только полис автокаско действие который распространяться 
20510	 первый это золотой дисконтный карта второй страховой полис автогражданский ответственность третий комплект зимний 
20510	 место нахождение почтовый адрес страховщик также весь его представитель субъект российский федерация средство связь они сведение время работа должный быть указывать страховой полис 
20510	 при заключение договор обязательный страхование страховщик вручать страхователь страховой полис специальный знак государственный образец 
20510	 документ удостоверять осуществление обязательный страхование являться страховой полис 
20510	 правительство российский федерация устанавливаться форма страховой полис обязательный страхование форма специальный знак 
20510	 при осуществление обязательный страхование учет ограниченный использование транспортный средство страховой полис указываться водитель допускать управление 
20510	 период действие договор обязательный страхование учитывать ограниченный использование транспортный средство страхователь обязывать незамедлительно письменный форма сообщать страховщик передача управление транспортный средство водитель указывать страховой полис качество допускать управление 
20510	 при получение такой сообщение страховщик вносить соответствующий изменение страховой полис 
20510	 водитель транспортный средство обязывать иметь при себя страховой полис обязательный страхование передавать 
20510	 хулиган встречать свой улица какой время сутки врач быть морщиться разглядывать твой страховой полис ребенок твой быть 
20510	 приготавливать следующий документ медицинский карта здоровье плюс психологический карта детский сад или детский поликлиника свидетельство рождение копия медицинский полис ребенок паспорт один родитель 
20510	 большой комната сидеть гришина жена вера перебирать бумага полис 
20510	 следовать еще раз отмечать что список погибший при теракт еще нет страховой выплата такой полис весьма значительный 
20510	 частично страховой компания компенсировать свой убыток счет перестраховщик однако всякий полис этот механизм задействовать 
20510	 как правило весь крупный сделка страхование также общий сумма риск отдельный вид полис перестраховываться специальный компания 
20510	 канун губернаторский выборы избиратель предлагаться приобретать полис который случай избрание 
20510	 петербург город маленький этот она еще раз убеждаться когда заговаривать страховой компания наш двадцать первый век увидеть стол женька прогрессивный страховой полис шапка означенный фирма 
20510	 далее опять схема страховой сумма страховой премия срок действие полис 
20510	 лизавета покопаться микрофонный папка скопировать текст весь репортаж политико медицинский страхование детектив вокруг полис получаться первоклассный вооруженный человек 
0	 экспертный оценка свидетельствовать что полис юридически ничтожный так как печать 
20510	 вот через месяц после выборы такой подарок судьба политический полис оплачивать знаменитый банк давно 
20510	 далеко похожий исповедь разговор один одиннадцать сотрудница который выбирать занест компьютер весь необходимый сведение учтная справка медицинский страховой полис 
20510	 справка медицинский полис жизнь становиться чтобы 
20510	 это бедолага бесценный книжечка растолковывать где оказывать медицинский помощь где получать медицинский полис пособие ребенок родитель который 
0	 обеспечение одновременно состязательность массовость требовать привлечение как минимум два процедура голосование жребий политический жизнь тот или иной полис характеризоваться преобладание один этот 
20510	 еще пытаться научать телок выстукивать мелодия зуб потом начинать расспрашивать месячный заработок сокрушаться что девочка работать без медицинский полис затем попытаться садиться руль 
20510	 предупреждать родные что быть скоро потом взять медицинский полис хотя положение медстраховка нужно 
20510	 медицинский обслуживание находиться очень низкий уровень тот время основной весь услуга платный зачем тогда издеваться над человек выдавать медицинский полис 
20510	 например чтобы германия пойти утка пострелять надо купить полис страхование ответственность случай если 
20510	 более если подозревать жена который указывать полис 
0	 она сам подсчитывать бумажка столбик весь плюс так загораться тут оформлять полис что быть очень разочаровывать отсрочка 
0	 для полис требоваться согласие подпись самый 
20510	 вот беспокоиться действительный сейчас тот полис который выписывать старый фамилия 
0	 расселение греков акватория средиземноморье являться неизбежный результат противоречивость развитие один тип гражданский община полис экономически базироваться земледелие 
20510	 только гражданин полис иметь право участок земля 
0	 один развиваться как независимый городской община полис свой сельскохозяйственный территория хора 
0	 воевать они удовольствие воевать хлеб кормить давать чужой земля тысчонка другой оргия это они мера такой развратный название быть захапывать как мириться искать ветер полис 
20510	 действительно программа выгодно отличаться предыдущий преимущество перед услуга другой страховщик можно убеждаться сравнивать предложение полис миниатюра это пластиковый страховой 
20510	 тот кто хоть раз сталкиваться проблема касаться здоровье время продолжительный пребывание предел постоянный место жительство знать как важно всегда иметь при себя страховой полис 
20510	 так вот страховой карточка это уменьшать пластиковый форма привычный бумажный полис 
0	 империя римский карла великий чингисхан как новый время такой для свой время закономерный продукт движитель история как царство королевство полис сегодня демократия 
20510	 сейчас разбирать его бумага находить страховой полис случай смерть пожар 
20510	 российский страховщик например всерьез рассматривать возможность реализация через сеть страховой полис 
20510	 более что тот пора как страховой компания становиться вносить свой полис граф моральный ущерб ошибочный 
20510	 должность юджин кубок кремль для западный игрок как страховой полис значит все надежно значить 
0	 демократия национализм единство или противоречие полис 
0	 грунт кертман павлов патрушев хлопин российский повседневность политический культура проблема обновление полис 
20510	 однако они сидеть уголовник они допрашивать большой моральный давление угрожать сгнаивать подвал обвинять преступление вывозить фальшивый доллар выдавать полис боевик сестра уничтожать выдавать связь 
0	 корень значение мать по-гречески метр поздний произношение митра город по-гречески полис отсюда политика отсюда неаполь севастополь 
0	 потому что полис по-гречески женский род написание 
0	 город проживать народ какой европейский точка зрение цивилис полис относить трудно 
20510	 здесь принимать весь россиянин житель снг без предъявление паспорт страховой полис 
0	 пойти другой путем полис никакой спецотдел русский 
20510	 скорый приезжать человек его страховой полис 
20510	 слишком хорошо знать сколько оговорка дополнительный условие включать страховой полис 
20510	 страховой компания евро полис предлагать взрослый ребенок лечение 
20510	 программа предусматривать автоматический бесплатный предоставление ребенок два страховой полис 
20510	 договор банк сбс-агро компания страховать жизнь здоровье ребенок страховой сумма тысяча доллар сао союзник оформлять страховой полис случай утеря или кража 
20510	 страховой полис компания союзник оформляться 
20510	 бумажный страховой полис быть близкий время заменять 
20510	 более программа предусматривать автоматический бесплатный предоставление ребенок два страховой полис 
20510	 договор банк сбс-агро компания страховать жизнь здоровье ребенок страховой сумма доллар союзник оформлять страховой полис случай утеря или кража 
20510	 начало год фолегбейд помощь копия фальшивый документ застраховывать жизнь два вымышленный лицо крупный сумма получать десять полис 
20510	 среди они московский компания адам инвестстрах кремник кредитинрезерв колос московский медиум медстрах доверие моссо никэ медсервис народный компания пари прогресс мед российский страховой полис страж уссури шалго три санкт-петербургский 
0	 например ряд другой вводить полис примерно следующий содержание данный программа 
20510	 бедняга рекламный цель застраховывать проигрыш вместо приз это быть семейный поездка кения получать пятьдесят миллион рубль спешить радоваться вид страховой полис 
20510	 при заключение такой договор страхователь выдаваться страховой полис предъявитель 
20510	 при осуществление страхователь или выгодоприобретатель правый такой договор необходимый представление этот полис страховщик 
20510	 договор страхование мочь быть заключать путем составление один документ пункт статья либо вручение страховщик страхователь основание его письменный или устный заявление страховой полис свидетельство сертификат квитанция подписывать страховщик 
20510	 страховщик при заключение договор страхование вправе применять разрабатывать они или объединение страховщик стандартный форма договор страховой полис отдельный вид страхование 
20510	 статья страхование генеральный полис систематический страхование разный партия 
20510	 сходный условие течение определенный срок мочь соглашение страхователь страховщик осуществляться основание один договор страхование генеральный полис 
20510	 страхователь обязывать отношение каждый партия имущество подпадать под действие генеральный полис сообщать страховщик обусловливать такой 
20510	 требование страхователь страховщик обязывать выдавать страховой полис отдельный партия имущество подпадать 
20510	 случай несоответствие содержание страховой полис генеральный 
20510	 условие содержаться правило страхование включать текст договор страхование страховой полис обязательный для страхователь выгодоприобретатель если 
20510	 если последовать пример счастливый обладатель страховой полис гайко ожидать такой 
0	 быть все совсем ясно так быть самый дело что консервация афинский полис должный быть рождаться сократовский 
20510	 страхование предлагать страховой полис предусматривать страхование жизнь здоровье 
20510	 много человек становиться обладатель страховой полис росток наш постоянный 
20510	 ваш сила упрочивать этот связь получать страховой полис для родственник друз можно 
20510	 росток крупный число фирма занимать страхование жизнь здоровье гражданин территория снг каждый минута оформлять очередной полис 
20510	 профессиональный ответственность риэлтер застраховывать оао ресо гарантия страховой полис 
0	 должный раб рабовладелец объединять уже потому что полис входить раб 
0	 древность рим быть полис полудеревенский город община проходить 
0	 так называть грек право гостеприимство защита интерес иностранец территория свой полис нечто вроде современный виза 
20510	 старый полис держаться личный достоинство телесный мужество 
0	 стираться последний след античный полис его общительность 
20510	 помнить остап бендер полный гарантия мочь обеспечивать только страховой полис данный случай шанс 
20510	 бумажка страховой полис относиться презрение чуть 
0	 много два век полисный структура еще сохранять свой значение повседневный жизнь город цезаризм надстраиваться над этот структура христианство вести существование под она подполье император считать нужный именоваться друг полис лишь кризис класть 
20510	 даже если удаваться продавать какой-то страховой полис быть мало деньги 
20510	 кроме где ездить мимо мелькать виллис милитер полис радиоустановка немой 
0	 полагать что мой догадка быть правильный ибо едва выскочить переулок как соседний улица вслед выскочить машина милитер полис поехать 
20510	 только когда уже доезжать железнодорожный путь свертывать рельс который виднеться наш вагон мой шофер лейтенант кивнуть друг друг сказать окей помахать рука машина милитер полис развертываться поехать обратно 
0	 так как мир надо говорить полис 
0	 сам этот идея знаменовать кризис античный мир отражать образование вселенский империя кой личность оказываться выталкивать устаиваться полис форма быт противопоставлять безличный 
20510	 несколько день назад они встречаться обсуждать сложный дело страховой полис морозов оставлять они 
0	 херсонес как полноправный полис проживать век семь прежде чем 
0	 насколько знать это единственный союз памятник такой посвящение город выступать как единый лицо как полис 
20510	 джимми быть один тот кто садиться испытывать машина пока показывать страховой полис польза семья 
20510	 если стукнуть первый вылет администрация зажимать полис 
20510	 так ничто придумывать решать сначала сходить бюро легион получать страховой полис джимми 
20510	 поверенный разъяснять что мистер джонатан хилл нарушать договор полис мочь быть выдавать 
20510	 картина который старушкин слово третьяковка давать большой деньги какой-то страховой полис который следовать парижский 
0	 политический социальный мысль значение наука ученый руководство полис ясно проявляться эллинский мысль 
20510	 сплошь стих написать карион истомин также книга полис который находить характеристика двенадцать 
0	 как букварь истомин полис снабжать быть иллюстрация 
0	 так поступать оба свой букварь книга полис 
20510	 итак предпримчивый самоубйц застраховывать двойник видеть когда держатель полис кончать себя тот страховой общество 
20510	 первоклассный продукт представлень росписок покупка русский дореволюцонные бумага полис длать сбереженя покупать гарантировать французский 
20510	 полный спокойствие мочь давать человек только страховой полис отвечать остап замедлять ход 
20510	 никита пряхин приносить домой страховой полис сиреневый каемка долго 
20510	 чистый агент страхование огонь полный спокойствие мочь давать только полис шапиро скобелев 
20510	 предупреждать что ночь август как раз момент истечень срок страховой полис предполагаться поджигать многочисленный амбар 
20510	 его предупреждать что ночь август быть как раз момент истечение срок страховой полис предполагаться поджог его многочисленный амбар 
20510	 страховой старичок гешка рабинович как только рождаться потребовать бланк для полис мыло ралл 
20510	 запрашивать весь страховой общество результат выясняться что жизнь андрей гилевич быть застраховывать рубль страховой общество нью-йорк оказываться что мать гилевич предъявлять уже полис для получение страховой премия 
20510	 этот время елена дмитриевна пускать обращение тридцать серебреников весьма пригождаться иметь уже подновлять шелковый платье для катастрофа страховой полис восемь тысяча десять 
20510	 вернуться чувство после недолгий обморок таисия тщательно страх обыскивать весь ящичек шкапчик коробочка новенький наперсток употребляться нитка никакой иной документ кроме полис восемь тысяча оказываться 
0	 албания близ полис происходить столкновение между сторонник эссад 
20510	 самый дорогой страховой полис свет день подписывать 
20510	 страховой общество выдавать полис который радостный восторженный 
0	 через три день убеждаться что полис этот весь мой жизнь 
20510	 страховой полис предъявлять городской управа 
20510	 случай рождение сверхкомплектный ребенок компания платить определенный сумма страховой полис 
20510	 некто трапиани представлять доктор для освидетельствование совершенно здоровый лицо фамилия общество сообщать иной принадлежащий больной лицо имя который выдаваться страховой полис 
20510	 платить оброк давать свой страховой полис обеспечение долг быть 
0	 половина они быть ждать должный быть платить все тысяча двести рубль год жена содержание она четыре ребенок что должно сознаваться вовсе дорого только соблюдать весь форма застрахование свой жизнь полис который быть служить обеспечение 
0	 свой время ориген утверждать что христианин мочь участвовать общий гражданский жизнь потому что они иметь свой собственный отдельный полис свой иной понятие отечество ориген 
20510	 дом престарелый они принимать без документ больница без полис как сказать представитель лечебный отрасль 
20510	 подмачивать полис владелец квартира стоить опасаться сосед 
20510	 это означать что приезжать вызов медик первый дело потребовать пациент полис омс 
20510	 если человек необходимый скорый помощь она быть оказывать независимо наличие или отсутствие полис омс 
0	 бригада крайний мера год даже быть спрашивать полис пациент как какой-либо 
20510	 если полис без ограничение допускать управление 
20510	 так что если техосмотр нужно проходить только июнь полис осаго истекать скажем послезавтра немедленно 
20510	 надин еще раз отказывать помощь хоть ребенок полис спб быть 
20510	 сергей алейников доктор извинять быть время идти после встреча ротвейлер домой полис действительно переживать 
0	 сергей алейников становиться интересно что сказать доктор если сказать что если нет деньги что отвечать что тип тогда приходиться идти домой полис счастие быть 
20510	 быть полис осаго защищать интерес автовладелец 
20510	 безусловно лимит выплата жизнь здоровье должный быть гораздо высокий чем тысяча рубль закладывать полис осаго 
20510	 памятовать что спасение утопающий дело рука сам утопающий владелец дорогой авто приобретать еще полис каско 
20510	 никогда обращать внимание какой шрифт писаться правило тот самый который являться неотъемлемый составлять полис 
20510	 рано этот работа зачастую приезжать обладатель полис каско 
20510	 особенно упасть спрос полис объем 
0	 запрос составляться помощь собес прежде нужно устанавливать личность место прописка черт знать что там полис 
20510	 находить тумбочка зелененький карточка полис прихватывать деньги вдруг что 
0	 уже создавать студенческий телевидение издаваться собственный ежемесячный газета академия ребята мочь проявлять себя различный секция изучать политика изнутри участвовать ролевой игра тренинг клуб полис учиться управлять становиться член клуб 
20510	 подвинец постимперский адаптация консервативный сознание благоприятствовать фактор полис 
0	 как смочь артем бросать весь уходить никто предупреждать ведь хантер сам бояться предупреждать кто-либо еще опасаться червивый мозги как смочь добираться полис легендарный 
20510	 из-за что решение приходиться принимать срочно артем совершенно оказываться время обдумывать свой путь полис вднх где мочь 
20510	 когда тоннель населять только греметь мчаться поезд расстояние разделять вднх полис можно быть одолевать быстро 
20510	 прошлый год группа оформлять выдавать структурный подразделение предприятие более тысяча полис жва 
20510	 испортить полис ирина романчев рынок автострахование сегодня 
20510	 прямо салон оформлять полис месяц заверять что 
20510	 прибывать туда перед как проходить регистрация должный оформлять страховка уже год месячный полис орган гибдд увы 
20510	 впрочем необходимо называть еще один причина кризис который закладывать основание общиныполис 
0	 чем сильно деформироваться идеальный образ гражданин сильный полис раскрываться вовне больший 
20510	 соответственно чем сильно раскрываться полис больший степень это 
20510	 экспансия общинполис разный время неодинаковый 
0	 первоначально это экспансия социальный политический порядок который предполагать кризис полис 
20510	 например человек вписывать полис автогражданка сидеть руль 
20510	 что владелец сидеть рядом весь документ включая полис осаго порядок роль 
20510	 под ограниченный использование пониматься управление транспортный средство только водитель указанный страхователь полис или его сезонный временный 
20510	 рядовой автовладелец просто успевать толком объяснять что делать полис после его покупка возить 
20510	 так что все-таки делать если владелец полис осаго попадать дтп 
20510	 оставаться неизменный ряд коэффициент для расчет стоимость полис автогражданка 
20510	 подобный полис мочь стоить тыс 
20510	 часто все этот программа подразумевать комплексный подход полис обычно называться доверенный врач или 
20510	 астрамед готовить новый полис кардиохирургия литотрипсия 
20510	 ведь человек античность если брать расчет экзотичный китаец мочь прочитывать весь книга который существовать свет скажем исключение долговой расписка соседний полис 
20510	 свобода означать буквально нерабство однако раб получать возможность принимать участие гражданский жизнь полис 
20510	 понятие внутренний свобода поиск внутренний полис акрополис который заниматься стоик 
20510	 обязательный полис гарантировать компенсация ремонт один 
20510	 можно купить полис без какой-то этот составлять 
20510	 большинство гражданин желать купить полис понимать что самостоятельно рейтинговать 
20510	 ленинида выходить коридор где полис кристинка спрашивать 
20510	 мозг закопошиться какой-то воспоминание что-то связывать сгорать квартира страхов полис быстренько прогнать посторонний 
0	 федерализм глобализация полис политический исследование 
20510	 случай масштабный стихийный бедствие сам бюджет это квазистраховой полис 
20510	 так например городской администрация иркутск один время при заключение договор страховщик указывать цифра неработающий население меньший чем фактический число выдавать полис 
20510	 приобретать полис прежде все страховаться 
20510	 сам себя разуметься полис предоставлять лечебный учреждение 
20510	 например ингосстрах средний стоимость амбулаторно поликлинический полис составлять год 
20510	 такой образ обладатель полис может беспокоиться насчет 
20510	 появляться возможность отказываться полис омс воспользоваться добровольный медстрахование 
20510	 конфликт простой сутки госпитализация один человек полис обязательный медстрахование стоять рубль 
20510	 новый год полис неработающий гражданин приезжать другой 
20510	 начало год такой полис выдаваться вообще 
0	 просто надо приходить взять себя паспорт выдавать полис как неработающий 
0	 это быть постоянный полис обладать тот право что 
0	 быть бесплатный обследование лечение можно быть проходить как дубненский медицинский учреждение так московский принимать полис подмосковный гражданин отвечать александр афанасьевич 
20510	 приобретать полис может любой владелец автомобиль 
20510	 стоимость полис для частный лицо зависеть прежде 
20510	 место регистрация собственник указывать все водитель полис или автомобиль мочь управлять абсолютно 
0	 известно также что большевик причастный быть даже изготовление фальшивый деньги что там какой-то полис 
20510	 аристотель политика описывать природный условие наиболее благоприятный для основание полис 
0	 пространственный ареал этот эра четко отражать политический характер они достаточно жестко привязывать соответствующий государственный образование быть полис царство или империя 
0	 эра олимпиада строго говорить иметь официальный государственный статус греческий полис необычайно широко применяться 
20510	 этот связь как отмечаться многий эксперт динамичный рост данный вид страхование обусловливать прежде все развитие инструмент минимизация налоговый выплата основа использование полис страхование жизнь для реализация так 
20510	 полис основывать македонец хранить наследие эллада 
20510	 быть предложение полностью освобождать работодатель уплата этот часть налог если предлагать работник полис 
20510	 мочь понимать живой или умирать они сказать полис 
0	 все знать что добровольный полис который они быть 
20510	 уже из-за право получение первый партия полис страховщик начинать друг друг 
20510	 они говорить что перевести полис добровольщик обязательный если человек 
20510	 оргкомитет конференция выражать искренний благодарность весь компания вносить свой вклад подготовка проведение форум генеральный партнер финансовый партнер конференция аба оргрэсбанк спонсор информационный спонсор журнал русский полис босс банковский технология издательский 
20510	 следующий год отсутствие полис быть караться штраф 
20510	 во-вторых технический план она просто позволять выдавать единый комплексный полис вместо множество разрозненный 
20510	 допускать виновник дтп быть полис осаго пострадавший нет 
20510	 полис должный быть три обязательный составлять 
20510	 штраф отсутствие полис предусматривать январь 
20510	 сначала приобретать полис граф государственный регистрационный знак 
20510	 например инк недвижимость гарантийный полис выдаваться если результат 
20510	 цена полис быть высокий для человек 
20510	 мошенник который быть продавать полис метро его мнение 
20510	 старый площадь полис подумать помощник сталин 
20510	 чтобы покрывать весь стандартный риск автогражданский ответственность ущерб угон приходиться покупать дополнительный полис они бывать различный вид 
20510	 наличие подобный полис являться один условие получение 
20510	 избирать быть избранный властный структура мочь только лично свободный взрослый старый год мужчина коренной житель полис 
0	 мать тот время помирать родня знаться напоминать себя товарищ посчитать бессмысленный поэтому показываться так одиноко этот огромный угасать полис словно угождать чужой 
20510	 полис зеленый карта покрывать ущерб наносить 
20510	 вот паспорт захватить без полис теперь шаг 
20510	 существовать возможность перед поездка граница подстраховывать машина так чтобы полис действовать рубеж 
20510	 приходиться как прежде пользоваться полис иностранный компания который продавать отечественный 
20510	 впрочем членство россия этот соглашение вряд приводить существенный удешевление полис 
20510	 после июль туда быть уходить проц каждый полис формировать сам самый пресловутый 
20510	 пресс-конференция случай учреждение расовт обсуждаться вопрос грядущий тариф полис 
20510	 весь тот кто решать купить этот лето быть приятно удивлять что подарок они быть предоставлять фирменный сигнализация полис страхование гражданский ответственность лимит 
20510	 каждый покупатель останавливать свой выбор независимость дарить пожизненный полис автогражданский ответственность 
20510	 полис пал стоик учить умирать 
20510	 оставаться только успевать продавать месяц полмиллиона полис все 
20510	 спрашивать начальник когда лизавета бегло посмотреть оборотный сторона полис откладывать бумажка сторона 
0	 когда разражаться скандал выборный полис они становиться выяснять что 
0	 быть книга логический исторический неувязка царь басилей оказываться правитель полис жить микенский дворец 
20510	 это обусловливать большой резерв накоплять предыдущий год средний доходность конкретный полис уровень 
20510	 плата страх часть первый смирительный полис глава первый 
20510	 обычно оформлять она полис сам себя защищать лишь 
20510	 наследник полис кузнецова значиться родитель 
20510	 классический общество наблюдаться совпадение территория полис земля принадлежать гражданин 
20510	 известный случай когда общий собрание полис приниматься решение выселение часть 
0	 переселенец сохранять устойчивый связь метрополия основывать они новый полис быть полностью независимый организация 
0	 херсонес период свой расцвет подчинять небольшой независимый полис обширный сельский территория 
20510	 крупный полис причерноморье обычно окружать высокий курган 
0	 тогда быть серьезно укреплять другой соседний полис 
20510	 лечение подмосковный здравница обозрение кавказский гора приходиться оформлять еще один полис 
20510	 ильин устав судьба русский идея полис 
20510	 поэтому полис нужно быть воздержный 
20510	 вскоре действительно быть приобретать неплохой английский пиджак темно-серый джинсы кельвин кляйн черный туфля библос золотой ролекс перстень крупный рубин безымянный палец солнцезащитный очки полис 
20510	 продажа полис быть производиться через сеть отделение 
20510	 возвращение великобритания фолегбейд попытаться получать четыре полис фунт 
20510	 один полис тыс фунт вызывать 
20510	 если вмешиваться наш жизнь нечто сильно кейвинг полис восток говорить казахстанский 
20510	 рожать праздный гражданин рабовладельческий полис рожать больший часть 
20510	 затем фрида ведь раз напоминать что гюго хотеть чтобы после его смерть париж переименовывать гюго полис 
20510	 пять здоровенный молодец милитер полис военный полиция ехать 
20510	 они особенно часто становиться бывать альбер маша красавец патрикеев мягкий нежный князь путятина смешной близорукий бородач виноградов строгий малодоступный полис 
0	 что такой полис полюс это все знать 
20510	 составлять вместе проект беспосадочный перелет москва сан франциско через северный полис 
20510	 оказываться что французский общество страхование жизнь уплачивать она деньги полис прозоров имя 
20510	 защита животное трибунал сэмпль полис гора рец осуждать автомобилист 
20510	 спрятать полис под рубаха пряхин удаляться 
20510	 между истечение срок полис оставаться около год 
20510	 взять взаймы под полис страхование свой жизнь рубль 
20510	 несмотря постоянный избыток приход над расход год почти рубль быть круг долг под залог дом под залог полис под залог бумага 
20510	 настоящий время общество вести переговоры метерлинк желать получать полис весьма крупный сумма 
0	 исполнять это лишаться свой членский взнос страховой полис так как клуб страховать жизнь 
0	 такой образ процесс колонизация умножать число полис усложнять связь между они 
20510	 его создание внедрение значительный роль принадлежать рижский институт органический химия гиллер полис лидак рижский институт 
20510	 дело что немецкий инженер скоро все продумывать ситуация когда нечаянно резко нажимать педаль газ если она сразу отдергивать тот самый запаздывать доля секунда оказываться для гораздо спасительный полис автострахование 
20510	 хотя почти весь больной рука полис 
20510	 политэкономия экономика полис народный хозяйство хрематистика заниматься хозяйство 
20510	 она быть свой запасной ключ который она клятвенный обещать пользоваться без крайний необходимость сей пора слово держать смиренно звонить при посещение она можно объяснять где искать этот полис 
0	 сказываться телевизионный закалка экран выдавать весь значить надо уметь властвовать себя пятьсот тысяча полис это технически сложный 
20510	 карточка так как стандартный полис заключаться договор страхование 
0	 надо сказать что прежде годовой полис оформляться либо страна западный 
20510	 суд британский город саутуарк начинаться слушание дело летний джон фолегбейд обвиняемый покушение крупный мошенничество полис страхование жизнь 
0	 полюс это все знать именно полис 
20510	 если оно точность равный расстояние между два светлый линия наш полис светлый линия один полоса 
20510	 март счет избыток год уплачивать бывший дом долг петрова рубль так что конец год лишь оставаться долг под залог полис банка текущий 
20510	 для постройка дом царский год приходиться взять под залог полис рубль этот долг 
0	 прямо ветка тургеневский там переход чистый пруд как они называться старенький карта который разглядывать артем или кировский который вновь переименовывать овладевать она коммунист красный сокольнический линия прямо полис эпоха поезд лампа 
0	 журнал раз советовать заблаговременно обзаводиться полис давать понимать что это неотвратимый 
0	 что приходиться оформлять полис осаго быть готовый читать 
0	 этот смысл рецензировать номер политический поскольку мнение редакция рассматриваться проблема иметь непосредственный отношение жизнь полис обладать универсальный актуальность для 
0	 если повторять это дорогостоящий операция специальный анализ или другой услуга входить перечень омс они кстати гражданин дубненский полис платить так столько 
0	 достаточно вспомнить сакраментальный утверждение аристотель очевидно что полис принадлежать естественный образование 
0	 как быть если хотеть вписывать полис качество лицо допускать 
0	 полис ингосстрах являться комбинированный быть 
0	 полис становиться поступать вооружение мвд 
0	 именно этот время боспорский правитель замирять местный племенной знать привлекать дар товар богатый рынок крупный полис 
20510	 ведь помимо автосборочный надо налаживать выпуск многий комплектовать современный уровень полис рядом право сам слышать 
20510	 евро получать свой доля оптимизм паника мера выход американский европейский данные также заявление чиновник федеральный резерв посвящать рынок последний размышление полис мэйкер относительно дальнейший свой политика 
20510	 вероломный скиф учащать свой набег наш полис 
